date,usd_3m_yield,usd_sofr,AUDUSD=X_fwd_21d,EURUSD=X_fwd_21d,GBPUSD=X_fwd_21d,NZDUSD=X_fwd_21d,USDCAD=X_fwd_21d,USDCHF=X_fwd_21d,USDJPY=X_fwd_21d,USDNOK=X_fwd_21d,USDSEK=X_fwd_21d,usd_3m_yield_z252
2024-02-26,0.0547,0.053099999999999994,-0.004034539434263906,0.0016799395627198344,-0.0027424599284217033,-0.029948019655323788,0.005730204089593682,0.020675117528520026,0.005814030708796825,0.017218480439151085,0.024815939084586347,
2024-02-27,0.0545,0.053099999999999994,-9.415196016993033e-05,-0.001711522869742299,-0.004419871849090984,-0.025862640530830094,0.005903205547095558,0.026991712386819522,0.006402538111757394,0.024416359608634863,0.03012887899757022,
2024-02-28,0.0545,0.053099999999999994,-0.003346437328533791,-0.002898006845337475,-0.005122318718732255,-0.02881204402037285,0.004012787003468299,0.030382362993246703,0.005262682959472187,0.025902397362363105,0.032472534841619716,
2024-02-29,0.0545,0.053200000000000004,0.0033997782182739744,-0.004091172951757427,-0.0029040176417565178,-0.020075104330850913,-0.0030565515148732736,0.02544642436221145,0.005203885351660276,0.02361745326824871,0.03445823702730055,
2024-03-01,0.0542,0.053099999999999994,0.005324462958431253,-0.001133180918605814,0.0009351328976430207,-0.016301521389141982,-0.003816204267442558,0.019900497177136378,0.008681127044984693,0.02134422929369517,0.029796785622209665,
2024-03-04,0.0548,0.053099999999999994,-0.006124468371948799,-0.00972787565206612,-0.00907032403605268,-0.024803769347199855,0.0015717006622728569,0.024599820809547257,0.009833103273150456,0.04280925198948626,0.04804694407260013,
2024-03-05,0.0547,0.053099999999999994,0.001041584997072631,-0.007979484244249657,-0.009067894905066765,-0.02086301380041511,-0.0005673244814083933,0.025553504392105353,0.007137757657992072,0.024980261024654338,0.036132317113735546,
2024-03-06,0.0547,0.053099999999999994,0.010009133287156802,-0.001625731647872608,-0.004175137136698703,-0.012005426865333235,-0.004871177649213854,0.021854271174748696,0.010209982884212154,0.013169337402372694,0.025281138426374694,
2024-03-07,0.0547,0.053099999999999994,0.0032595885723685214,-0.005732787528562211,-0.007479266407925622,-0.016335319635522594,0.0023533617272948337,0.022004324293058986,0.013552782506463412,0.023902993061572175,0.03590922063488011,
2024-03-08,0.0546,0.053099999999999994,-0.007715393546014027,-0.010928027171085541,-0.01484741487621355,-0.028209036831699064,0.011306893482170732,0.02972294950777754,0.02584742015444319,0.03413712146043024,0.04207496119568788,
2024-03-11,0.0548,0.053099999999999994,-0.0029160258692021435,-0.007246054736930185,-0.015279043968285722,-0.023467700840130945,0.006399968598656658,0.03133864391640495,0.03453609067322194,0.02413842859755788,0.0337244870031328,
2024-03-12,0.0548,0.053099999999999994,0.0019641448068461465,-0.006591578822933597,-0.011089142092087667,-0.016668542155762855,0.007078524495420346,0.029330308789763837,0.03438240025090922,0.021463883904708547,0.03035477688850885,
2024-03-13,0.0548,0.053099999999999994,-0.015149380173900218,-0.01702564755975755,-0.020185608623974116,-0.028457168666699673,0.014370297715321056,0.04063182185087366,0.03620808365701533,0.031117429284880593,0.04781989229672545,
2024-03-14,0.0548,0.053099999999999994,-0.013125686533625558,-0.020853051379688292,-0.01932172819123945,-0.026567331396206595,0.01638166165339583,0.035804519185376416,0.03773852678539136,0.033588228542068554,0.0495188639067925,
2024-03-15,0.0548,0.053099999999999994,-0.0157303299532624,-0.02148031093809266,-0.02228183698775399,-0.02925828706148792,0.016273071224417013,0.03336085948458134,0.03362868408588904,0.028435556509556426,0.049339642842361586,
2024-03-18,0.0548,0.053099999999999994,-0.017608602728316325,-0.02359982241145142,-0.022305802122816742,-0.03025783805215354,0.01773209735347825,0.031700235696004775,0.035252202052568515,0.029050761512918744,0.04963845575465986,
2024-03-19,0.0548,0.053099999999999994,-0.022067015468289375,-0.023218535186507072,-0.02327091146370197,-0.03133417089194113,0.02098299487581845,0.028225016516177037,0.03723918467417775,0.03076919629954089,0.0495471388344122,
2024-03-20,0.0547,0.053099999999999994,-0.013267291865077802,-0.01784983367355064,-0.020884900149149788,-0.02248122680448128,0.014639192787035071,0.024602092354125027,0.021895530817125808,0.03427399727523417,0.04914153909691277,
2024-03-21,0.0548,0.053099999999999994,-0.02623596678010387,-0.026791546450564474,-0.02818365871078765,-0.030562380452824334,0.02207556130408772,0.029981361054916444,0.025537319207988185,0.04804108193373158,0.058642793021403516,
2024-03-22,0.0546,0.053099999999999994,-0.02254239931239943,-0.018790475427485243,-0.02259813814946421,-0.024161694674253775,0.015672404023170383,0.014819358442651254,0.01983080115361946,0.033023294258796465,0.04395729699552242,
2024-03-25,0.0546,0.053099999999999994,-0.009659974390090587,-0.014201820181091618,-0.019661570270417372,-0.011520801981470874,0.006538535038150606,0.01589753754507517,0.023185030462113287,0.02133293378603529,0.030126370993283302,
2024-03-26,0.0546,0.053200000000000004,-0.0076458135529196,-0.01235282698133966,-0.014607627184512917,-0.010781477616310098,0.005594621356967311,0.013263420505026824,0.022269507592500792,0.01781090025885179,0.02219099861793916,
2024-03-27,0.0545,0.0533,-0.006420437475024188,-0.012229992799477785,-0.01338163316357599,-0.011931259530889249,0.009071439461986186,0.011940453267062168,0.02460901429611506,0.021906949667088282,0.02788426277572187,
2024-03-28,0.0546,0.053399999999999996,0.00018396834245715254,-0.007746730955603964,-0.008531170552641631,-0.005690208302126076,0.005299574975806687,0.007752619197935351,0.028488881963177004,0.01462134549163041,0.022867031239396374,
2024-03-29,0.0546,0.053399999999999996,0.003777618265738303,-0.008115793821355077,-0.009170219220242415,-0.004517809663399985,0.00885782425436954,0.01400335744543102,0.04479659583111828,0.016123681545655133,0.0221001953809572,
2024-04-01,0.054400000000000004,0.0535,0.004423314944366874,-0.007136723036539672,-0.006129189639532906,-0.0025020333376776227,0.010708550266102623,0.009667384279268498,0.032470709842422174,0.013119374959494223,0.023503662413128845,
2024-04-02,0.0542,0.053399999999999996,-0.0015262433375569096,-0.006581302984301929,-0.0044090080976565416,-0.01224693703908386,0.014977457845710473,0.01593243924500909,0.04051303743140244,0.013867617254285758,0.019912421297386018,
2024-04-03,0.0542,0.053200000000000004,0.002686528052725512,-0.0043637353104883925,-0.0029843845391706036,-0.0065824309612597665,0.011699810872377592,0.009407189115241854,0.027477904509217055,0.01716654610205337,0.01594212783008131,
2024-04-04,0.0541,0.053200000000000004,0.00036539496455434417,-0.009713409703444698,-0.008790914111283188,-0.008450787691066108,0.01052951601759644,0.0076199593860066805,0.009658232746245998,0.02480739920485653,0.020139853846930844,
2024-04-05,0.054299999999999994,0.053200000000000004,0.0032451075926975825,-0.0072833134230505525,-0.007841850944662498,-0.0033522295278014536,0.010853154608143845,0.004913973236588154,0.015030449095029264,0.01242079623647463,0.01641634213983245,
2024-04-08,0.054299999999999994,0.053099999999999994,0.008173914289884898,-0.005814469273656919,-0.005187201736136182,0.0008353298361651884,0.004910293126167975,0.003908484031667436,0.016790803805915466,0.007359354131805107,0.014983678349296703,
2024-04-09,0.054299999999999994,0.053099999999999994,-0.0023918570195611277,-0.010417311343011715,-0.012426434200545344,-0.006162080344400911,0.011966870730635293,0.003834215823600662,0.019131594705875665,0.02294079813339489,0.029468138007263667,
2024-04-10,0.0545,0.053099999999999994,-0.007799544240519873,-0.010349266332346785,-0.01454219081165764,-0.010501372849176738,0.011368221431410808,0.005548239211469186,0.023995820991494998,0.02220646809189475,0.034445701705296594,
2024-04-11,0.0545,0.053099999999999994,0.017487976849894338,0.004044367184104836,-0.0009519542635989531,0.01030993658247703,-0.0006722125215825603,-0.007874780107334556,0.01585342289789904,-0.00016800173334841073,0.011153835650447919,
2024-04-12,0.0545,0.053099999999999994,0.009234854945423088,0.004060417843967823,-0.0025421334912058002,0.0028827920802227958,-0.0007233435910799502,-0.003714980476813623,0.017141833765937253,0.002707002439677808,0.011519801721717071,
2024-04-15,0.0545,0.053200000000000004,0.021167839206155392,0.013513545279566719,0.008027075464343225,0.013088872443393296,-0.006708836728591461,-0.006423984266153537,0.019245427455227615,-0.0052642240601493695,-0.001928782535632667,
2024-04-16,0.0545,0.053099999999999994,0.028486616136500942,0.01776839129300689,0.011075075917164057,0.02379852214351197,-0.009683533298105673,-0.005375141149109086,0.014863283793341786,-0.012004898797843833,-0.007534333293351736,
2024-04-17,0.0545,0.053099999999999994,0.04495136349969031,0.025264289453293065,0.020837015367929368,0.04048045125636168,-0.016050655406075753,-0.01318270101479957,-0.0026891127969534967,-0.029202444919748882,-0.02652572881382831,
2024-04-18,0.0546,0.053,0.03778655254329477,0.01859479293061339,0.017524114155139214,0.03571886144062697,-0.011414637178067677,-0.004843990533703213,0.006718861978355362,-0.02860416322146797,-0.021621046786763243,
2024-04-19,0.0545,0.053099999999999994,0.0429602136849947,0.02172922133410382,0.02161362914690934,0.03950191187137242,-0.011721717262053732,-0.0037276917972678403,0.007399244472328315,-0.034921542384299786,-0.024698741453554995,
2024-04-22,0.0542,0.053099999999999994,0.03829784273758752,0.01900648387821624,0.02707407512651039,0.03521931788243249,-0.008588725711834888,-0.0009473454796035119,0.011187246083595559,-0.029101918978466035,-0.022399052996205704,
2024-04-23,0.0545,0.053099999999999994,0.033200118306619286,0.018877135482245233,0.02923608293823743,0.02915083109987049,-0.0043939638097273415,-0.00080051114535451,0.00928864828636411,-0.028787207492174893,-0.01784606857655291,
2024-04-24,0.0546,0.053099999999999994,0.020077949253070493,0.011290661706009786,0.021498506784896065,0.027487059093301625,0.0020789151768050296,0.003949968461334885,0.012666025263223135,-0.01828524438983703,-0.006789760190265781,
2024-04-25,0.0547,0.053099999999999994,0.016082613863507955,0.010542454083571462,0.018825386003221922,0.027187875986036003,0.0020358534282958196,-0.00012026001976173095,0.011039646570917494,-0.02932612291154335,-0.013355287390518278,
2024-04-26,0.0546,0.053200000000000004,0.015453787803543229,0.010999424152892123,0.018148891757155505,0.027406844398579766,0.000585747202121123,0.002060217988189672,0.008181359499980667,-0.033487384365973205,-0.020328452471412906,
2024-04-29,0.0545,0.053200000000000004,0.01746097322865814,0.014478981461038432,0.020934010599216846,0.03439751756709719,-0.0019771463220094043,-0.0005340808072676895,-0.008715478127500176,-0.048885266526724314,-0.029196567950561247,
2024-04-30,0.0546,0.053399999999999996,0.013121216745511033,0.012707556873514658,0.01580761160587807,0.02831474858866434,-0.0015146811550375006,0.0017238957740730587,0.006064703577460584,-0.04302795643224655,-0.03213261937596479,
2024-05-01,0.0546,0.053200000000000004,0.020947559057856724,0.012681396100227671,0.01663945122834054,0.039811670351543205,-0.00435502858228165,-0.007275735323192922,-0.0007227806710395912,-0.047605123372562286,-0.031564306066913184,
2024-05-02,0.0546,0.053099999999999994,0.015064729334018256,0.010618756252156247,0.015238293704307182,0.03143268667322685,-0.0028929730281930244,-0.014241149163163436,0.008021683584345629,-0.04231100690023859,-0.02961024938769985,
2024-05-03,0.0545,0.053099999999999994,0.0130115452384576,0.011178589425438812,0.0161973334519665,0.030970438453546967,-0.0034610838291809776,-0.009288096079198005,0.027018161693016296,-0.043888619492805425,-0.03051029940170269,
2024-05-06,0.0545,0.053099999999999994,0.012256186669138858,0.013874235988444505,0.021456977966417767,0.030961785164702604,-0.004586834450373445,-0.012053765371500047,0.016344828017922364,-0.038277433830436025,-0.03818263603137595,
2024-05-07,0.0545,0.053099999999999994,0.00336368971593326,0.010620718211247437,0.016975424207642753,0.027489714628040396,0.0003876880867095256,-0.018473626769354712,0.005750847144402105,-0.025769148366881933,-0.035952480531099895,
2024-05-08,0.0545,0.053099999999999994,0.010409464883399888,0.01153793354435928,0.023465567648904173,0.033196605997576345,-0.003145680173586629,-0.017589826375094986,0.007631760975746804,-0.03223835420896026,-0.044124200608308795,
2024-05-09,0.0546,0.053099999999999994,0.014110243019760382,0.013726874791601062,0.024012972361880713,0.03211295194731534,-0.004298054486196912,-0.02012131910998516,0.001788712233224743,-0.03224167486929741,-0.0480201265330662,
2024-05-10,0.0547,0.053099999999999994,-0.0057822185840666895,-0.0005819449828218248,0.016268213527737885,0.01159565173428212,0.005936671207458444,-0.010763380974718406,0.009292710005347926,-0.011053273243917472,-0.026122240430601407,
2024-05-13,0.0545,0.053099999999999994,0.0012027462706514225,-0.0005704563385070527,0.016251509291064448,0.018244023281662303,0.006156314000254071,-0.010888623774774175,0.007842484024188856,-0.018950249343535508,-0.034059682773955546,
2024-05-14,0.054400000000000004,0.053099999999999994,-0.0007837163658814816,-0.004929934233305566,0.014218339596900886,0.02035564439518689,0.006527257532960684,-0.011146574383959496,0.0055813689106412046,-0.010948835552970548,-0.03266652044709395,
2024-05-15,0.0545,0.053099999999999994,0.005564816456499644,-0.0001297412318296276,0.01676302034443311,0.023751090473417058,0.005061208181510901,-0.013720112054363742,0.0019297495878856097,-0.02043206241452944,-0.03866158096882988,
2024-05-16,0.0545,0.053099999999999994,-0.01014203040919115,-0.013863773423429038,0.005127583201810504,0.00495952972796232,0.01059057565366972,-0.007328976106382279,0.018446794464458405,4.415374423305529e-05,-0.015881210864402084,
2024-05-17,0.0546,0.053099999999999994,-0.010514455871802664,-0.01523994890181235,0.0008763834600966636,0.0021579208356834467,0.008696536148138811,-0.016843432133836878,0.013946591733332125,-0.0012498475387648922,-0.0171587693105425,
2024-05-20,0.0545,0.053099999999999994,-0.011734295541535267,-0.012394703064010693,0.0007490406200676425,0.00021173937485996497,0.007745506973461769,-0.022449640076361077,0.012494055837799278,-0.0017662605084051153,-0.021697228482498887,
2024-05-21,0.0545,0.053099999999999994,-0.0016325834169724773,-0.010914171036242593,-0.00026681982468479415,0.005317684154113156,0.006989247358881068,-0.028501736820596646,0.009599073524004575,-0.011059143504592805,-0.022863502303908767,
2024-05-22,0.0545,0.053099999999999994,0.0012302497136031931,-0.009547355544605507,0.0008396297751305237,0.007484071589255237,0.004801913738944119,-0.02947890483823612,0.01092463661855314,-0.009499450222929084,-0.023439229629010905,
2024-05-23,0.0546,0.053099999999999994,0.006271684758873075,-0.010973984785548452,-0.004760395577917742,0.0037226947584743098,-0.00031411200657660565,-0.025694030930445422,0.014211539459614952,-0.015357071170659209,-0.0224333798442794,
2024-05-24,0.0546,0.053200000000000004,0.005076448750340745,-0.011553487274725827,-0.004335238131013108,0.002279469534065548,-0.002242927533916972,-0.022125485465627204,0.018397973517657595,-0.008242458679089681,-0.02063948354026246,
2024-05-27,0.0546,0.053200000000000004,0.004618364705669675,-0.010593148861138157,-0.004134760526931847,-0.00019580298111254724,-0.0005927316704164021,-0.023195489550087878,0.01795123101381324,-0.005335727343648289,-0.017682798909457675,
2024-05-28,0.0546,0.053200000000000004,-0.0016252511804742964,-0.014018919807300856,-0.006919201563675759,-0.0053971013105516,0.0023625986748594396,-0.019710913563215415,0.018113445732140798,0.01317179063276619,-0.009054353549192373,
2024-05-29,0.0546,0.0533,-0.0004837946716598207,-0.015827933223555246,-0.010703308624118613,-0.009837922856257064,0.004287026908313951,-0.017088812615128735,0.021359317125934973,0.016101551408296277,-5.481871370227598e-05,
2024-05-30,0.0546,0.0533,0.005579244385359727,-0.008641769438849534,-0.004114966331197567,-0.00472784036272933,-0.0012903838074909135,-0.015644194753864138,0.0195357768488289,0.006556896768560305,-0.004297422351065561,
2024-05-31,0.0546,0.053399999999999996,0.006591902047861309,-0.009243073333435325,-0.006425477320035289,-0.0028300114326965664,-0.0007746735080478295,-0.0034428840014604223,0.025192221092755318,0.010434713444879895,-0.0019778736142633813,
2024-06-03,0.0552,0.0535,-0.00034597521764478945,-0.010683423185655627,-0.007688716340584878,-0.013627590089860808,0.008730553945205388,0.002041445240066553,0.02756076431023624,0.015817950326953323,0.008788173322004988,
2024-06-04,0.0552,0.0533,-0.003256119981165484,-0.014574779847117636,-0.009352736371465054,-0.017985136562547188,0.003529298980755158,0.009686903467407637,0.03477788791561531,0.020950528610550245,0.015985057884202236,
2024-06-05,0.055099999999999996,0.0533,0.0097347422419225,-0.008138144253777568,-0.0019759605158813365,-0.010931866098154552,-0.003136825090556239,0.01214676988628205,0.04188268465148148,-0.0003326264418859193,0.006027003126672037,
2024-06-06,0.055099999999999996,0.0533,0.010107773396366815,-0.005870283506739682,-0.0030486288018416463,-0.013376180771117241,-0.005463773784822767,0.008683512019268536,0.03481713359760663,-0.00011163659427704253,0.011293787324214044,
2024-06-07,0.0552,0.0533,0.01154343794052659,-0.006278975002713683,0.0010335651493609266,-0.009021371534328582,-0.002209456242466157,0.006192928597627434,0.03173467738702973,0.0012474319173354509,0.007327104630128423,
2024-06-10,0.0552,0.053200000000000004,0.024380107032231146,0.004830578074585867,0.006766661344314029,0.0040956602868542635,-0.009412066624120197,0.0019082665810299382,0.025657879822813534,-0.01062347781476769,0.0022354536976447736,
2024-06-11,0.0552,0.053200000000000004,0.02005596152588729,0.004693612801640157,0.004820969733654756,-0.00019607831694778977,-0.009534005946604251,0.0009146319573656303,0.027324252099225177,-0.0038830250573296254,0.007012383190672544,
2024-06-12,0.055099999999999996,0.053099999999999994,0.02180765081346725,0.00865583782352286,0.008804128491957774,-0.009442547820809555,-0.010010966814768651,0.0015817027058842026,0.028655988184963954,0.0020186548040515007,0.0059542775682177584,
2024-06-13,0.055099999999999996,0.053099999999999994,0.01584909805804746,0.005512457821738037,0.00996426581138632,-0.014907286837956502,-0.007105436268174725,0.001979312003784761,0.008934955033770287,0.012621547387142495,0.010668184076351395,
2024-06-14,0.055099999999999996,0.053099999999999994,0.020939749292357535,0.013661383255711312,0.016597482839560307,-0.010630523287368576,-0.006913635769762672,0.003311183873587753,0.007541606292220671,0.008484577858689946,0.007683658375598146,
2024-06-17,0.0552,0.0533,0.02274634224384431,0.018630863602086434,0.022619674894161834,-0.009874838749652004,-0.004150580616879673,0.005321477492259419,0.00377668237136608,0.012130866851787658,0.007517728966344839,
2024-06-18,0.055,0.0533,0.016599095427787036,0.015067259656647902,0.020580011984679514,-0.011225346324516439,-0.00319397055691506,0.0055386758858047,0.0041218082932923394,0.011608570970270238,0.010279113175835741,
2024-06-19,0.055,0.0533,0.010433138504819306,0.018423337485163005,0.02360855255844374,-0.009765498358212832,-0.0027340558386015346,-0.0020696937100038726,-0.01384039835170947,0.013259583302706934,0.010628706638849295,
2024-06-20,0.055,0.053200000000000004,0.004524213354501372,0.013954036566423467,0.01805474632369264,-0.01557489795371525,-0.00027719652807656203,0.0033925376035683907,-0.005115275549933407,0.023256832325952326,0.014633935060011316,
2024-06-21,0.054900000000000004,0.053099999999999994,0.005346315879714236,0.018005415097135824,0.02153361280248811,-0.016102738691197493,0.0016295923588696137,-0.0039035296508860284,-0.009494703285481854,0.03213254752763639,0.014647568944892608,
2024-06-24,0.055,0.053099999999999994,0.0007695152655713411,0.018904603748953974,0.023213736983354494,-0.021713875627859536,0.004371868823402014,-0.005144825418924137,-0.018578553258913888,0.035657874419850355,0.01999583431457963,
2024-06-25,0.054900000000000004,0.0533,-0.00638735083835773,0.010991684013159198,0.017197768795849777,-0.027383408918736807,0.009364517668860817,-0.0018697062082814186,-0.024535645916143656,0.04601611623011981,0.02818392046532936,
2024-06-26,0.055,0.053399999999999996,-0.010534864783551923,0.012129391755010044,0.017021443767300193,-0.031343557050568904,0.010921519218419995,-0.011371756400774369,-0.0362899565435173,0.03870975045301073,0.02520722581488255,
2024-06-27,0.054900000000000004,0.053399999999999996,-0.015317772649248829,0.016027346420548927,0.018616664839114394,-0.03132783532319894,0.008376791292542096,-0.01791017493201663,-0.04310766261547805,0.03191087011573979,0.023382454976085487,
2024-06-28,0.0548,0.0533,-0.014374538329682385,0.013567194980517394,0.0176039499182552,-0.03216044418278652,0.009394606905128722,-0.01582602438104097,-0.040749961327661954,0.03278563661017553,0.018106479861844438,0.512667154852745
2024-07-01,0.0547,0.054000000000000006,-0.018370069393693567,0.00784408265852421,0.016744179997178144,-0.036380525088307136,0.01339161315950177,-0.015663202640561202,-0.04396331563523537,0.031610331534530633,0.02497139049289765,0.1274568663357392
2024-07-02,0.0547,0.0535,-0.016995465833602452,0.007354889022168853,0.01512205344316464,-0.026842351479699378,0.008138161220718088,-0.02339559584517681,-0.05474513101272105,0.026934429327421627,0.013652435774394567,0.12675861254433643
2024-07-03,0.0547,0.0533,-0.018190134245681056,0.0070246268420000035,0.012827367806804046,-0.021438420266065572,0.009614892654719265,-0.02827297897648251,-0.07281550095868172,0.021747902691127363,0.011006092445692062,0.1260717111283995
2024-07-04,0.0547,0.0533,-0.032186721013601316,-0.0005286012951284391,-0.0014765817777090406,-0.028001039605839884,0.01813938444661245,-0.030929421803312485,-0.07684643703536842,0.03835527680382844,0.023396709105705238,0.12539585774650464
2024-07-05,0.0546,0.053200000000000004,-0.033883015603987654,0.009263323926217648,0.0025191814697549386,-0.027219380634244006,0.0196764664628013,-0.04904192611487168,-0.09775779266059803,0.036921811090334655,0.005171041260910281,-0.26601329371477356
2024-07-08,0.0546,0.053200000000000004,-0.03425323410344927,0.011542219377375762,-0.0013901302798002835,-0.03103773019952394,0.012267158165320424,-0.04512803283898159,-0.09243147422786568,0.04101899078844928,0.0062203800110567364,-0.2645403254585871
2024-07-09,0.0546,0.053399999999999996,-0.033841570778813,0.00879561859017386,-0.010211161518111078,-0.025623003443361436,0.011519118836957443,-0.05041150514859438,-0.10024431972759429,0.027851684380862052,-0.004873824502480084,-0.26309157556137364
2024-07-10,0.0546,0.053399999999999996,-0.03345297296150296,0.010480043209400325,-0.008394424598587524,-0.023016482174872732,0.009148941027087298,-0.04248946291659983,-0.09425963597045606,0.0205753103112305,-0.00746311834205482,-0.2616663871092528
2024-07-11,0.054400000000000004,0.053399999999999996,-0.023667248517938888,0.007608366011460754,-0.008183958195366547,-0.013299567718278338,0.008680255993752883,-0.03597642673477719,-0.0862461944376568,0.011513546965017163,-0.0031876243872666077,-1.0516459823017745
2024-07-12,0.054299999999999994,0.053399999999999996,-0.029359015680286316,0.0037761235971378593,-0.013413438731094462,-0.016354096842041033,0.00818384850784959,-0.03458590028836106,-0.07053682529115701,0.00920378164239466,0.002724001822184352,-1.4297287242675327
2024-07-15,0.054299999999999994,0.053399999999999996,-0.027566802634293563,0.004658733353687827,-0.015082818011455723,-0.011829956837965394,0.00705707492224672,-0.0358572229188765,-0.07157345674556093,0.005667999584042294,-0.0043594795829473565,-1.408381251440842
2024-07-16,0.054299999999999994,0.0535,-0.01843810522946454,0.008753521501787098,-0.007964503758033592,0.0003950880007517199,0.0024203600685479554,-0.033970992367021946,-0.07063325115407482,-0.007541165142584183,-0.013953450709009108,-1.3879649444638125
2024-07-17,0.054299999999999994,0.0535,-0.0196065862263477,0.010154184135736877,-0.011477908649611068,-0.011268815692077716,0.0033797548541842914,-0.03181076416287609,-0.07007893712878066,-0.005322232563015117,-0.010226470654277509,-1.3684139819987098
2024-07-18,0.054299999999999994,0.053399999999999996,-0.017562684878115853,0.0029735305764022613,-0.011380621243221478,-0.01639961331487605,0.004013586619054044,-0.011174747491737858,-0.04151949644801867,0.002452708633772893,-0.00039829507279876,-1.3496688778242683
2024-07-19,0.054299999999999994,0.053399999999999996,-0.004849260393123056,0.01132260625085646,-0.0003496656040783419,0.0022654286281498237,-0.0017296743686375793,-0.022224746520722483,-0.058504617252462476,-0.011773584559373385,-0.014573990829463979,-1.3316757178887377
2024-07-22,0.054299999999999994,0.0533,0.005826049695661917,0.01718405008828161,0.004429689259943803,0.01552062399901688,-0.005617543168469297,-0.028873560107652296,-0.06811622354511204,-0.032066160157401935,-0.03214083663290246,-1.3143855067346681
2024-07-23,0.0541,0.053399999999999996,0.01613958538987781,0.021866482992777936,0.007964690440813715,0.029924944126578534,-0.010456931125647384,-0.040404778181604706,-0.07357978387297659,-0.04249153661155314,-0.05809414560072035,-2.039250133725199
2024-07-24,0.054000000000000006,0.053399999999999996,0.020811386812201293,0.028078089064406564,0.014874132995965628,0.035206306390196396,-0.014689001135989588,-0.04533829272062784,-0.06837096700250733,-0.04688733122839972,-0.05506409140692847,-2.3468101451609833
2024-07-25,0.053899999999999997,0.0535,0.020289679278216788,0.025613974234038217,0.015337367752872089,0.03649297611347624,-0.014981546267177182,-0.0376488769122556,-0.049964002422908105,-0.04038891866712557,-0.05024135295031984,-2.6199458226681616
2024-07-26,0.0538,0.0535,0.037415011224949835,0.031024147078740016,0.027680552097835376,0.05675747117224117,-0.022526435050203686,-0.03783606380290827,-0.06309170532152941,-0.050744929538087624,-0.057716960747740575,-2.8555062625864562
2024-07-29,0.0541,0.0533,0.03324347929272786,0.02864854338776146,0.025130248379769515,0.053746605678098636,-0.025014467963020315,-0.042067142748912545,-0.06243066729468261,-0.042538542020263304,-0.05582380986685409,-1.7686382085644556
2024-07-30,0.054000000000000006,0.0533,0.03609801631907028,0.03313146083979923,0.030876810884886474,0.06240982945864104,-0.029453362949102946,-0.05008465124219619,-0.06408239407260696,-0.04891530312714254,-0.06272519981902125,-2.0654691802720513
2024-07-31,0.0541,0.0538,0.036933274252632264,0.02855779655620161,0.027785753766193633,0.0585390628361091,-0.026903343095005194,-0.045588027794011166,-0.053952967907968774,-0.04037712547815275,-0.052598274071356865,-1.693383121454647
2024-08-01,0.0537,0.0535,0.038002029307053986,0.023701069598873747,0.024357551640489472,0.05233615546242265,-0.02311658514947712,-0.03552963385503749,-0.03241534752252051,-0.03648889408895595,-0.04388103290258849,-2.919366157913156
2024-08-02,0.0529,0.0535,0.042048959903294936,0.02384583023410558,0.031390375588591146,0.05286251917431439,-0.02821204698669888,-0.02566161223290242,-0.01890072618870231,-0.03162439373168702,-0.04264114432033095,-4.896108097405548
2024-08-05,0.0535,0.053200000000000004,0.044646840404475974,0.014354495129455636,0.027690210088189282,0.047669480589703994,-0.027789140775346888,-0.005525108830169212,0.007816796427793316,-0.0333746241544427,-0.02924601192594245,-3.003968108279186
2024-08-06,0.053399999999999996,0.0533,0.030466116552877676,0.008938588231452105,0.02544122154254347,0.03980962586578429,-0.01897100570128385,-0.0057321784328014935,-0.002997437959293081,-0.029146007640703075,-0.02185378051901865,-3.129130150077651
2024-08-07,0.053399999999999996,0.0533,0.030880412985520467,0.014116409948793152,0.0362662625334611,0.0355859437746997,-0.02019359523608999,-0.007635938156311806,-0.009728253283340815,-0.02423450220051493,-0.03001782099805561,-2.993216495692807
2024-08-08,0.053399999999999996,0.053399999999999996,0.03445813616734017,0.01674452415880312,0.03920308144948148,0.03981125143010189,-0.01851003949549146,-0.017991964294509,-0.018689521783905483,-0.017823351146784017,-0.021108034744743653,-2.87361654281602
2024-08-09,0.0533,0.053399999999999996,0.011954020161592638,0.015710561693697667,0.030272382521314256,0.027351385677856,-0.012617069699774053,-0.026429022789141166,-0.0350988609201669,-0.011746974006886846,-0.02019235541608788,-2.9927544136182505
2024-08-12,0.0533,0.053399999999999996,0.013409035834636152,0.011335562310694325,0.025175398303576957,0.02458768074651707,-0.012514636570441051,-0.018022301855244893,-0.026285043031501476,0.002641570613830302,-0.013725558473044575,-2.875093162981127
2024-08-13,0.053200000000000004,0.053399999999999996,0.01032328243000058,0.007747771335774978,0.024198557995714243,0.021033288473717437,-0.009656331343577018,-0.020942926965578867,-0.03230328388603221,0.0010268805340307718,-0.015681234889309725,-2.981618890341728
2024-08-14,0.053200000000000004,0.0533,0.0057843077398247456,0.0012662411607835544,0.013430743740764584,0.008713897379457824,-0.009533890659561006,-0.014392276897383427,-0.02980858068265102,0.012393687682378696,-0.0060659508712636034,-2.8669471441611045
2024-08-15,0.053399999999999996,0.0535,0.01922609047939594,0.005871264499697215,0.02366449212955346,0.031046483457639162,-0.010200022371786632,-0.017259381170507737,-0.039075691685699576,-0.0006589255303780517,-0.019678455068259493,-2.3590630050850443
2024-08-16,0.0533,0.053200000000000004,0.015320831284537428,0.010545167929713273,0.02166323175181395,0.030629302750172505,-0.011351773205148796,-0.028412920850340195,-0.05650645902775553,-0.011349274520483177,-0.03125310726540287,-2.4998035938036822
2024-08-19,0.053099999999999994,0.053200000000000004,0.011825918999475604,0.009482361069737655,0.02035776701804748,0.022882236680654255,-0.006726052122197679,-0.02651052582800395,-0.04843332256649968,-0.008482432843277099,-0.024685900514485715,-2.818019171044625
2024-08-20,0.0529,0.053200000000000004,0.004064338081565477,0.0033035451901175517,0.013628272261879015,0.012468475385103206,-0.0027806462542702137,-0.018599936080366253,-0.0319293626650784,0.004667687427058809,-0.012379802764597714,-3.0922561875211816
2024-08-21,0.0526,0.053099999999999994,0.0024341769575535466,-0.0011781742733788514,0.012712676608645834,0.008363457967230037,-0.00048463545407739783,-0.007333963671304344,-0.018142743957484053,0.009092940259144422,0.010192039784647111,-3.4923919173527063
2024-08-22,0.0528,0.053099999999999994,0.008870799673617036,0.0005915923569601578,0.014384184553121182,0.01209359134929322,-0.0015166091564542405,-0.0039008791107051355,-0.015573495815604188,4.7681446522451765e-05,-0.002254764589228686,-2.989661102129411
2024-08-23,0.0525,0.0533,0.015174653389478099,0.003928583568533206,0.016509412281778824,0.015072981146961428,-0.002881602445423015,-0.000939313766279426,-0.015033981130708862,-0.010177172577572002,-0.006645470403084386,-3.367474810031415
2024-08-26,0.0524,0.053399999999999996,0.006820483473508165,-0.006811527183456345,0.010386173927000586,0.006925202450725809,0.0015916045880572938,0.0,-0.002513885498046875,0.0014715233620281598,-0.0007549504938922924,-3.3710585328561846
2024-08-27,0.052300000000000006,0.0535,0.019561633887494656,0.002372611345953235,0.017858338600953205,0.02363654264068482,-0.00453190009730664,-0.006599010130889593,-0.010746276977481095,-0.013850909189649041,-0.012959470567678766,-3.369075398825799
2024-08-28,0.0521,0.0535,0.0049647863701773876,-0.0041964531764171475,0.004396828471177283,0.0020961498865059713,0.002565521364363388,0.01051423063397805,0.004917468475062359,0.010886767570356781,0.0028826395891585754,-3.50256377781145
2024-08-29,0.052199999999999996,0.0533,0.016172538950480098,0.004694346692435181,0.016686753753577754,0.013396851825685951,-9.650317943032949e-05,0.005250507739073429,0.004451928417132489,0.0024562769893796688,-0.007525561201418118,-3.203183477934608
2024-08-30,0.0521,0.053200000000000004,0.018097505223234167,0.008064693991657101,0.016488211724479784,0.013810884167425597,0.001460477538861138,-0.0076038255240671315,-0.014542029386306887,-0.0014838009390715223,-0.013404648108040429,-3.2081511468905233
2024-09-02,0.0521,0.053200000000000004,0.02183803305432419,0.00830796479471041,0.018860333162384002,0.015247726440429599,0.0028319829457095214,-0.00610231030549957,-0.018246835657456217,-0.006614446844649513,-0.01147757612416056,-3.0811227886799677
2024-09-03,0.0519,0.053399999999999996,0.013656826406564182,-0.000320872722102572,0.010048441184050017,0.008425500398018704,-0.00020004670406048586,-0.0059080969541470685,-0.020351465274092373,0.001607112899613572,0.002281392386369374,-3.2163766637335467
2024-09-04,0.0518,0.0535,0.02578180263460661,-3.312307553038352e-05,0.011594622101003482,0.011927592691065803,-0.0028427007523175174,-2.3493177405908838e-05,0.008455304899697147,-0.009767573275334951,-0.0033402275719339736,-3.2095638866801672
2024-09-05,0.051500000000000004,0.0535,0.019968595725926797,-0.004050044760821381,-0.0011028769935288452,0.0049426931612928104,0.0029685610342078395,0.006819970641521289,0.024531767779047975,-0.0032072400729116213,0.007790758172849355,-3.4279181119774056
2024-09-06,0.0513,0.053399999999999996,0.008914828831572574,-0.012291490445542785,-0.003963876498790708,-0.01022071253974266,0.005859225472098384,0.01763430293450141,0.037847047971971914,0.003941559570806552,0.012011393377459711,-3.4972536315975202
2024-09-09,0.051100000000000007,0.053399999999999996,0.01277164096514305,-0.010053837224755169,-0.003702894520741795,-0.006937486417964545,0.004121752555263258,0.012607490209029404,0.03972322868737321,-0.00623756894858285,0.004828023819053451,-3.549477913842461
2024-09-10,0.0506,0.0533,0.012274053503886773,-0.0055976115647683455,0.0017940605942323717,-0.0017781488562118586,0.006487783596647256,0.009359006402596348,0.034796053562689666,-0.012386287987178002,-0.004460856758853549,-3.8779709267666465
2024-09-11,0.051,0.053200000000000004,0.00963477150307157,-0.007047431004045257,-0.0009147389813232154,-0.012876334274522394,0.0073256742836720345,0.016359137863775297,0.04869447844310004,-0.0034002521828708776,0.00426187799304012,-3.2987562229814498
2024-09-12,0.0506,0.0533,0.009585040149457047,-0.006997688115850109,0.0017372846724190705,-0.005900895209027923,0.012321091460720357,0.00463288753121982,0.042878172172736484,-0.011669028425171368,0.00012512747993165263,-3.535731375278379
2024-09-13,0.049699999999999994,0.0533,0.0006252955024090845,-0.01376593075260335,-0.006341938546811532,-0.015405857258490752,0.015129863298925184,0.009907270128525658,0.055371466271150194,0.0022610445694584147,0.012832611539982164,-4.144770825100244
2024-09-16,0.0496,0.0538,0.001817401689985676,-0.016167438518225663,-0.005369409590878282,-0.012081759313794405,0.016586068236492224,0.016987147981380346,0.0630726990998951,0.017229711798141034,0.02066049747587928,-3.9845991684477533
2024-09-17,0.0495,0.0538,-0.010340485204326844,-0.02205120921597936,-0.010962310852673296,-0.022559765109706587,0.014338053809533013,0.021265021753105406,0.05901701920262181,0.02227419405093367,0.023787744279781142,-3.846986571555135
2024-09-18,0.0484,0.0533,-0.014462729428247445,-0.023430316078095426,-0.01345780482516401,-0.02184159228174498,0.011984865653734245,0.02241443994078196,0.05324088773134905,0.03150082304304158,0.03223606741474061,-4.4294828167509674
2024-09-19,0.048,0.0482,-0.009459266419524881,-0.025666081496525495,-0.014043982963943047,-0.023867182422571798,0.013592225186584539,0.0219875226296109,0.051783330123901905,0.031109735098073132,0.03335505588697085,-4.406026182623389
2024-09-20,0.0475,0.0483,-0.01362168952645415,-0.026280391027509342,-0.01725545055050981,-0.02570445935400123,0.017467013242342233,0.020229287143119556,0.047193747034662836,0.03976760898573506,0.03643998481025301,-4.432048035681501
2024-09-23,0.0472,0.0483,-0.0230396225070838,-0.030733391794189324,-0.024862428783464785,-0.03414013632542234,0.01985371327407992,0.017052504414309277,0.04583899076084785,0.045422371588213606,0.038705282221930926,-4.323818764715401
2024-09-24,0.046900000000000004,0.0484,-0.0216713802821471,-0.02829959641432167,-0.027497574048123585,-0.03532561220298347,0.02119078535393215,0.021491282402357204,0.052214594846103246,0.0420773425564227,0.03434204509226313,-4.226480182314774
2024-09-25,0.046900000000000004,0.0484,-0.03901301463858764,-0.03669689687235134,-0.03825045793301929,-0.05447008259574182,0.03097380779831793,0.029981807164442653,0.06859117346230303,0.05732716515266123,0.0510768459875639,-3.985066313720718
2024-09-26,0.046799999999999994,0.0483,-0.027057835457044765,-0.027569085500331547,-0.025715804053966895,-0.03976344830056344,0.02752516006408312,0.01798790864625066,0.049072843177217385,0.03422262550260613,0.0375249229488237,-3.8304022093297014
2024-09-27,0.046799999999999994,0.0484,-0.04198508829101122,-0.034052331790900614,-0.033963472790154325,-0.05562866909929376,0.031159823627178396,0.026257345368930096,0.05428872868425283,0.04328832241209857,0.04876313777600916,-3.6482629935586597
2024-09-30,0.0473,0.0496,-0.048580096881415624,-0.03160667326935551,-0.0305295649915327,-0.0572475069732471,0.028203840044871198,0.02898274975622739,0.07280975849450932,0.047624137021439195,0.05561142422156373,-3.255095743093298
2024-10-01,0.0471,0.050499999999999996,-0.051013592420443676,-0.028371796838362884,-0.02706921491737113,-0.05895942039767632,0.028505553412144558,0.025919499916372546,0.06655065697944362,0.0396972966396798,0.047201881015140223,-3.232051703875273
2024-10-02,0.046900000000000004,0.0492,-0.044650338672575396,-0.01850399673486136,-0.023690098512142765,-0.049637794002732716,0.030634471047980005,0.02358388613916995,0.06587078267010149,0.033336497988735614,0.03930436461900633,-3.209223696968627
2024-10-03,0.046799999999999994,0.048499999999999995,-0.045055075728910876,-0.014696343048174798,-0.027768884137893024,-0.04626724623845868,0.03186252723275018,0.0160369599142276,0.036825769658929364,0.03986315035806842,0.037514254301383554,-3.143265155813743
2024-10-04,0.0473,0.0483,-0.0377189493649861,-0.014593541928036524,-0.013468938178869294,-0.036972190327036136,0.027354203508404007,0.018537051291022344,0.03709484038021871,0.03874128155819245,0.038037809789918775,-2.826557167268196
2024-10-07,0.04769999999999999,0.0483,-0.03183408284025746,-0.009155983454902983,-0.013006322011803406,-0.030364409876431853,0.02367584962908187,0.006381804011376113,0.02322264132681129,0.0313420881371822,0.03360803855251193,-2.5801290540804382
2024-10-08,0.0475,0.0484,-0.016947800759544607,-0.003761436392548778,-0.0031435109693992436,-0.018260400950367184,0.015787921957392426,0.009162423531678066,0.022201082388769944,0.028051881102684417,0.03202298796125436,-2.6044934312908934
2024-10-09,0.0475,0.0483,-0.02560932802896998,-0.02211006024575979,-0.01615559109171616,-0.031410330254136976,0.02169640437130993,0.021343593248004833,0.041583777457458115,0.03461446675748592,0.05066694569974439,-2.5438270022505027
2024-10-10,0.0475,0.0482,-0.006041919163820797,-0.013537159431833645,-0.006582080059898798,-0.008009685336525352,0.011525022969177678,0.014306167699168704,0.02695085086467497,0.008993622756971575,0.02820965466001213,-2.4872151064559236
2024-10-11,0.0473,0.0481,-0.023204085550249443,-0.020026085950623385,-0.011108721033221802,-0.021275905067088985,0.011792749617131726,0.022707383530343073,0.028244111491857904,0.024617370418180018,0.041373186268651274,-2.5142623374433475
2024-10-14,0.0473,0.0481,-0.02280455163017614,-0.023888274283778932,-0.013338447987023216,-0.020121888455018944,0.010180607980202927,0.025597150643713595,0.027763242824254464,0.026896171133943714,0.042469019118450024,-2.4600402829326664
2024-10-15,0.0473,0.048600000000000004,-0.02922949776300887,-0.026807193533141538,-0.025121661409762575,-0.027312204612888857,0.010331114548837617,0.023268765437851835,0.033306612356102105,0.025750390146724866,0.046299994573826275,-2.409184533002042
2024-10-16,0.0472,0.048600000000000004,-0.028340679013832304,-0.029399932685370667,-0.027484821384745173,-0.02863208180847876,0.015354366297086752,0.026932102920181222,0.04245502567096149,0.028348806117784786,0.05373822665774086,-2.3997337414375126
2024-10-17,0.047400000000000005,0.048499999999999995,-0.031417042775381376,-0.030600486605187993,-0.024816313870304474,-0.03447867081772149,0.02228282112192792,0.02905349298166149,0.046076898067892724,0.021742345018334497,0.04668158080145424,-2.2768087787173514
2024-10-18,0.0473,0.0484,-0.0352708828966013,-0.027313949429570994,-0.030585244983652338,-0.03258769453061183,0.021035505024250334,0.026260790018099556,0.030406363595885555,0.015165277253001319,0.0413335228031817,-2.27366613796492
2024-10-21,0.0473,0.0482,-0.03140132285593189,-0.025183994443944147,-0.028604403850172377,-0.030608108220775865,0.016145466507566653,0.021123115470711218,0.033536083464756894,0.007342486869138298,0.035667324456643446,-2.2333435536844406
2024-10-22,0.0472,0.0483,-0.016773009234871017,-0.019433141898995143,-0.022215425518972265,-0.017214133766078166,0.008782976015696109,0.019251031567231403,0.027309894814098623,0.0006010278098180777,0.03308607008423614,-2.2318232391186252
2024-10-23,0.0473,0.0483,-0.025725126931813835,-0.02325433758248907,-0.02522211489372639,-0.02676282591622703,0.010987095712643447,0.020935138622305116,0.02750464917647477,0.012761791762514019,0.04557654114665466,-2.1575034029704834
2024-10-24,0.047,0.0483,-0.018943697140845206,-0.028863874057235006,-0.025471585596949176,-0.02477098425686397,0.010356537160772339,0.02325959303740932,0.009484942321958068,0.007868928336492775,0.044241457730818334,-2.2308709959476274
2024-10-25,0.0473,0.0483,-0.014636274532167426,-0.031806431661122625,-0.02925548532884037,-0.024345358448998322,0.005738753755058834,0.028410764920883347,0.015568220807939737,0.007059131717206402,0.03840503189403477,-2.086548977598169
2024-10-28,0.047,0.0482,-0.021141784348437942,-0.03262800850629688,-0.032811580624969916,-0.028051061199669047,0.014594550633407755,0.02342079708360978,0.009323252854039676,0.011250634505262092,0.04132299738629497,-2.1611704440667534
2024-10-29,0.047,0.0482,-0.01633047627869566,-0.03009918261079636,-0.030893946211021928,-0.024923867496337127,0.01175683118099835,0.024755438391453444,-0.0011098007429021228,0.014469317276573301,0.031794491235543454,-2.127051820062081
2024-10-30,0.0467,0.0481,-0.01002325879197774,-0.023860505576286828,-0.025849728968109442,-0.01302447808106677,0.00815789489467944,0.01704301655784657,-0.012644046046949908,0.010406591723673975,0.026287198696834713,-2.1981366979766457
2024-10-31,0.0464,0.049,-0.009949828272057926,-0.027273658385092436,-0.020276815533180392,-0.012512248119958547,0.0071325863067370765,0.01851555741111488,-0.013250299266651,0.006970021971260509,0.02248730471088045,-2.2651175762389175
2024-11-01,0.0461,0.048600000000000004,-0.011310271549652584,-0.03132935053944674,-0.015203796364734679,-0.010885638708547862,0.005554294710733654,0.021408361809597487,-0.01369917614785543,0.005656199272825235,0.026362826911845216,-2.327979473362848
2024-11-04,0.04650000000000001,0.0482,-0.017690476252909648,-0.034328497118628065,-0.022762626631208427,-0.017171359697129462,0.008923139010011738,0.021530631572200143,-0.01824848418596625,0.007573883261535963,0.028177371665069728,-2.154329803394587
2024-11-05,0.0464,0.0482,-0.014975073078834611,-0.03340342168558463,-0.021634926398662824,-0.01533470787744684,0.011884310720269076,0.025724069476238176,-0.017264689024365842,0.004708178065260027,0.02468110429535164,-2.1544436679267975
2024-11-06,0.0464,0.0481,-0.03140302773466985,-0.0384397299358985,-0.0262532766672412,-0.026492027228789183,0.017357090393530283,0.024744625328956937,-0.005731807242803755,0.010377043748191594,0.022619542604690013,-2.1216958281980016
2024-11-07,0.0463,0.0482,-0.017832014231774607,-0.013740134309229823,-0.009620554742882925,-0.009529225393389407,0.005255201486283001,0.0031060846969956923,-0.026652452025586304,-0.003789986906081233,-0.00013457586145038114,-2.1228263411590236
2024-11-08,0.0463,0.046,-0.041471412233547,-0.02127887714704424,-0.017947196486866934,-0.030466819475177043,0.02022748908382166,0.006748495627788564,-0.020564003441047363,0.025795754275336202,0.022204988319364904,-2.0916530451249473
2024-11-11,0.0463,0.046,-0.022275187402293284,-0.014903917400249322,-0.013004061144660461,-0.01798708345046862,0.01899653269799839,0.002956621766541545,-0.009783930630911986,0.011612223678245437,0.007567926054369067,-2.0618153304612283
2024-11-12,0.0463,0.046,-0.03065002409067341,-0.01232357918787741,-0.007374041451923774,-0.02796091473226614,0.018166154187618355,0.0025333006511163436,-0.010900370981059226,0.01129010944562725,0.011539195176059502,-2.033220471241584
2024-11-13,0.046,0.045899999999999996,-0.02228368240391776,-0.0103492550770804,0.0021319627185851786,-0.021792099893354955,0.014585411442809892,0.0011902550703912773,-0.015583095801181446,0.004929605953433391,0.0053820450931789665,-2.0998108892286322
2024-11-14,0.0461,0.0458,-0.01812860278829831,-0.00852589137909443,-0.0023199592391164314,-0.019140151653312953,0.016044058201754252,0.007044662266486368,-0.018284845322517396,0.0014434763495081437,0.002888071716596885,-2.039086300572333
2024-11-15,0.046,0.045700000000000005,-0.013691113333429983,-0.0019023521853446246,-0.003194730337055418,-0.013520831819816226,0.011691522317439196,0.00146447872643507,-0.01926911154329891,-0.0014529728035685974,-0.002435531403098823,-2.042558201400091
2024-11-18,0.0463,0.045700000000000005,-0.01346242819289789,-0.0015566389093409905,0.005761465393605336,-0.012145775328571085,0.010563798962924364,0.0060426942476392576,-0.003737152305728242,0.005536017373783286,-0.009285839368581739,-1.9233510481000202
2024-11-19,0.0462,0.045700000000000005,-0.02532282824551546,-0.00942465106074164,0.0024912258961884426,-0.02250843648983336,0.02048858600668102,0.010507275890211165,-0.006758623820435794,0.017242886224506426,0.005269764615021488,-1.9305109434946794
2024-11-20,0.0462,0.045599999999999995,-0.05125770183544709,-0.024261030445917653,-0.00999130900637668,-0.051067108857397736,0.03625944384486246,0.022254486363276094,-0.00029083990402378745,0.03934428427243675,0.020486346122756238,-1.9071084576115676
2024-11-21,0.0463,0.045700000000000005,-0.04298461350952054,-0.017185116895034103,-0.012435484612387748,-0.043592835043640865,0.03114974147424876,0.0173597810267081,0.015126044310081577,0.033681160554880796,0.000476315853911391,-1.8544571453716228
2024-11-22,0.0463,0.045700000000000005,-0.03953699777879571,-0.0034638910902813347,-0.0011815983253397055,-0.0351360050407552,0.027274710218248455,0.0069342735306789915,0.015011233491487141,0.02186561061244907,-0.003593992312380445,-1.8335400951148941
2024-11-25,0.0462,0.0458,-0.045100854913982746,-0.007065624482789801,-0.004712969374218168,-0.03676495484337505,0.03168062438396668,0.008983970663755114,0.019585310477650664,0.03067178508197599,0.006824698057587897,-1.8430639385286578
2024-11-26,0.0461,0.0458,-0.03476542018620765,-0.003994606288508784,0.00023826533703519281,-0.0280976360647186,0.018697182071424567,0.01293879458863878,0.017677315043108655,0.022316520253277572,-0.00012488646292885264,-1.8522357937751364
2024-11-27,0.046,0.045700000000000005,-0.03561279616154556,-0.00873559979342442,-0.002395871414204054,-0.0318993332602201,0.02138312496103234,0.014837506102402864,0.026952616169894306,0.01788589218276937,0.001836702952332736,-1.8610645451151417
2024-11-28,0.046,0.045700000000000005,-0.042204480976833714,-0.013185370545389152,-0.01166521545344612,-0.04544352143877772,0.02738431969844246,0.019160932873480974,0.04236931480639772,0.02895446702268134,0.012074681050118885,-1.8403790380627851
2024-11-29,0.0458,0.045899999999999996,-0.04338148857908963,-0.012650867959824397,-0.009293156751462472,-0.043586880509087766,0.02828548306562051,0.022100275690223548,0.0443132106411217,0.0278412498891889,0.007166923081694865,-1.8783895992633486
2024-12-02,0.0451,0.0464,-0.04343243614611936,-0.013174200331228736,-0.012009490087524943,-0.04516844151898036,0.024064068080119405,0.024050346949920254,0.04734553068772862,0.02461209364322081,0.008855141661233024,-2.0585680435828775
2024-12-03,0.0449,0.0464,-0.03942680571379076,-0.009053401240653791,-0.008646301451393557,-0.041615359487881975,0.0218472270490917,0.019136192658826046,0.050077586027411636,0.02122113522721869,0.0034882806375682307,-2.0890093613862915
2024-12-04,0.0447,0.045899999999999996,-0.044915981450382,-0.015123986063476536,-0.012231340440841065,-0.04823031644789744,0.021946666133303205,0.024086221240287697,0.05394021126784976,0.029949610850436015,0.0042282646561886406,-2.1180344217867355
2024-12-05,0.0446,0.045899999999999996,-0.036085579138521395,-0.023390965499499372,-0.025268006450982594,-0.04510757061792736,0.023441870362069128,0.03197736001508078,0.04512939826354212,0.029780160037190972,0.020260389422694924,-2.117793375546993
2024-12-06,0.044199999999999996,0.046,-0.035627504474115224,-0.026474460522435073,-0.026059053722191416,-0.045243161269782006,0.029846999091232673,0.03516539708858568,0.04842651833620715,0.028866690929449934,0.02463588417779694,-2.200288246621054
2024-12-09,0.044199999999999996,0.0463,-0.025127963029001443,-0.01695055812661983,-0.018695105183459182,-0.034201197747829815,0.013486141555868247,0.030011323030903814,0.05140970138825174,0.013098490661173301,0.01151412855494982,-2.1694988605481886
2024-12-10,0.0441,0.0464,-0.03152991006214789,-0.019863463674961057,-0.021274727650348213,-0.03814655656956378,0.013554883842018306,0.035124469023480875,0.04509660953321548,0.013217047100897883,0.019199548029795288,-2.1670775535764437
2024-12-11,0.0438,0.0462,-0.025783769069087192,-0.020722197939403553,-0.03287721475052363,-0.03392048898248501,0.014293356738309448,0.03223797443355836,0.04205994597954499,0.023337539197326063,0.017196141514914443,-2.2183107362474486
2024-12-12,0.0435,0.0462,-0.030420494601000825,-0.019915507355806827,-0.036578244085915035,-0.03463999252757621,0.01786003455400209,0.03267622971148554,0.03811625484789416,0.02398204504959689,0.01766407951536708,-2.26694970747215
2024-12-13,0.0434,0.046,-0.03451280999315787,-0.021923169944031984,-0.03726170740353807,-0.03561471997276311,0.01390570985754791,0.02775754598393476,0.034734201458368474,0.026829839517594767,0.018512016415555,-2.260537843382457
2024-12-16,0.0437,0.04650000000000001,-0.02748738163421982,-0.023291859066966847,-0.03120712519186719,-0.028855857980244926,0.00962328896263065,0.026953912517239775,0.025486601166029077,0.02340705362998241,0.022999761512292105,-2.1500693954165873
2024-12-17,0.0438,0.0462,-0.028981124667864733,-0.02001577541110089,-0.037580778703223405,-0.03263190825491702,0.008205305917494465,0.02060315069126961,0.02572592288907516,0.0207640023870741,0.026680803747957338,-2.095995156889086
2024-12-18,0.0436,0.045700000000000005,-0.01667723970928381,-0.019035909933873496,-0.03677902610482631,-0.022546943945304765,0.001153130421699844,0.022006060108205716,0.017470623215571246,0.010500081444545728,0.017382583391326367,-2.121168317050185
2024-12-19,0.0435,0.043,0.0006608546163062723,-0.004666785911441096,-0.026321600507201337,-0.0016430945991687818,-0.0045087012642071045,0.010502368585543431,0.004415758657939195,-0.0027498513090208343,0.0014284508650859173,-2.1197117717273675
2024-12-20,0.0434,0.043,-0.0061909875337905484,-0.008447971477040794,-0.026161535192105068,-0.007141648178899285,0.004943389430199563,0.017363974749891486,-0.008487462005233204,-0.0011221091280946283,0.013248076055252911,-2.1182201378509657
2024-12-23,0.0436,0.0431,0.004495257283369192,-0.0011879707478342771,-0.018978012336959837,0.005340855663272803,-0.004087445875084583,0.014568014334748192,-0.0082028185862969,-0.004710652536085713,-0.0018061597860949963,-2.0414151311523168
2024-12-24,0.044000000000000004,0.044000000000000004,0.0027365012965714364,1.042497227654593e-05,-0.015881803289212404,0.0025360461620569374,-0.002191416735493945,0.009171195764843931,-0.008850515511460433,-0.0058646133294686376,-0.004490889580288093,-1.9173993439476869
2024-12-25,0.044000000000000004,0.044000000000000004,0.0057573760618878644,0.0007287153020816284,-0.01769561679095666,0.002762624220736365,0.0022002505204512524,0.006675547888686184,-0.004245464621581374,-0.0081343674189307,-0.004047707235782738,-1.8970144147937893
2024-12-26,0.0435,0.0453,0.006195391698383235,0.0015831447299885504,-0.015133537727928026,0.004353083944271585,0.001727810540806951,0.008972439860557069,-0.006224006755573108,-0.006716496094460123,-0.0003807963854075558,-2.00080753085039
2024-12-27,0.0431,0.0446,0.011232919118423057,0.004260259906734065,-0.005619118684794588,0.011857051692481857,-0.0017557443879712142,0.00883307841057901,-0.012703792053005869,-0.015039253096236771,-0.00793898084588851,-2.0761914132690023
2024-12-30,0.0437,0.0437,0.006216784705912914,0.001504092677438118,-0.009397862065749885,0.0051069965398113926,-0.0001666880751317601,0.0024062210268041007,-0.018774613112914507,-0.008372064872280482,-0.0019975420872236915,-1.9055445674879397
2024-12-31,0.0437,0.0449,0.005558468708710462,0.0022005168104293205,-0.008559841709091964,0.004589051548806289,0.0034913439144472758,0.000985293971110801,-0.009146720752536974,-0.0039028041222879395,-0.0027522370685344466,-1.885837768434421
2025-01-01,0.0437,0.0449,0.0031805116186898186,0.0018348522959366065,-0.00747443679539761,0.004520777503977058,0.003428623171700673,0.003354592393102873,-0.011624554953996724,-0.0035955941595589014,-0.002739520061899814,-1.8667306013640934
2025-01-02,0.0436,0.044000000000000004,0.003358016717625034,0.004387495292943022,-0.007615854910922315,0.006786207113891329,0.008236824331945058,0.0017835101544250165,-0.022964856187995042,-0.006191281754030942,0.0013569223614269266,-1.872179643045554
2025-01-03,0.0434,0.0431,-0.009127176718509267,-0.0019880201007825837,-0.007129415731858213,-0.004182770744327269,0.021800989760730527,0.0035306214519859047,-0.012703148956702326,0.006090197460746127,0.006707854737840746,-1.9012712839763222
2025-01-06,0.0435,0.042699999999999995,-0.00043524073929979146,0.0021378288237765553,0.00039772122811632116,0.001907511027648967,-0.001523550851760258,0.0025294168929757,-0.013995402432495974,-0.0009293096345796004,-0.00292745271117123,-1.8583125529001232
2025-01-07,0.0435,0.042699999999999995,0.0019221445477539678,-0.001306939588677336,-0.0026204048940523528,0.0016493225664406808,-0.0003207492062953232,0.0002209555130607832,-0.02288533055003239,-0.0043371470908235565,-0.006466391613467071,-1.8402264998780835
2025-01-08,0.0435,0.0429,0.008108248404778307,0.0053459890217963935,0.0021006611044558365,0.009546603748200821,-0.0033973250297938407,-0.008928473704910567,-0.03557970305937597,-0.00400327194971728,-0.018522856346557037,-1.822658961987319
2025-01-09,0.0435,0.043,0.011300942690399829,0.006885676777578675,0.006280929275069624,0.012396136618766151,-0.004931551465295003,-0.006421885985302134,-0.04424375517915946,-0.017268136430871106,-0.02232351456168158,-1.8055856259147562
2025-01-10,0.0436,0.043,0.011179540463542414,0.0013610389321732086,0.00749690548746651,0.009633817537262557,-0.00484672630552363,-0.0014581758783740462,-0.0392413124211104,-0.012137734073280781,-0.016021134600934128,-1.7657083008491428
2025-01-13,0.0437,0.0429,0.01889535573422041,0.005573183554558714,0.012756183918150032,0.012616717922440346,-0.005431895796386033,-0.005933873086841457,-0.038812511343558675,-0.019936584987537476,-0.026251323994903375,-1.7268874186931447
2025-01-14,0.0436,0.042800000000000005,0.017150882407865442,0.009711978199349103,0.017843027044893933,0.009835819382708388,-0.0054098514407319165,-0.0030466201417460592,-0.02939045808850904,-0.017213427941887294,-0.03271071246936985,-1.7352598699636832
2025-01-15,0.0435,0.042800000000000005,0.014758769670931038,0.008261623872310997,0.019423002255260835,0.00685438196203858,-0.00353968893033596,0.0010301440261542005,-0.02401137675209364,-0.010255201213761889,-0.026988567583675627,-1.7434139295795317
2025-01-16,0.0434,0.0429,0.013073559827887049,0.01616329313361975,0.026144580600780953,0.009190277861322649,-0.009360535903411682,-0.009724603952444344,-0.020901771896368992,-0.013854718161263158,-0.03670164359679484,-1.751353304251117
2025-01-17,0.0434,0.0429,0.023543173746510826,0.018177827057052953,0.028377230296049882,0.022272647801713452,-0.014712565476588724,-0.012445561217921508,-0.02145400082562232,-0.02091184879341801,-0.03991621532988754,-1.736296286861823
2025-01-20,0.0434,0.0429,0.025939272449284623,0.020236746280751117,0.037012463641468374,0.025950103643596956,-0.019987196426793363,-0.015176048760847771,-0.03110564865912313,-0.027581301510566036,-0.04301737712622122,-1.7216214571679305
2025-01-21,0.0436,0.0429,0.011482030828154244,0.0026538917453773347,0.023875465340770674,0.004119190701660891,-0.007928560771935711,-0.0027150552418222507,-0.021372075281505643,-0.00977321669303044,-0.026091920878849595,-1.6620611507788547
2025-01-22,0.0436,0.043,0.012657247086832468,0.0014485978042946268,0.02016606036346502,0.0071151857559828,-0.007132593039504753,-0.0023712091779751754,-0.029234665565656348,-0.013658423711571888,-0.024460612403676474,-1.6489979125843082
2025-01-23,0.0436,0.0435,0.020573140950826296,0.008684051564955775,0.028925333016066812,0.017777085990024588,-0.015117820792999836,-0.0091028432804513,-0.044950125101780536,-0.015182496781102062,-0.03404045211967499,-1.6362382556015822
2025-01-24,0.0435,0.0434,0.013855437973393947,0.005645952366482909,0.02395887762629645,0.013337037073988922,-0.011600736095648712,-0.009961539967143884,-0.043341586398136234,-0.013519507711102774,-0.034039758736505776,-1.646177313533615
2025-01-27,0.0432,0.0434,0.007181074833077616,-0.000596297760762976,0.012718742722449328,0.006024341131863675,-0.007584177667932734,-0.010520070951898997,-0.03775429395917773,-0.00789703107408568,-0.026174411754951055,-1.700512707567288
2025-01-28,0.0431,0.0435,0.014220977395186019,0.007566804440333197,0.017161207010282453,0.011095462684074908,-0.006964733220677366,-0.012842746818027329,-0.037641413868793494,-0.013207169376138306,-0.03484515812750333,-1.70913006192154
2025-01-29,0.0431,0.0435,0.00898657284036597,0.005726910214091108,0.01934043625090287,0.0060532615052524275,-0.0044375964856858685,-0.010872328329020964,-0.04320552364632069,-0.011624126178959582,-0.032372819455372404,-1.6954222665535525
2025-01-30,0.043,0.0436,-0.0012153466675353108,-0.002889885230174305,0.01152918800673497,-0.006707669083415357,0.003090467007490938,-0.00700678632800622,-0.03324099259913815,-0.003691880178742002,-0.02146515983256614,-1.7040795219862843
2025-01-31,0.0431,0.0438,0.0009144490916552783,0.0015934656214779963,0.014494537765860072,-0.005537883073131744,-0.003587958488551646,-0.007476593859214509,-0.02158383372606587,-0.008075759725985954,-0.028990260266353318,-1.668621449829711
2025-02-03,0.0434,0.0435,0.011654531582181882,0.023150895291800477,0.0333159671744685,0.007864306625554818,-0.015424307161289508,-0.02035550479253967,-0.03899264084102427,-0.022382177936815517,-0.06308915863097198,-1.5901380624708827
2025-02-04,0.0433,0.0433,0.008458199174734116,0.029011686514722523,0.029158175939031805,0.00618249678846805,-0.0014495611505705996,-0.02410025501040325,-0.03527886989222828,-0.022314255894808843,-0.06047802507584499,-1.6006890055898138
2025-02-05,0.0433,0.0433,0.013918538997739649,0.04069686326257571,0.03315795778949626,0.014375624310264401,0.00032085211935806157,-0.016073053155156725,-0.033964178726218264,-0.030311102467232787,-0.07188040546816066,-1.5892498907065855
2025-02-06,0.0434,0.0436,0.0074467474769506214,0.03721845979490346,0.030489259921353096,0.008318040045313557,-0.0016904630569700707,-0.01998160537417215,-0.029474601364817943,-0.030255473100411212,-0.06844787079675985,-1.5563250798315984
2025-02-07,0.0435,0.0435,0.0035175632410846536,0.045723124573441964,0.03979303641511289,0.006293117084369637,0.004480608251465457,-0.03067061054360143,-0.023711359766440898,-0.034262619441686404,-0.07604001599519794,-1.524042475670787
2025-02-10,0.0435,0.0435,0.0032936883195295863,0.051183749939740064,0.039051330058492706,0.008445820969324336,0.0067751947720855465,-0.03377472122783709,-0.03145945903577785,-0.04469510255935227,-0.078163509813862,-1.513998675236242
2025-02-11,0.0435,0.0434,0.003827508084186304,0.059471302935840464,0.04726155289530154,0.013680593223422521,0.006682209124383887,-0.030603587541318977,-0.02449274951390945,-0.050135205131522254,-0.08346190846126222,-1.5041510825642515
2025-02-12,0.0435,0.0432,0.0046507956907269055,0.05029448805313552,0.041174596372633765,0.013728645294987407,0.005362252685215507,-0.03419529255234066,-0.029200083157648993,-0.05056056907030926,-0.07039303784033035,-1.490441592034256
2025-02-13,0.0434,0.0433,0.0007041958899738354,0.04461658998122142,0.040780041005808565,0.01093854351597301,0.008747782753294686,-0.0336982894302118,-0.04088035756538366,-0.051238977034960054,-0.062062835716059195,-1.498353130028411
2025-02-14,0.0434,0.0433,0.001467725190136715,0.04010841979751789,0.02922312610458966,0.012764813850749679,0.012478836971688612,-0.0212122591893108,-0.02870135275401553,-0.04644787896444791,-0.05687993782003575,-1.4846867215365898
2025-02-17,0.0434,0.0433,0.0040078931358524805,0.04099059971976349,0.03187899611182088,0.015994611973512374,0.007832732496346972,-0.020701689819497604,-0.01739208724619412,-0.051922490961945456,-0.057505965772532974,-1.4712402314877986
2025-02-18,0.0434,0.0437,0.0008014982305990515,0.04330937028324078,0.030031170231475057,0.015052708655715508,0.008071944090547012,-0.026617611110530293,-0.013153405822085795,-0.049070717522772145,-0.060156699637741284,-1.457923905027836
2025-02-19,0.0434,0.0435,0.001731063589449633,0.044367856929745875,0.030483956796140577,0.020404585549453458,0.009147791218913515,-0.030101797558980015,-0.022648401367888815,-0.05370624873322616,-0.05866481324178341,-1.4450039338336336
2025-02-20,0.0433,0.0433,-0.0058942217113922,0.04180912437015083,0.030500679448540735,0.01064787288752167,0.0057793955036422595,-0.02562908708678746,-0.017352256034446345,-0.05251168821866292,-0.05721796979659266,-1.4534524235702035
2025-02-21,0.0432,0.0434,-0.018078989826694092,0.031922084438798404,0.020060208663277068,-0.0032748870111762862,0.011053852643833517,-0.016858558007803448,0.0018004202172003936,-0.05099109641470101,-0.048399167406806276,-1.461741724659478
2025-02-24,0.0431,0.0434,-0.013250748084957742,0.0313843794394828,0.021686931148132915,-0.004243592973664612,0.007353152114229378,-0.01754132586414958,0.009284668198670687,-0.053561083748365435,-0.049597236335026995,-1.469873566791874
2025-02-25,0.043,0.0433,-0.004591121680993737,0.031175945335778277,0.025795982349441138,0.0011352443783441135,-0.0002101777642947722,-0.01632674371982401,0.0005738438588780426,-0.05471725261698235,-0.05914834915818035,-1.4778080798903237
2025-02-26,0.0431,0.0433,-0.010367261977195508,0.02071066139344646,0.01603269876347846,-0.002110311760575745,-0.0003986230084166431,-0.009233576730090842,0.009357546016489637,-0.0475474672738061,-0.04899908220270266,-1.4436624338775794
2025-02-27,0.0432,0.0436,-0.0014556468320461313,0.029767495462927007,0.021267278089005526,0.0064076240216413005,-0.0019879579986809004,-0.01442468420134968,0.01349791531832234,-0.060005821797912806,-0.06101378370304922,-1.4100518406529865
2025-02-28,0.0432,0.043899999999999995,0.008136462732267313,0.0412499597192999,0.02693759435859988,0.01419929839234424,-0.009305232729447499,-0.021190739105024226,-0.00263304956289101,-0.06767410130782703,-0.06966206492181792,-1.3978987514485655
2025-03-03,0.0435,0.0433,0.003408013622856032,0.03889377556729978,0.02514407707112465,0.01165286555558076,-0.0034831631430406462,-0.02077402498327241,-0.0056907610297332045,-0.06371589194373051,-0.06403715514888464,-1.3231278500836798
2025-03-04,0.0434,0.0433,0.01186845195760089,0.02965657274008815,0.01744617505153334,0.017901659954150384,-0.013657731783705773,-0.01472226735375326,0.0032015813831420825,-0.06533882590419904,-0.04746719338621641,-1.3330245123176614
2025-03-05,0.0435,0.0434,-0.0008432128023849739,0.026508070834167174,0.019699961146449896,0.011661342878917624,-0.012544171176624874,-0.0144440300952412,-0.012863917682661263,-0.06391692041307939,-0.0529317669643794,-1.3010042354061853
2025-03-06,0.0434,0.0435,-0.002301861642476144,0.02304832746596497,0.015261424893437292,0.009947165662715696,-0.017965447379047483,-0.03534340040977568,-0.017911538618014644,-0.0530522415815774,-0.039010315161408515,-1.3111485508399483
2025-03-07,0.0434,0.0434,-0.05441620105342693,0.018223367025467452,0.001972712308732971,-0.03402964101885275,-0.003498677537761119,-0.035898621087542604,-0.018061164966724053,-0.011204997726561583,-0.014520021134368899,-1.3002767211608819
2025-03-10,0.0433,0.0433,-0.04858660768636258,0.005042848239497966,-0.015269197872112672,-0.03038203305488041,-0.009213497556160521,-0.02009487800491916,0.001226219132864026,0.01308220126155768,-0.0001598573859984409,-1.31041419220729
2025-03-11,0.0434,0.0432,-0.05163234451570131,0.013011793680482331,-0.00656177444187378,-0.031008396123108017,-0.012190842921820044,-0.0390009492932456,-0.00832261742043261,0.016420343492221656,-0.011390061499924165,-1.2787313077973665
2025-03-12,0.0435,0.0431,-0.025681379333590715,0.003471804287491498,-0.009221468953712564,-0.013112168319261652,-0.022941452203415036,-0.0316830148085937,-0.004343398081298244,0.010011685654027547,-0.0049293896564567286,-1.2474363163011466
2025-03-13,0.0434,0.043,-0.01646712706875264,0.034133745245316316,0.0021436789974722537,0.0018968122499765094,-0.02859688264761384,-0.06919038078915773,-0.030564090173173186,0.01340994398619677,-0.026227933640147416,-1.2580918311824196
2025-03-14,0.0433,0.043,0.0022117786336741663,0.04490756582314015,0.00978786594219705,0.023356887331372977,-0.03825782122457222,-0.07314585870547796,-0.02874643177083791,-0.0031550811163078007,-0.041665953157290714,-1.2685924006834968
2025-03-17,0.0434,0.0432,-0.000992218654049859,0.04212678197280306,0.018865924142460466,0.019900904755189464,-0.03265321631202345,-0.07706230795218283,-0.03618496816610406,-0.0058976495068860935,-0.03474412161605889,-1.237496661036952
2025-03-18,0.0434,0.0431,-0.006908343340620071,0.03420549367013148,0.018920338889224952,0.012156518190467924,-0.023651474669891814,-0.06857900736168465,-0.0414917634877956,0.009835781375767905,-0.021202113044275772,-1.2275047757686186
2025-03-19,0.0433,0.0429,0.0018545160633212099,0.04180346688783532,0.01795852892809635,0.02007340525801604,-0.030756321856328594,-0.07185094640548118,-0.05034393841596174,0.00030964888128615087,-0.029587579411567977,-1.2383066179304574
2025-03-20,0.0433,0.0429,0.0013956821703335898,0.044436095548273435,0.017164430729310842,0.019545249588718283,-0.03207628128962825,-0.07148558389156578,-0.04419160533368083,0.0010993124507348018,-0.033255600229427196,-1.2282164360924077
2025-03-21,0.0433,0.043,0.010961607520896477,0.04974700409409549,0.020512705487634175,0.030110203358775678,-0.032326343481746456,-0.07672874890816639,-0.04487334504163776,0.0017163606426386924,-0.035423280168747184,-1.2182440656167663
2025-03-24,0.0433,0.0431,0.02125677330977327,0.06247986731349431,0.03521545128965653,0.044328692524906455,-0.03477361155238978,-0.08366556537729852,-0.05879991420327302,-0.01581932327212421,-0.05887201477655546,-1.208362954125955
2025-03-25,0.0433,0.0433,0.014364303294404301,0.050694655704359715,0.026997583483010956,0.04084262277302986,-0.032760342786768315,-0.06414483113435598,-0.05362992574226111,-0.008043090875230807,-0.04909932787861859,-1.198643060642416
2025-03-26,0.0433,0.0435,0.00892227277609936,0.05004409229545148,0.024817929946800543,0.03825605367972029,-0.027947826203159387,-0.05987651611482936,-0.04486155307102602,-0.0003640850414173835,-0.03481620935748686,-1.1890322822615769
2025-03-27,0.0433,0.0436,0.018525177758789146,0.05863361318836535,0.034834754217640373,0.04703562609876344,-0.03057011561925249,-0.06268094303642713,-0.05046758578574906,-0.014630853572587532,-0.045012706344933595,-1.1795279500466636
2025-03-28,0.0433,0.0434,0.013087287077265142,0.05019349294638942,0.026101738002035413,0.03713021744782008,-0.030522493707507592,-0.0601315792499012,-0.04644438867483003,-0.003028763381556554,-0.030690112933612013,-1.1701847962125276
2025-03-31,0.0432,0.0441,0.023220730466051,0.054067954887348835,0.03848114234960032,0.04641447996087278,-0.03347517437433889,-0.06773005203403848,-0.04972035531804231,-0.01414600694174395,-0.041441868438352514,-1.1816122789018537
2025-04-01,0.0432,0.043899999999999995,0.023235638616955878,0.05272096906683732,0.037915052678632044,0.0469414316611616,-0.039184979465355374,-0.06833971774689829,-0.05078944920240802,-0.013218867451993854,-0.0394602534537043,-1.172277515275334
2025-04-02,0.0432,0.0437,0.01963699985178402,0.04899147347860855,0.031018049092232047,0.039276060278795155,-0.03515923904766016,-0.06502155422379596,-0.04522543853366978,-0.0059453180574726705,-0.03663611989465898,-1.163044639319557
2025-04-03,0.0431,0.043899999999999995,0.01948999183667266,0.03555003914379351,0.01840161066633339,0.03245315047491859,-0.026026137745777667,-0.054528403793449365,-0.01639252914500855,0.0029044962318260925,-0.01116493169507371,-1.1745865214817268
2025-04-04,0.042800000000000005,0.0435,0.019304577489680952,0.025307410361042892,0.014001919565855392,0.0285997342276052,-0.01837225011617427,-0.04086311403445486,-0.01098952928476804,0.0073423912019827675,-0.01597220882811179,-1.2273693242197332
2025-04-07,0.0429,0.0433,0.0791134830279554,0.029935197814228598,0.02957591475544663,0.07579319036622567,-0.029435973528542436,-0.0350148677406249,-0.012232379966335416,-0.034149138342421836,-0.03479210938481658,-1.1970357057769279
2025-04-08,0.0431,0.044000000000000004,0.08487968734859974,0.039155268258976195,0.04876250823866535,0.0863288520309029,-0.03289830847357378,-0.03964123925194507,-0.03216746683186211,-0.06409591082767874,-0.04928477008870469,-1.1462761662888457
2025-04-09,0.0435,0.044199999999999996,0.08051863043052898,0.02966747381192869,0.039337307598930726,0.07641452077115396,-0.029383295795189834,-0.025672231533808598,-0.013692577749255141,-0.05294203822378096,-0.03430374168824302,-1.0544457475308087
2025-04-10,0.0434,0.0437,0.04222312661641836,0.0248505103155936,0.03196342999995161,0.04647378726267637,-0.012537885614946509,-0.027646257832233068,-0.009389498341656588,-0.030772320743530424,-0.021670041434624476,-1.0670084594163338
2025-04-11,0.0434,0.0433,0.031738632737241756,-0.0025041935102325663,0.022857185851098194,0.030065268791881872,-0.0019353244956163973,0.01580239109930326,0.014365534775215627,-0.03794871867498706,-0.011539569917876413,-1.0587880247551407
2025-04-14,0.0433,0.0433,0.011182427303439102,-0.02182502169922451,0.0070764482526750605,0.0042787210529395825,0.007229424370681858,0.03277264630100518,0.032109442437668445,-0.01881475995934323,0.005729617402866927,-1.071450462084527
2025-04-15,0.0433,0.0436,0.02416218266109471,-0.013590467098587022,0.00985857073028873,0.011747112342194166,0.0023021972673629154,0.02876364627963679,0.03007245477396392,-0.019482073996003435,-0.005399789660661236,-1.0632296720457
2025-04-16,0.0433,0.0431,0.014342679914069345,-0.009806523396016842,0.0024538295327731774,0.00015327061909409245,0.0015762753267429819,0.02493021906087889,0.02422803407253782,-0.02465011026985342,-0.01243560164189006,-1.0550538302797887
2025-04-17,0.0434,0.0432,0.005143789097725948,-0.01790828989947091,0.005509087756356612,-0.01039051601804275,0.006854424502116263,0.025622049066615027,0.025963960451945267,-0.014375122661177464,-0.002085688264903518,-1.0261330630930185
2025-04-18,0.0434,0.0432,0.005806146172348647,-0.01835879778513716,0.005403426121303623,-0.008153403815874483,0.006702872326581399,0.02666662271854303,0.0237445079462828,-0.01804227434541139,-0.0021492524702761973,-1.0182796913664676
2025-04-21,0.0434,0.0432,0.012995554295229361,-0.0143339329296579,0.009525761216415018,-0.0007413189512235352,0.007013115628031086,0.026101376601725956,0.021468719792830937,-0.024375969440823875,-0.006917447992989545,-1.010494548847311
2025-04-22,0.0433,0.043,0.0006246340252540339,-0.019528208764499788,0.0013531164355489178,-0.012115543749608881,0.0054213458069813925,0.021830527434601565,0.024503788268552817,-0.011110782821804888,0.011980050480915105,-1.0236976318646682
2025-04-23,0.0433,0.042800000000000005,0.008923962537006336,-0.001767673399655445,0.010990238752471626,-0.0045628325440456585,0.0009894291296097535,-0.0012105355629545844,0.007477863003907181,-0.025091512080837708,-0.003036222091808649,-1.0158797114200961
2025-04-24,0.0432,0.0429,0.00699313533886059,-0.004016287417284992,0.011661351414357979,-0.009206131038741572,-0.0011604649042711301,-0.0017112810803596723,0.0044336068571699805,-0.02975302669762514,-0.0051960342598651454,-1.02914553534819
2025-04-25,0.0432,0.0433,0.015258307951532712,7.956436049183502e-05,0.01572854235708876,0.0006171501855880557,-0.008716953465452204,-0.007638117225680419,-8.394101573749868e-05,-0.02994781464441243,-0.011562651689025483,-1.0213284420586668
2025-04-28,0.0432,0.0436,0.015185117962587702,0.003997344492043808,0.020700466545353402,0.007613325001875948,-0.009732658282677331,-0.009633014122789274,-0.008245247255579957,-0.03439762926884993,-0.018333932046882273,-1.0136165050404122
2025-04-29,0.0431,0.0436,0.0028496890986968726,-0.006314700842144694,0.005743109439811933,-0.004002451653843275,-0.0014533429171275092,0.007391733725128136,0.014059898621742173,-0.017986843854715717,0.002606987641437186,-1.0271432502052171
2025-04-30,0.0431,0.0441,0.005994695707786324,-0.013660238438200634,0.0015418954487149694,0.0037720448006874907,0.0017574290909174728,0.011087903135031274,0.023879369145953122,-0.014743100137547538,0.005248976563787977,-1.019401285220136
2025-05-01,0.0431,0.043899999999999995,0.005130962410955675,0.004722098304276168,0.01313994419925657,0.006785718444025424,0.001167576034866391,-0.004830735895403615,0.005384306288423346,-0.0271787330484764,-0.009921650723440534,-1.0116918618063093
2025-05-02,0.0433,0.0436,0.008833656797011535,0.005029553016560495,0.01361544597202613,0.01008266958513615,-0.008688120120331044,-0.00809434758196681,-0.011227350169113137,-0.019388605998114983,-0.0178233981171797,-0.9615653903824058
2025-05-05,0.0433,0.0433,0.008194457981556047,0.01149935948563452,0.021460301845786844,0.016093492044131574,-0.008073920917196498,-0.009901704775256981,-0.015018234709610945,-0.0330276963259033,-0.012259967094777724,-0.9542635289605933
2025-05-06,0.0433,0.0432,0.0007241399477475596,0.006284178167657251,0.017969771174056293,0.007501529761357206,-0.007734084254375939,0.0013373113716796947,0.0012738848090749766,-0.025524075410927494,-0.005204619836635782,-0.9470541830919648
2025-05-07,0.0434,0.043,-0.002459965783629281,0.006990231101588806,0.014690575021898855,0.002043267325162912,-0.0065580086246527225,-0.009277801477110548,-0.002118425738072638,-0.015230018893951147,0.0004941524135411157,-0.9184363941101367
2025-05-08,0.0434,0.0429,0.011764480304473857,0.013057323061094639,0.02146934136804246,0.017190395477731713,-0.01210765940931502,-0.005704235810864433,-0.0021272436220083346,-0.027987483201902696,-0.009967099431731796,-0.9114064706970979
2025-05-09,0.0434,0.042800000000000005,0.016835532324257496,0.01635876512548795,0.02287958074157248,0.021193092542355796,-0.01679768459419062,-0.012671325736882011,-0.009067596702308278,-0.032443209848669,-0.012015523374615311,-0.9044278838342849
2025-05-12,0.044199999999999996,0.042800000000000005,0.015135654073595184,0.017667734240895294,0.020145318493975273,0.021988903366590984,-0.016166368358067618,-0.015028809662911646,-0.00872358382513061,-0.029502038382873685,-0.01488469521391389,-0.7243972128218032
2025-05-13,0.0441,0.043,0.024392160428449827,0.03081252024545411,0.02507126367864143,0.03374916243856396,-0.021890381064165187,-0.027163935742371192,-0.02341042532010429,-0.033461738692978304,-0.024261783416857363,-0.7398279239335115
2025-05-14,0.0441,0.0429,0.0056984598383866825,0.028946006794111856,0.019767744525249764,0.01696165828581586,-0.01911430033124817,-0.02505265456997363,-0.022538073796116054,-0.03071556957949262,-0.01920933822269766,-0.7334916235783029
2025-05-15,0.0438,0.0431,0.015430283954607438,0.03741075638669722,0.027459747534942958,0.028627797290841528,-0.0273624507363065,-0.0383152167944365,-0.023566272050329795,-0.04469529575854969,-0.032559152730362695,-0.7928810790148608
2025-05-16,0.0437,0.043,0.014708224978682738,0.03252043430731266,0.018795474258136657,0.02813995167060912,-0.026564551956932414,-0.026820019962486064,-0.010452384779711443,-0.047755340366046006,-0.026677405663922737,-0.808415341196939
2025-05-19,0.043899999999999995,0.0429,0.015756637547495345,0.032517031520633566,0.019546634620682735,0.02755404214509727,-0.02709886948280238,-0.026021927688924307,-0.003916091259943855,-0.04846864642231241,-0.02476571954868645,-0.7578195945347431
2025-05-20,0.0438,0.042699999999999995,0.0037142228264102073,0.02218451656556253,0.005237692649161518,0.014904007770428551,-0.019581656687076787,-0.02170091845073474,0.002766000756545317,-0.035956626495767696,-0.014241058521671346,-0.7736510073830338
2025-05-21,0.0436,0.0426,0.012668630546647686,0.016791595077971566,0.0013953314143448914,0.017226356321148995,-0.015335062226350171,-0.009255925374079155,0.004344263681613114,-0.026613391359336602,0.0008875205990908075,-0.8120129827164376
2025-05-22,0.0437,0.0426,0.008656017620384482,0.016025814680647787,0.004299038155396007,0.01134756247201718,-0.011925744984941478,-0.0105203744616712,0.010177019142506127,-0.013969753748201641,0.005450478501078493,-0.7834414757853746
2025-05-23,0.0436,0.0426,0.005756812339522854,0.019413463546091414,0.0012494608840569743,0.010934493297326986,-0.008565468721411174,-0.012832289171537337,0.016446755038620475,-0.009977747878963217,0.006629082110651163,-0.7997805589729654
2025-05-26,0.0436,0.0426,-0.0035977198885212003,0.019892442574091174,0.000704467481062343,0.00061746589886158,-0.000626106479408084,-0.011952673443133888,0.02142544664427759,-0.005092601460671697,0.007566893394234997,-0.793635767193887
2025-05-27,0.0435,0.0431,0.0023130914760496335,0.019647866042425077,0.003662432934267379,0.002771182604239586,-0.000669737548279814,-0.018612483657072687,0.016136847448903202,0.002182003264216359,0.00038821250766707394,-0.8103181659863042
2025-05-28,0.0435,0.0433,0.01178720533142319,0.030576282613900663,0.013212738435909754,0.018124696057031153,-0.007096362191821082,-0.0284433018808109,0.005042447790107207,-0.0038167680725688102,-0.016836266058335103,-0.8042868586490095
2025-05-29,0.0436,0.0433,0.018846798183513203,0.040817547967336054,0.021836072627507086,0.01676528116258913,-0.01501685364973071,-0.03802769942534545,-0.006884190742343255,-0.015816018249739994,-0.019229566046808477,-0.7752953854862329
2025-05-30,0.0436,0.0435,0.013530331382851202,0.030678980152069046,0.016348433596708345,0.014280628339272461,-0.009003579205739465,-0.028857460511568678,0.005132817012871271,-0.004941316156866327,-0.008298191945243283,-0.7693253092824164
2025-06-02,0.0444,0.0435,0.020931416440246542,0.03821395357823221,0.01955240157278193,0.01997093366133096,-0.008800654416988962,-0.03593704887592608,-0.00010429641827214287,-0.012694856367344465,-0.013144462527353351,-0.5768846308844418
2025-06-03,0.0443,0.0432,0.013034615521492876,0.030741548259942686,0.014049669259973419,0.008748583648765296,-0.004842988691172279,-0.030945923655739782,0.006668891808614186,0.0002385785382632566,-0.004561985180638883,-0.5943276045618322
2025-06-04,0.0444,0.042800000000000005,0.018065510011894936,0.036521748053739644,0.008763377358572022,0.013865607472053787,-0.009325530101062407,-0.03814606075430749,-0.0021622018432712053,-0.007463926739345927,-0.010723739032765134,-0.5646772837771734
2025-06-05,0.0444,0.0429,0.013344710593395925,0.03059414987520226,0.008570004570575218,0.00874321371003628,-0.0077563466781863655,-0.029181989496809724,0.013662053922115724,-0.005501535119008527,-0.0011266288395275215,-0.5586195771148927
2025-06-06,0.0443,0.0429,0.006342141476610941,0.028544864877016574,0.005296814940848993,0.0014764299456333507,-0.0046390326835309414,-0.030772003299590955,0.006660027049583128,0.0002750874236168155,-0.0009084606278229046,-0.5765661331644351
2025-06-09,0.0444,0.0429,0.0009043096931509176,0.028813248131503322,0.006307744124050441,-0.0027214965876414254,-0.001848054788241682,-0.02934508772245603,0.008300475329790169,0.001246212636885291,-0.012388109720851692,-0.5463732220040652
2025-06-10,0.044500000000000005,0.042800000000000005,0.0009844946212174133,0.025946477885352204,0.002105744478323235,-0.009469837825271665,-0.0022264340419458906,-0.030845112847442735,0.015974857095321315,0.0032307713455921316,-0.00484351984969944,-0.5159244007935748
2025-06-11,0.044500000000000005,0.042800000000000005,0.0013333238363346656,0.025679568274824316,0.006280007017595901,-0.010017231842303964,0.0011486332267585109,-0.03527103790129449,0.008809849619204613,-0.001076494583054366,-0.008550238509376307,-0.5097836975640623
2025-06-12,0.0446,0.042800000000000005,0.01298088998291469,0.016805132489995378,0.0008962168577688612,0.0008470800767634845,-0.0006878281031645894,-0.026490709643381627,0.01445872424789063,0.0029269620985561406,-0.0037218373735936616,-0.4788522882818296
2025-06-13,0.044500000000000005,0.042800000000000005,0.007671999097895288,0.007056007302025158,-0.009823442388802506,-0.009611114457858005,0.006435451587649688,-0.015092720954193006,0.028639453593115816,0.02224268757402048,0.014524620340636174,-0.49758237276172645
2025-06-16,0.0443,0.0432,0.006879753643839415,0.009484808318161342,-0.00951246966240582,-0.011111985150067172,0.008885497563203781,-0.01766279390870429,0.025685184643934322,0.022269329362559764,0.014991157153382728,-0.5417847795474082
2025-06-17,0.044199999999999996,0.0431,0.0012268795186369807,0.004851923705447625,-0.012696897878050506,-0.01568951450800482,0.010453393115517517,-0.015103662611813173,0.027858947217489494,0.037926356907457714,0.023683384389172835,-0.5611562514382893
2025-06-18,0.044199999999999996,0.042800000000000005,0.006975892572891773,0.013334565294915501,-0.0014094714814806286,-0.01220693687042329,0.0004165129027524639,-0.01952570791964625,0.018070374569581826,0.03172099727690281,0.01756621331710506,-0.5551903056982407
2025-06-19,0.044199999999999996,0.042800000000000005,-0.0014166091144407478,0.012022094255487392,0.0011955123372342502,-0.01412962664384565,0.0029132117066721364,-0.01975439883151442,0.024055737764626217,0.03082934658205594,0.008755665970566762,-0.5492270470473493
2025-06-20,0.043899999999999995,0.0429,0.003594767699596657,0.010246624970398965,-0.004507789716443833,-0.008000636491019453,0.002081016184888318,-0.018630768712959767,0.022125338354799906,0.014315241674710766,0.0034206848821762836,-0.621475136386294
2025-06-23,0.0438,0.0429,0.012625353927448124,0.016840106625227724,0.003979444446416069,0.0012595533709123252,-0.004621721143634572,-0.024048862179917085,0.008103988172309506,0.0058311518009479535,-0.013804791683643902,-0.642118113401533
2025-06-24,0.0438,0.043,0.011873173815288851,0.01207956765396534,-0.0017578607150164904,0.0007859953249880203,-0.009054057245746594,-0.023320763187100524,0.005872827176807149,0.0014211253161466875,-0.006722765719410995,-0.636543951760052
2025-06-25,0.0438,0.0436,0.016625624238540526,0.013952594051404699,-0.002593731527991805,0.006072098924078784,-0.009113736024720431,-0.01627392301328645,0.009602835902938756,-0.0016185595074977854,-0.00042908467953051144,-0.6310050546505901
2025-06-26,0.043899999999999995,0.044000000000000004,0.011353740918514932,0.006195570161722674,-0.01328047865236237,-0.003103110511993523,-0.005207060507670613,-0.011023592383230585,0.014499239661561303,0.0008100042122483053,0.007413934881698392,-0.5984498724557342
2025-06-27,0.043899999999999995,0.043899999999999995,0.004075345683715481,0.005525716394749747,-0.020685535151668932,-0.006549044942013027,0.004324548859546917,-0.006892389168326574,0.02155585781466951,0.007685542542745782,-0.0006100385953224929,-0.592860291110709
2025-06-30,0.0441,0.044500000000000005,-0.0014091887940752557,-0.011144473693599721,-0.02619945847136418,-0.015186537184865845,0.003866586388702853,0.006075753488187674,0.02741549895228257,0.011411452767794206,0.014370577179910304,-0.5319946247443982
2025-07-01,0.044000000000000004,0.0444,-0.009861011816578058,-0.020040868565741943,-0.02745512767029401,-0.022615708086223818,0.012384784172696506,0.01608382485684756,0.03228093318847036,0.012074279736646432,0.02083157806261915,-0.5539570673820491
2025-07-02,0.0441,0.044000000000000004,-0.020656576805100912,-0.03186504084940589,-0.03561012525059615,-0.03165345114621354,0.013258291259190758,0.028481459947049315,0.040613139422427835,0.0230979344993254,0.032460114772158155,-0.5199889789826683
2025-07-03,0.044199999999999996,0.0435,-0.023365316114881574,-0.03190651195507965,-0.03224533647637973,-0.03295898076652959,0.01986438299844373,0.028300723102640646,0.05048564126334765,0.026946621861086095,0.02895295823747346,-0.4855598189162469
2025-07-04,0.044199999999999996,0.0435,-0.01645029812750043,-0.015699909353685038,-0.027682850536626336,-0.02728808983371167,0.015125605817321697,0.012479520989114423,0.018392027741334083,0.019720041601974048,0.008473402794427543,-0.47945166745188766
2025-07-07,0.044199999999999996,0.0433,-0.011751821742976287,-0.016692744917068514,-0.025930184063308603,-0.022182749886773934,0.012107323677678528,0.016434889599221014,0.01588255997658239,0.018120472580833935,0.009096060070399759,-0.47333122736691025
2025-07-08,0.044199999999999996,0.0434,-0.005087757518768443,-0.013408703138404254,-0.023792756759310918,-0.016398343041716723,0.007712973001454015,0.012243416878231939,0.011433110020543591,0.014574928887941985,0.016927350553375353,-0.46719759209207096
2025-07-09,0.044199999999999996,0.0432,-0.003724537347051471,-0.005236760441671207,-0.0167374623689428,-0.010860945724608384,0.005179800774209653,0.012791029204081372,0.00234250245430756,0.008636469043596717,0.008508474318220216,-0.4610498814294006
2025-07-10,0.044199999999999996,0.0431,-0.0015596289027999255,-0.004647377890740434,-0.010411501578839633,-0.004716378833809154,0.0035443072379919283,0.016092194048962005,0.004948240483463984,0.012155524913696869,0.005464865310785605,-0.45484342429843266
2025-07-11,0.0441,0.0431,-0.011568850365324734,-0.004682398188118553,-0.009948843747909608,-0.015295702746294992,0.0070589970874850305,0.013492814704912481,0.009406151788908579,0.020647433318344177,0.007212418517885455,-0.47924265670414
2025-07-14,0.044199999999999996,0.0433,-0.009680424131878862,-0.00544906604422335,-0.004339703467584166,-0.011055258531051937,0.006555117179057213,0.018838086828479872,0.0056349627711234085,0.008191936881711381,0.006740460191829056,-0.4421618343884743
2025-07-15,0.044199999999999996,0.0437,-0.0022788266747491015,0.0009224025177798634,0.005671832355446993,-0.0023592751461971595,0.00473559575850957,0.010365128977306792,-0.00023013315407249824,0.0074054231603841725,-0.0076344934079896065,-0.43583078700698796
2025-07-16,0.0441,0.0434,0.005018629337892655,0.009089157568882289,0.014332526579098559,0.004485743192778946,0.002602781990500791,0.004117705157882234,-0.01103116039970864,-0.006136612324515123,-0.018594025998554642,-0.46142315205727685
2025-07-17,0.0441,0.0434,-0.004212335392989597,0.0013399546634500492,0.008918096868226089,-0.004174397217522996,0.00904356255633676,0.008240476741894653,-0.002108144470992168,-0.003469858661264147,-0.013688878993313724,-0.45539128885608776
2025-07-18,0.044000000000000004,0.043,0.002273037053044824,0.007843471706850291,0.009218370109310925,-0.002644264900173554,0.005758642128953273,0.004633302031886721,-0.007935717409885301,-0.010505122878871398,-0.01793814089301926,-0.4822476879058357
2025-07-21,0.0441,0.042800000000000005,-0.002658365118266337,0.0032321786626601234,0.006875694411370148,-0.004875264227005238,0.005690758049102351,0.0077760261636103944,-0.003469621510974852,0.0028427021578383282,-0.010200110154553133,-0.4430909746614742
2025-07-22,0.0441,0.042800000000000005,-0.011258792536272377,-0.004447461746018622,-0.00019689332729577735,-0.012048903727887361,0.01390774987615595,0.012136558237465511,0.0021844407943361066,0.01218633962251392,0.0036047909181395887,-0.4367434977407712
2025-07-23,0.0441,0.042800000000000005,-0.01809569207260686,-0.007445530944954815,-0.0040803332469048215,-0.02865129752277107,0.01973639590351106,0.01324290633156755,0.0036310896117155433,0.01608799761259405,0.007501952249823862,-0.4305029127361203
2025-07-24,0.044199999999999996,0.043,-0.027029500512289584,-0.013691852227135648,-0.011795679783667912,-0.037286174836390185,0.02197556216100849,0.020987340484261985,0.01391880079173169,0.007759391247252445,0.011470750614452463,-0.38941646817520525
2025-07-25,0.044199999999999996,0.0436,-0.01701898904295851,-0.003957915008662716,8.117852870270781e-05,-0.028441344312145844,0.01379699394322853,0.009297070586289147,0.0014284646651692157,-0.005217697631194507,-0.002124644049044555,-0.3827092815123289
2025-07-28,0.044000000000000004,0.0436,-0.01397852358317031,-0.01176952278146648,0.0009418173465034485,-0.02826326805975332,0.011472613689305522,0.013578591397812367,6.0905910381769957e-05,-0.0003630704125093809,0.009121037309237856,-0.4478463654933257
2025-07-29,0.044000000000000004,0.0436,-0.0043236151576862,0.0036781209829499506,0.008868981362718742,-0.019004551171308504,0.0072155023198172685,0.0008218182541472885,-0.006849441767926678,-0.005567696906919384,-0.004969467695332241,-0.44190132164770995
2025-07-30,0.0441,0.0432,-0.00027874980255981896,0.0083982523593511,0.011248690728136834,-0.015690401698307044,0.0005444686151621081,-0.0049287588807199745,-0.007585501878797918,-0.012523320660057458,-0.0125326662898122,-0.3987563223996552
2025-07-31,0.0441,0.043899999999999995,0.013227415884325966,0.02206643596681479,0.019118281107186164,-0.0038252716327262792,-0.005453800147584564,-0.01428903352536759,-0.01632426435438805,-0.022542471487535076,-0.030815873183042464,-0.3922788301163516
2025-08-01,0.0435,0.0434,0.017811053971348523,0.023465479444278348,0.02225428241862515,0.0013916575046768465,-0.008558860587328354,-0.016291936360781634,-0.02437457203192306,-0.0257271581084213,-0.03350288123570033,-0.6173139584704455
2025-08-04,0.0435,0.0433,0.013556921462674731,0.011153531643032677,0.019414098516261413,-0.0013347636387970319,-0.002242674299770986,-0.004800931481529935,-0.001757821419883565,-0.02554232437319892,-0.02768625089363097,-0.614515026739152
2025-08-05,0.0434,0.0434,0.0067191044459005145,0.004479971745737998,0.006464231839176993,-0.009343558455867984,0.0011985001863727973,-0.0022302354165283367,0.011955644285279732,-0.021152105332283178,-0.018851596399357073,-0.6520427452705478
2025-08-06,0.0432,0.0434,0.011031242233456862,0.00701964696068047,0.010686064562588804,-0.004769548000448265,0.0016266869811369933,-0.0038665607021960424,0.002846287448456497,-0.021290342140936502,-0.025466882823793835,-0.7320269882613955
2025-08-07,0.0432,0.0435,0.003350952486970815,-0.0005361939063596166,0.00648025167086419,-0.013053824631470645,0.0055170913043645076,-0.001141365534606087,0.008030319993697077,-0.010571564124549515,-0.015508037377088502,-0.7311882337760702
2025-08-08,0.0432,0.0435,0.004411815613472259,0.0031274872170570234,0.0030764025285805463,-0.013637122861799078,0.007391192931455626,-0.008080054833699335,0.010263002293437351,-0.018621166444049764,-0.017972679156105897,-0.7300946109823769
2025-08-11,0.0434,0.0434,0.01233178648351263,0.010403836409558886,0.00807755388058018,-0.0007074250779134372,0.00307577595862063,-0.01815547372909876,-0.002031660044301553,-0.02999447008232914,-0.02247107448068253,-0.642568973160738
2025-08-12,0.0433,0.0436,0.010791030211755315,0.007255704802518137,0.006388819335468421,-0.002440875713201396,0.00529269962646528,-0.01786156920423765,-0.0049485347441983185,-0.02396427462764994,-0.025918395448988774,-0.6855127166135269
2025-08-13,0.0429,0.0433,0.013708571006071146,0.002258809136140849,0.0022602984600310627,-0.0023537495369184702,0.006601460092125366,-0.009266394992600624,-0.0028830580118610616,-0.028113183105079376,-0.020968879838516696,-0.867505922605271
2025-08-14,0.043,0.0434,0.017750189479763367,0.0018658617125033583,-0.0006381090071297946,-0.0005355544792644551,0.005933635445884766,-0.010898187173490781,0.0007069325020514494,-0.0322033423650564,-0.023760437527175604,-0.8233593976963722
2025-08-15,0.043,0.0436,0.023314054711021992,0.006449552106195133,0.0016805612149377591,0.005459269392878774,0.0018750752981635532,-0.013399014182011615,-0.00016923101241983485,-0.03477123404441229,-0.026712933531642613,-0.8252494319221001
2025-08-18,0.0433,0.0434,0.02457267294076515,0.004881877624247188,0.003414288021975631,0.006834743322120307,-0.002967763357610065,-0.01480287976310668,0.0009574044144633476,-0.03459029699476568,-0.02859166819343406,-0.681111137230459
2025-08-19,0.043,0.0433,0.02990051455205478,0.01740345839933166,0.010786641434385347,0.011076865925217172,-0.004586268091467338,-0.026628344174836505,-0.010161212970362654,-0.04388870359970354,-0.035064244021619784,-0.8330737668723366
2025-08-20,0.043,0.0431,0.030660764377641314,0.015788115652959123,0.010598447312354153,0.006189287432020185,-0.006930662595932224,-0.02405392745584234,-0.005685985486638234,-0.04620654805132496,-0.03317774473571278,-0.8379437381321111
2025-08-21,0.0432,0.0432,0.02824721725833257,0.011956172772436213,0.006656003110366182,0.010828208260278638,-0.005838787325084693,-0.014462654628228822,0.004269763984789954,-0.035450911161837406,-0.02516350667682732,-0.736468298934732
2025-08-22,0.042699999999999995,0.0436,0.025494068103041556,0.010668838764347433,0.003379673367827518,0.004979411301318626,-0.008517730070088714,-0.015383242166363886,-0.00196110389860793,-0.025002483575599088,-0.020598908919229664,-1.0145044883938013
2025-08-25,0.0429,0.0437,0.018057134033495847,0.007812291618436662,0.0002837488660192289,0.00057750960339642,-0.00028197211174263437,-0.012302735969605294,0.003464387313194761,-0.015470880629942063,-0.015683050143185162,-0.9110469521132919
2025-08-26,0.042800000000000005,0.0438,0.018006101266006658,0.01687108349847355,0.0052744955553651884,0.001335432116994717,-0.0014575061480611717,-0.01828397295495665,-0.0014138600816316904,-0.024634491224965083,-0.026521337023960756,-0.9765929360127629
2025-08-27,0.0426,0.0436,0.01402752358061643,0.009043362625752227,-0.0019532540363196293,-0.007135278080093288,0.004525306444673083,-0.011321812507438911,0.008741244630885436,-0.018853502081047857,-0.01643397615726816,-1.1051747103806786
2025-08-28,0.0426,0.0434,0.003979928812019029,0.0012712092945141862,-0.012389560836957192,-0.016718981385343112,0.011580810672316977,-0.0018216041583887232,0.01727577634514721,-0.004266765430527841,-0.006767773538437938,-1.1145502054126986
2025-08-29,0.042300000000000004,0.0434,0.0033064319805888864,0.0022831448639242247,-0.007615868972961404,-0.018160965384346972,0.013702071965658869,-0.005127357065487614,0.0178146032615909,-0.010396509233650097,-0.007991833999579478,-1.3189200070526506
2025-09-01,0.042300000000000004,0.0434,0.005865278138209806,0.0033903641552088803,-0.0049313889678732625,-0.019564686731016412,0.012941875231298638,-0.0042965164366153274,0.010183763757178443,-0.007445465294648512,-0.004202256935690429,-1.3361828062750818
2025-09-02,0.042,0.043899999999999995,0.008220363334823233,0.001701665238776462,-0.00771643814438383,-0.018674730894150726,0.012809661333896383,-0.00493657429454919,0.006207299142250822,0.0001021747562655051,0.003872017740622402,-1.54469746660051
2025-09-03,0.0418,0.043899999999999995,0.014911353848953368,0.008424951280636472,0.007225430694243196,-0.006805670643123651,0.011244476803591308,-0.010406184097670801,-0.009862209896785323,-0.012157280931949566,-0.00935638870609401,-1.69168499972426
2025-09-04,0.0416,0.0441,0.008204063487819102,0.00554598362438119,0.0003764760722184679,-0.010475063953976904,0.012165516571422952,-0.008434895309237467,-0.005608878598583611,-0.006077101160125498,-0.0030703090136722233,-1.8424275060909792
2025-09-05,0.0407,0.044199999999999996,0.010901746465486584,0.0047669751520882375,-0.0007926907177069342,-0.004514125628443222,0.010857752901018314,-0.009861754358950092,0.00829656483651009,-0.010920670511670894,-0.007228336126810286,-2.4606226711030033
2025-09-08,0.040999999999999995,0.044000000000000004,0.009458898722508602,-0.0002459871125957136,-0.0005933557758934782,-0.008100229189510477,0.008096046463532236,-0.005342923616955986,0.013394539652445525,-0.009633545668131238,-0.0001204441002667922,-2.2402341901305247
2025-09-09,0.040999999999999995,0.044000000000000004,-0.0026650986710731184,-0.00973161558067337,-0.009743655238011795,-0.024791041053084162,0.011438906644740232,0.007290500178743997,0.031805573345143,-0.000917481810289611,0.005372571736274923,-2.2243434810101292
2025-09-10,0.0409,0.043899999999999995,-3.0324168072248803e-05,-0.006048602737013353,-0.008851717964528993,-0.02404835238314984,0.007799751536111232,0.005267830670474094,0.03587707912287641,-0.0003197683061141321,0.004812371085407108,-2.274469467373254
2025-09-11,0.0408,0.0441,-0.00876593936086778,-0.011705258937741436,-0.016977202696376703,-0.0321127708003619,0.011420973369811627,0.00939060300867367,0.03823334766015396,0.01421929703256608,0.02046735323053528,-2.3202459939798454
2025-09-12,0.0408,0.044199999999999996,-0.025434770638330995,-0.011277532502625975,-0.0177104900385463,-0.04199116449893836,0.011912914495858518,0.008003025350414639,0.03282074094219278,0.025306731396609328,0.02157651987747844,-2.2965124576585625
2025-09-15,0.0406,0.0451,-0.020664592411338,-0.013614155037148912,-0.016292432791383926,-0.03962791152165934,0.014451896998835867,0.00952679283768676,0.032289121119750686,0.022880387690595416,0.019515167282504464,-2.4083476102644537
2025-09-16,0.0404,0.043899999999999995,-0.027229124288917994,-0.013725487016902238,-0.02066184290875339,-0.04257170716704706,0.01967472499168932,0.008645246517036798,0.029347743049049857,0.034162818813453066,0.028325225048459135,-2.5160207425625702
2025-09-17,0.04019999999999999,0.0438,-0.027058944716928268,-0.01896016241067011,-0.01827035611496497,-0.045628283807770065,0.022360027699924956,0.013538401845316184,0.031151638267063797,0.0349741422740506,0.026759119839835588,-2.6253611013016656
2025-09-18,0.0403,0.0414,-0.025569827914859178,-0.010716732989579092,-0.013512806720631154,-0.03491179818877577,0.02005102748854659,0.004427063053118241,0.021982207931337205,0.025473959627200893,0.014218572283255515,-2.528251300696871
2025-09-19,0.0403,0.0414,-0.01755850244758239,-0.01133104035361221,-0.009599521896991203,-0.02707136043066183,0.016248811520044315,0.0013628045072728856,0.01995976631251195,0.019023371150600932,0.008664570030969765,-2.49891675887319
2025-09-22,0.04,0.0414,-0.011077767802424643,-0.007883263989807543,-0.00442370773037748,-0.01825593369287115,0.018212154814646997,-0.004810187473570204,0.018089745314899153,0.012511389391906658,5.7432505663701505e-05,-2.667483520648188
2025-09-23,0.04,0.0412,-0.016675673874900987,-0.017006173263522162,-0.011079737451511362,-0.02150258393786364,0.014104996504749723,0.005439255826156897,0.02821458179299352,0.014978447570766606,0.007481847009574771,-2.638548295395263
2025-09-24,0.04019999999999999,0.041299999999999996,-0.016338656478701807,-0.017435916684727992,-0.012764303352400197,-0.02050372832066405,0.010817224244681567,0.00588808910262939,0.02940789744350969,0.014350358109853412,0.007958523889874947,-2.485296038818104
2025-09-25,0.0404,0.0418,-0.010949396526293453,-0.010781511110678044,-0.009286566008736785,-0.010556801061787469,0.006519794008823965,0.0005285706420750103,0.02588888640418796,0.0030897254702471066,-0.002503205478746051,-2.333601881143206
2025-09-26,0.04019999999999999,0.0416,-0.0005095828750977249,-0.0026636869352186787,-0.0010604696529054047,-0.0005189766211270985,0.0037587568508361535,-0.004987243753820092,0.021353203092465467,-0.004338863798431181,-0.008536407773105492,-2.4504761536717576
2025-09-29,0.0404,0.041299999999999996,0.0007018143770545215,-0.004823869407516668,-0.005014915118254026,-0.00046770108309834857,0.0038168147852288836,-0.0035987908062891094,0.022000619727136295,0.002747158043028275,-0.0027630649959261566,-2.3002182648874965
2025-09-30,0.04019999999999999,0.0424,0.00047415819714125007,-0.006271892993510497,-0.011752237694509948,0.00035856501826070364,0.0016311803699837757,-0.005481728059124946,0.02110435452842907,-0.0007992500976494732,-0.0049251450463470015,-2.4165070777799667
2025-10-01,0.0401,0.042,-0.005127980874436444,-0.01128998377205137,-0.01844715319044299,-0.0054703476798070305,0.0012784380110819615,0.004521478821073677,0.03192636536201032,0.0024689391830139407,-0.0012446777115187047,-2.4637783931559887
2025-10-02,0.04019999999999999,0.042,-0.008494937004931313,-0.013771174172086842,-0.023818019696333348,-0.013139565717281143,0.002984358564306122,0.005872730382826985,0.04634799186781602,0.013722023969676922,0.006670951383052071,-2.3778746006655362
2025-10-03,0.0403,0.0418,-0.007939919920569194,-0.016807884632179748,-0.023195939808483446,-0.016619031792373784,0.003903767078020426,0.009886793655024206,0.04787640992150055,0.014053051488338575,0.01067760105862292,-2.293202137190896
2025-10-06,0.04019999999999999,0.0415,-0.007890510666473283,-0.016506936998976762,-0.022224750275155025,-0.0202029101719714,0.00647332481923768,0.013723221780581829,0.0307340070389559,0.01638476374359321,0.010642708547579094,-2.3463162076551924
2025-10-07,0.0401,0.0414,-0.019783625185743725,-0.019192326489842926,-0.03434993608975001,-0.03400057349455132,0.011107081241906736,0.019398371836669037,0.02145940171894467,0.0304423469275954,0.02123182091535525,-2.3973527878559278
2025-10-08,0.0401,0.0412,-0.0107283734427559,-0.013543065629222473,-0.027450877636317483,-0.02219979424149654,0.010714721750868073,0.01394957216749182,0.013298191014905036,0.02438196627265965,0.015938158092277943,-2.3810873872859526
2025-10-09,0.0403,0.041299999999999996,-0.015278593864610168,-0.0071142501346899145,-0.019435382873689067,-0.024980817956350987,0.011265109495012249,0.005489650841726812,0.0017553404764882874,0.022146998179463084,0.014761710619618285,-2.230842001843399
2025-10-10,0.04019999999999999,0.0415,-0.00897581863261343,-0.0019509131332969831,-0.012196308574500492,-0.021850466001884672,0.0017832752910715843,0.0011411956625249076,0.005569934463965698,0.010237522459870751,0.0009409758514880018,-2.2863423350122805
2025-10-13,0.04019999999999999,0.0415,0.00561357074904234,-0.0038947658054624412,-0.012237649877802292,-0.014493201621614937,0.0019287574940647367,0.0035397129539216365,0.013744912014299393,0.00246147143096076,6.84017852665697e-05,-2.2702730080506384
2025-10-14,0.04019999999999999,0.04190000000000001,0.002748920766439067,0.0017845046049287383,-0.013481680518630967,-0.010528179116029102,-0.0016525757875655023,-0.004923613878339395,0.01076525676144402,-0.003919270404884712,-0.006374921283955781,-2.2588439414180086
2025-10-15,0.0403,0.0429,0.006947553012933927,-0.0008694407601267384,-0.014545712264105726,-0.009223231103295926,-0.002541801762039775,-0.004628687002330989,0.01965316628591185,-0.00819380198064612,-0.01030131630040576,-2.1767514062063373
2025-10-16,0.04019999999999999,0.043,0.0032265997106775135,-0.0012330028368482404,-0.01882078861621095,-0.011409221015531767,-0.0007475405127832513,-0.004117737865416582,0.02423593867619034,-0.007271351210627608,-0.006904033868799786,-2.2320862926226566
2025-10-17,0.04,0.0418,0.007806331551954759,-0.007201607199752824,-0.021227238133471937,-0.008855120536442329,-0.0019792679721410966,0.003094084978791045,0.029742950585591066,0.002083836641163961,0.0033911664575443368,-2.350596478583234
2025-10-20,0.0397,0.0416,-0.0013842993863703024,-0.005737405849114752,-0.02008941929666075,-0.01343572253131875,0.0024686603462724666,0.0033392090012558384,0.02897946504645077,0.004528441090816404,0.005590694574739485,-2.529328819291189
2025-10-21,0.039599999999999996,0.042300000000000004,-0.0011194999158476993,-0.005431584516544352,-0.01922164387567049,-0.014844079680444877,-0.0034134308505442412,0.009843491923510417,0.031663297448418115,0.006071307291483308,0.005875301642606967,-2.5646458546425515
2025-10-22,0.039599999999999996,0.0421,-0.0002920596947613152,-0.005147099324311566,-0.022701461320890903,-0.02232291828952493,0.0016119727109125126,0.010945124524105454,0.03356967630589702,0.011033473382092707,0.011658632677857828,-2.5368051351569196
2025-10-23,0.0395,0.0424,-0.0062404870204684215,-0.006367087736665722,-0.019993764476120446,-0.025291716407288112,0.007320112323701666,0.011795144328008877,0.035635841978330474,0.0180357468252772,0.013605355986999301,-2.5748844938389333
2025-10-24,0.0393,0.0424,-0.008043170651686027,-0.009505308014438496,-0.017339702387107137,-0.024675582650432126,0.007721679631733647,0.017092592083095548,0.026775523264098045,0.027262586360851104,0.017395741550784383,-2.677000443851576
2025-10-27,0.038900000000000004,0.042699999999999995,-0.010435218097089027,-0.009596231444286452,-0.016230670444409734,-0.025413154020623496,0.008261010868921614,0.015777915665175613,0.025336242446669877,0.023907677963029617,0.017608813849929073,-2.9026104608150645
2025-10-28,0.038900000000000004,0.0431,-0.013462804841585907,-0.007459333236343291,-0.013664077677884134,-0.026146135501520562,0.007919169363943546,0.016825835414643775,0.02317079056959437,0.023996917448644517,0.016290519450627983,-2.8597395112036987
2025-10-29,0.0393,0.042699999999999995,-0.00914792988101698,-0.0047800840262406386,-0.002585481767151343,-0.013242466212104342,0.007217178233745125,0.013445496290638292,0.029710444945681536,0.022041747592492555,0.012410087446341533,-2.563033426523262
2025-10-30,0.0392,0.0404,-0.006234433966667341,-0.00030163566459551205,0.0034692064451118387,-0.005774559222605502,0.006075515549205157,0.006001527601951828,0.023323401062805837,0.014719146691618556,0.006982532109913064,-2.597499629741634
2025-10-31,0.038900000000000004,0.042199999999999994,-0.001219844758761246,0.0025058487143541086,0.006130001841709198,-0.001548807136318997,-0.0008368720273030927,0.002183151380504844,0.013177387643652283,0.006855725537162405,0.0009782399967657174,-2.7536962363159323
2025-11-03,0.0398,0.041299999999999996,-0.0002597919151444694,0.006906523116930963,0.005680048900842838,0.0005955477648993401,-0.0010988375406247863,-0.00037270490827856495,0.008832967651507317,0.0013039944789301483,-0.004513533468274544,-2.145892467465234
2025-11-04,0.039599999999999996,0.04,0.004987375739331057,0.00944182832608531,0.006411402485785533,0.005918778908630795,-0.006104393663928787,-0.0065212330983852596,0.01039539920836452,3.956029299478914e-06,-0.006180407944931687,-2.2530055460714555
2025-11-05,0.039599999999999996,0.0391,0.018412772168527436,0.015785225364510547,0.02512113453403475,0.023359512649979486,-0.010481547748474651,-0.013044056155310901,0.010093891675192479,-0.015944612596812013,-0.021342448490832888,-2.233162182536298
2025-11-06,0.0393,0.0392,0.014824828075705065,0.012702265665787138,0.020623485692663923,0.016017977497847058,-0.01011186347234505,-0.007348096413585137,0.006938271194121937,-0.00908173590342265,-0.013314516524400632,-2.402603500308928
2025-11-07,0.0392,0.0393,0.023365863600123493,0.007880426676586616,0.013974872426254281,0.02429261531976401,-0.019643117204867555,-0.0013028855334885625,0.015639291272596667,-0.00829529328082923,-0.017662443700400043,-2.44090956652103
2025-11-10,0.0395,0.0395,0.019208623168578187,0.008451618786070147,0.014009045180277235,0.026459266706768902,-0.01387088288538807,-0.00056001440986575,0.013177950292598162,-0.004472855976082268,-0.01549536261633444,-2.2281810598564076
2025-11-11,0.0395,0.0395,0.016237113166984507,0.006151379194357709,0.009911050314326486,0.024046799228996774,-0.012833771990886533,0.0009190616495302617,0.01746397189023452,0.0017525451120534719,-0.016338785110932674,-2.2097270129360385
2025-11-12,0.0395,0.0398,0.022206760543117543,0.009817198831968854,0.017900232674656458,0.028265700960515394,-0.016153191568986314,-0.0011869839295424178,0.011130919174814125,0.0034150654354863086,-0.019616944536870462,-2.1909988502849806
2025-11-13,0.039599999999999996,0.04,0.01967443777550404,0.012702084103102917,0.020005395721506947,0.025943851551399444,-0.016674646968439788,-0.0037977772162951506,0.0055199234737881575,-0.000821964886137172,-0.020398872091951126,-2.1090986126630984
2025-11-14,0.0395,0.0395,0.0181192083692987,0.009084919353623766,0.016388873555892358,0.026795146105719647,-0.019073061266124847,0.003617965232489473,0.008116022572663084,0.00909867110111895,-0.01474512819873175,-2.1542380272080472
2025-11-17,0.0397,0.04,0.0166536229268619,0.011989747587610289,0.01675252327295418,0.019342964213080016,-0.017762594735511006,0.002178104485529575,0.002781593667600335,0.005969701585883724,-0.017718898277239603,-2.0098287672968094
2025-11-18,0.0394,0.0394,0.021762893322237575,0.013711680841824725,0.020434135331124148,0.023201846366084133,-0.020953022692058787,-0.0013061160937187788,-0.003187902166780887,0.008067492107672658,-0.019007434585498917,-2.1814987217244255
2025-11-19,0.0395,0.0391,0.014208373545063324,0.013914673768265162,0.01727193060798715,0.02010609205141667,-0.014393918213037815,-0.006248432044744789,-0.00034078889981692395,0.008929898400867442,-0.01819881357748121,-2.093702209959768
2025-11-20,0.0394,0.0391,0.01907419509960473,0.016028984534179003,0.024772361173856172,0.028799640912187563,-0.018906928298616732,-0.014166519582866632,-0.008955907434888277,-0.0018966889195746184,-0.02688404288487567,-2.1319007113902515
2025-11-21,0.039,0.0393,0.024916491566350674,0.015044924042113772,0.022326253450013933,0.0291658081507018,-0.02135373508265903,-0.011980424031531878,0.0019507753796419447,-0.00701653636143218,-0.028342751384157983,-2.352394731789388
2025-11-24,0.0391,0.039599999999999996,0.030329624152355628,0.022449352733292294,0.028521206375074604,0.03287301324362657,-0.024541318758628528,-0.021318941204730768,0.0012061890958987576,-0.013300781914029058,-0.03259387606941255,-2.258558000536114
2025-11-25,0.039,0.0401,0.03651538208811145,0.023909588608465926,0.03108799477253732,0.040825009040796445,-0.030016339843049966,-0.026168370346209113,-0.004861764831134319,-0.01946210040006624,-0.04032810832181455,-2.287860146147745
2025-11-26,0.0392,0.0405,0.0357942856637512,0.019946318473761604,0.026970489360522487,0.03884777833449049,-0.029548640072265098,-0.02540902671246792,-0.00034564972136574834,-0.019545586333551412,-0.0385093715951802,-2.1356235759532898
2025-11-27,0.0392,0.0405,0.02770090668607672,0.015792318172570985,0.01992843120992549,0.02267681334609195,-0.02617611711320511,-0.019216153913203082,-0.000953680430038073,-0.020251138436688798,-0.03345776365597153,-2.1079628342739363
2025-11-28,0.0388,0.0412,0.027280727753585143,0.014904229013835701,0.01934152077204021,0.016593928064446706,-0.025502678851749283,-0.01909022836446217,0.0011453562642815829,-0.01501644355056797,-0.03471800126719282,-2.3171220201266967
2025-12-01,0.0381,0.0412,0.022011408160396595,0.014775049154774234,0.020485352221787823,0.012601383484921458,-0.020201253039882072,-0.018223956134116426,0.0005451664695319547,-0.007951409394100883,-0.028586086460805293,-2.6891683665902835
2025-12-02,0.0377,0.0401,0.023532716465496595,0.012029213290210894,0.019520704238024766,0.011403395641265579,-0.021807126007882593,-0.016032804926724653,0.005502725761051153,-0.007628004445377257,-0.027107317060372615,-2.8671125172667913
2025-12-03,0.037200000000000004,0.0395,0.018908516217480686,0.01026717222692386,0.01873960427601573,0.008832003488571383,-0.01967845851235861,-0.013900326034116728,0.00388934721957801,-0.007280007022866131,-0.024545646683481026,-3.087344743463289
2025-12-04,0.0371,0.0392,0.01109464305180663,0.0071677768631723815,0.009350676025647875,-0.0028213651207962265,-0.01699264800175726,-0.009665408780282436,0.010470244637234893,-0.0010564450255239333,-0.019930922517391925,-3.0730565197590254
2025-12-05,0.0371,0.0393,0.011728906711614195,0.005313879177874847,0.008721243948390356,-0.0007309061000390082,-0.015258177775102078,-0.012914018051357279,0.01190522323043508,-0.005931023285376202,-0.02096983832519783,-3.004910722042435
2025-12-08,0.0373,0.0395,0.011755194655578283,0.00641976755046425,0.0157156188797134,0.0017833926129240396,-0.004488809599472843,-0.015841424166316287,0.008278683999645597,-0.0071636753162768185,-0.023912273031611475,-2.835190777559283
2025-12-09,0.0373,0.0393,0.016552736157951387,0.004020869280276118,0.013038801537659905,0.0010188131121340316,-0.0024189613099611096,-0.013807955877202183,0.005364329499935039,-0.007172198622239168,-0.020515208805637175,-2.779404972808358
2025-12-10,0.0369,0.039,0.012214082751429434,0.004168522213665593,0.01170969546798828,-0.0009682980117868834,0.0008956087190374884,-0.010237000026181997,-0.0006821983872214998,-0.006737463562701884,-0.018263066913465353,-2.9310462684405163
2025-12-11,0.0366,0.0366,0.003980371407266592,-0.0037071169759020917,0.0037114458789844207,-0.011398266452806394,0.005417213066356341,-0.00046289078126315886,0.006996672723887487,-0.0002469141875757197,-0.004816659668092527,-3.02186010944237
2025-12-12,0.0363,0.036699999999999997,0.003120904416601178,-0.009856973405800606,0.0002812315466835802,-0.01366562537258087,0.010032109152947388,0.008475169869369026,0.016597354902616823,0.0017039339241655682,-0.0037165392905729178,-3.1048373224112042
2025-12-15,0.0365,0.0375,0.009102500645605582,-0.006020060843493047,0.007325346829007762,-0.005016913773142839,0.007837120066830128,0.0015323785340330964,0.013458328651261953,-0.004745094389386306,-0.010728718999864606,-2.938306658982065
2025-12-16,0.0364,0.0369,0.006293316638982915,-0.009535233673161225,0.003450585778162818,-0.008086664035014679,0.008518981351536059,0.0062813219964130695,0.026861926144172932,-0.0053454851187875185,-0.0063113037335603694,-2.9246971273345976
2025-12-17,0.0364,0.0369,0.007355700674761545,-0.008781279185324564,0.0013160529422497902,-0.007117842084963688,0.00934134399611497,0.005684103474024482,0.023414134584889723,-0.01275076343787862,-0.011226962928558182,-2.8648776026654446
2025-12-18,0.0362,0.0366,0.015558421345312157,-0.01135360308753841,0.0005032343009347962,-0.005092156468380904,0.007588632713376731,0.010337043582598904,0.01994275071340823,-0.008811579650595203,-0.009209973971054608,-2.9003706382699144
2025-12-19,0.0362,0.0366,0.011158228699123196,-0.008590815845384236,0.0014114997913341476,-0.0022016987629065454,0.008884410596708303,0.005931938807368198,0.012526867104386108,-0.007818851054950615,-0.008619882657549538,-2.841825269957844
2025-12-22,0.0364,0.0368,0.015079793891329185,-0.005889449645017142,0.003086227495923577,0.006708877095028765,0.006069514015301758,0.002588487615014401,0.0031774467665892647,-0.006882469296357274,-0.006870856871865394,-2.6963289314725993
2025-12-23,0.0365,0.0366,0.011008381297801018,-0.0032368810723815145,-0.0021559607167513928,0.00510469020206461,0.00613149204755481,-0.0024386217434081425,0.008191154032193726,-0.010794540566258615,-0.011552060951826704,-2.6027788327184345
2025-12-24,0.0369,0.0366,0.007892262523297111,-0.010388998497593782,-0.00697139819547099,-0.0008232236806871018,0.0115232021939633,0.011353078016494988,0.014598906708743975,-0.006109831439380042,-0.005185338538031825,-2.381629613720937
2025-12-25,0.0369,0.0366,0.02068156988610026,-0.003467682096261915,-0.0009113417365669285,0.01261439825358246,0.007204734330647833,0.0019683270711052803,0.014887129157853174,-0.017822719582648916,-0.017464842211890708,-2.345295010697911
2025-12-26,0.0364,0.037599999999999995,0.031077665987534253,0.00620202947923798,0.0113672383509964,0.021242798754846248,0.0021869568193302324,-0.012917957672041736,-0.0059196360648218205,-0.02490735142359024,-0.028183631937365616,-2.526225043844411
2025-12-29,0.0368,0.0377,0.029880535031191258,0.008812347168891232,0.013349185181612988,0.02481959827609881,0.0031971599716409393,-0.015204531294250923,-0.013594261494511484,-0.02357605581994604,-0.022309675280447472,-2.313647088349273
2025-12-30,0.0365,0.0371,0.04485075830654672,0.02079050560531459,0.02319451575251219,0.03771962075564228,-0.0069919356580618874,-0.03233168508009632,-0.022818595549421228,-0.04483759288122313,-0.042589942295197414,-2.4068397259585517
2025-12-31,0.036699999999999997,0.0387,0.051030048910871484,0.019619572811703456,0.02659301003159742,0.04727919423785165,-0.01144965240525575,-0.03279023366195066,-0.021206686540466313,-0.048108640880773934,-0.041285566470539936,-2.2860195383725816
2026-01-01,0.036699999999999997,0.0387,0.052150060970623136,0.018594745484300734,0.025189818558809307,0.049073561868632876,-0.014801339177487494,-0.03447011042029513,-0.02078466583979488,-0.051485379988230884,-0.04265051573508538,-2.253131933424261
2026-01-02,0.0365,0.0375,0.040126636778216485,0.008401029683861472,0.015252279870297869,0.044561398823230736,-0.005847217254927206,-0.023319810915936712,-0.009755612677886272,-0.04121542048395477,-0.029555516350314948,-2.3036469635012318
2026-01-05,0.0364,0.037000000000000005,0.04063475060521804,0.008034964705206482,0.017501572620375327,0.044360538240120206,-0.005310379299675483,-0.018137121185770377,-0.00984785726803239,-0.03643110709328812,-0.02882157717865519,-2.310784737832403
2026-01-06,0.0363,0.0366,0.04604518886165576,0.008637544679499287,0.012081239199023264,0.044222785366119455,-0.009664153945094012,-0.020628730040326615,-0.005280164666239706,-0.041894851823599866,-0.030121207679830064,-2.3172741537513097
2026-01-07,0.0362,0.0365,0.03820686392023509,0.009700946963206558,0.010670113879889698,0.037392579666268855,-0.010589526649668723,-0.022866080610507433,0.001512731564892622,-0.03790795490475851,-0.02363166932476002,-2.3231394612884766
2026-01-08,0.0362,0.0364,0.028904269133692928,0.008656792848904082,0.004570040804252162,0.02857807665237333,-0.010513856997196314,-0.02501093604962834,0.00033811928377125433,-0.027678295481063375,-0.013903843501639201,-2.2890577566076695
2026-01-09,0.0362,0.0364,0.049638951117907615,0.014403753387503437,0.01272171428530866,0.04894677344914955,-0.014800796213257916,-0.02901091169126402,0.0023202345853943207,-0.03966345516937009,-0.023609673322313895,-2.256137396740194
2026-01-12,0.036699999999999997,0.0364,0.05949872304438841,0.024117702560231713,0.021592581490608387,0.0563697061630386,-0.02527685259160417,-0.04292562674871492,-0.012753784497840814,-0.05003946349324184,-0.03205353072082984,-2.029389574088376
2026-01-13,0.036699999999999997,0.0365,0.05471086564809835,0.019082819393252626,0.012543765117883021,0.046509066025510304,-0.02332853169660154,-0.036106648179877854,-0.02217916758823113,-0.05476683652112846,-0.03068496280449784,-2.0042149587394937
2026-01-14,0.036699999999999997,0.0364,0.06608709471268637,0.020058752096460797,0.014688096688668217,0.05394412669360138,-0.022403003217487782,-0.03729046178363149,-0.03712803592423475,-0.05981817717607252,-0.03616842914315033,-1.9795971274596984
2026-01-15,0.0368,0.0366,0.06049906367141422,0.0190725456247387,0.013211693033829741,0.05009472203370735,-0.019726893402363666,-0.037725659281177104,-0.035233102524575344,-0.051962382747256175,-0.029342380367578857,-1.9173040728368536
2026-01-16,0.036699999999999997,0.0365,0.054621002261953766,0.022263440737653184,0.019912032635514443,0.050525810893214285,-0.01947669932296081,-0.043825163765878083,-0.03667801419449601,-0.062384145166006766,-0.03340831565740032,-1.9329821618713643
2026-01-19,0.036699999999999997,0.0365,0.05762710263139814,0.01935077787967443,0.01666662071758651,0.04660948192760994,-0.018936054921660728,-0.036458368313898704,-0.024921509763358274,-0.05685848262111959,-0.028525567639713922,-1.910194773325806
2026-01-20,0.037000000000000005,0.0364,0.05563781323208006,0.018275602343311714,0.010892317134026719,0.044084435908913866,-0.017031874349940357,-0.0347040232630601,-0.03178717396236719,-0.052752081623112956,-0.026040810658730207,-1.7751125849488303
2026-01-21,0.037000000000000005,0.0363,0.04636159447603516,0.00519899935424184,0.004089309011699349,0.02410994017341417,-0.009896620645312382,-0.021912615287236203,-0.021933266797262596,-0.04699574651151628,-0.009399274445640926,-1.7560700491266106
2026-01-22,0.0371,0.0364,0.04460663441535018,0.00823836036714476,0.003109619299271893,0.022749596599439093,-0.011297980334669888,-0.026431743778836725,-0.020800664678332415,-0.041289516600663934,-0.005430725423757221,-1.7001027154557875
2026-01-23,0.037000000000000005,0.0365,0.03960121521729776,0.006816806724052604,0.00236841831084722,0.014751803314393186,-0.009837376148507548,-0.02192642671351841,-0.026258524410345374,-0.036539114658904914,0.0004009669819315942,-1.7197363376522155
2026-01-26,0.036699999999999997,0.0366,0.021218102263278693,-0.005448754196366035,-0.012120206862559213,0.0,-0.0005911786745539382,-0.00467944007939014,-0.003422179202413944,-0.018540597418814975,0.016691595522395186,-1.8125910021292424
2026-01-27,0.036699999999999997,0.0366,0.021154771805406813,-0.008525284819392187,-0.013159996837926236,-0.000856029768872002,-0.0008532088660346826,-0.004515977586677433,0.010004188020363403,-0.021762992616191967,0.011865257132321227,-1.7927991378519657
2026-01-28,0.0368,0.0364,0.017824734674646514,-0.016848410530209468,-0.019265954891061532,-0.004464662263938046,0.006202408709053309,0.011713890514418956,0.024578026975846656,-0.00486318336951419,0.026247648085013786,-1.7369361245713502
2026-01-29,0.036699999999999997,0.0365,0.008807006929153038,-0.014588540380611192,-0.024149715353133927,-0.014029613486919668,0.010186226039311297,0.009781438991327551,0.018047503617703464,-0.0018782110276693853,0.02643970238444271,-1.75511324141286
