date,wti_ret,dxy_ret,gold_ret,spy_ret,vix_ret,hy_oas_chg,dgs10_chg,sofr_chg,curve_2s10s_chg,breakeven_10y_chg
2024-02-27,0.016491276620095974,0.0,0.0027076939620034324,0.001856025603427014,-0.02282023687755208,0.029999999999999805,0.02999999999999936,0.0,0.019999999999999962,0.009999999999999787
2024-02-28,-0.0041929014273733856,0.0014436412895015849,-0.0004917629801584056,-0.0013225219478982808,0.030071927956075495,0.050000000000000266,-0.040000000000000036,0.0,0.020000000000000018,0.010000000000000231
2024-02-29,-0.0035714167278451114,0.0017296083787732286,0.006227470697706572,0.0035884984645120355,-0.032308282725684645,-0.020000000000000018,-0.019999999999999574,0.010000000000000675,-0.020000000000000018,0.0
2024-03-01,0.02161493552946414,-0.0028843693259101855,0.01993965913984308,0.009344468082400859,-0.021879406901220477,0.029999999999999805,-0.05999999999999961,-0.010000000000000675,0.040000000000000036,-0.010000000000000231
2024-03-04,-0.015500321222901015,-0.000288880342364628,0.014650906546489928,-0.001072990031474319,0.028573381665131237,-0.06000000000000005,0.02999999999999936,0.0,-0.040000000000000036,0.020000000000000018
2024-03-05,-0.007521181992922621,-0.0002889638183320997,0.00743325261566774,-0.010044411389432462,0.06943756611583574,0.050000000000000266,-0.08999999999999986,0.0,-0.019999999999999962,-0.020000000000000018
2024-03-06,0.012461958518869665,-0.004151188981360576,0.007843566350875797,0.005054453726737407,0.002762430057806853,-0.040000000000000036,-0.019999999999999574,0.0,-0.030000000000000027,-0.020000000000000018
2024-03-07,-0.002530647324635815,-0.005334927491491115,0.0035744768391499093,0.009877486355824416,-0.004146545021177062,0.0,-0.020000000000000462,0.0,0.030000000000000027,-0.020000000000000018
2024-03-08,-0.011724336602441099,-0.0007783794127664834,0.009500646655496325,-0.0060202929760651,0.020562766827898926,-0.010000000000000231,0.0,0.0,0.019999999999999962,0.0
2024-03-11,-0.0010260592127862012,0.001264577595947891,0.0017884952401807652,-0.0008602198798408622,0.0320454987448886,0.0,0.009999999999999787,0.0,-0.019999999999999962,-0.009999999999999787
2024-03-12,-0.004759192874690399,0.0008744725533214037,-0.01017766419787769,0.010699925765845997,-0.09504740876347917,-0.05999999999999961,0.0600000000000005,0.0,-0.010000000000000009,0.029999999999999805
2024-03-13,0.027468711760172404,-0.0016524734641976124,0.006919166252700393,-0.0015687412440108517,-0.0065241371020796635,-0.050000000000000266,0.03000000000000025,0.0,0.0,0.0
2024-03-14,0.01913340619143611,0.0055299650077902385,-0.005716363815521319,-0.0019787351992333058,0.046189355978421,0.0,0.09999999999999964,0.0,0.02999999999999997,0.0
2024-03-15,-0.002711045610756635,0.0006770124008701472,-0.0026386845425951932,-0.009992521797621556,0.0006942193314016798,0.010000000000000231,0.019999999999999574,0.0,-0.019999999999999962,0.020000000000000018
2024-03-18,0.02051855427951299,0.00144922033316508,0.0015747582428708995,0.005925564400415695,-0.005567162906394252,-0.03000000000000025,0.03000000000000025,0.0,0.019999999999999962,-0.009999999999999787
2024-03-19,0.009025874969929681,0.002218003013696901,-0.0020384080923117054,0.00554175971450821,-0.03623844025866907,-0.029999999999999805,-0.040000000000000036,0.0,0.010000000000000009,-0.010000000000000231
2024-03-20,-0.02167812289445159,-0.003860577076751248,0.0007416687251717846,0.009206790605196247,-0.05809524268421429,0.040000000000000036,-0.03000000000000025,0.0,0.06,0.010000000000000231
2024-03-21,-0.007496202357380355,0.0056891945309960334,0.011289662615765472,0.0032992544416057257,-0.009245049313565623,-0.0900000000000003,0.0,0.0,-0.02999999999999997,0.029999999999999805
2024-03-22,-0.005442220602357217,0.0041260942723848615,-0.011196893703512067,-0.0018976059248378974,0.010777651718640424,0.03000000000000025,-0.04999999999999982,0.0,-0.020000000000000018,0.010000000000000231
2024-03-25,0.01623851331766346,-0.0019169654555462046,0.007708478525095153,-0.0027666301033706375,0.009904778937777525,0.029999999999999805,0.03000000000000025,0.0,0.08000000000000002,-0.020000000000000018
2024-03-26,-0.004034904322067767,0.0005754609535788546,0.0003678047123045758,-0.0018487208116599874,0.00378359830573638,0.040000000000000036,-0.009999999999999787,0.010000000000000675,-0.030000000000000027,-0.010000000000000231
2024-03-27,-0.003313548720420556,0.0005751299887180039,0.006870990033479352,0.008368703582209314,-0.03536110516659852,0.0,-0.040000000000000036,0.009999999999999787,-0.020000000000000018,0.0
2024-03-28,0.022125868956703876,0.0019148361635918931,0.01215977082804276,-0.00019111406020577704,0.017836882062060244,-0.029999999999999805,0.0,0.009999999999999787,-0.04999999999999999,0.0
2024-03-29,0.0,0.0,0.0,0.0,0.0,0.0,0.0,0.0,0.0,0.0
2024-04-01,0.0064717498702835385,0.004485321180904833,0.008576849575533174,-0.0017413094278575514,0.04802118356729235,0.0,0.1299999999999999,0.009999999999999787,0.0,0.03000000000000025
2024-04-02,0.017055991293518424,-0.0019061857824116402,0.010895049405067248,-0.006378400662398143,0.06796670857897791,0.10999999999999988,0.03000000000000025,-0.009999999999999787,0.04999999999999999,0.009999999999999787
2024-04-03,0.00328290570716927,-0.005452729783682386,0.01466413556445989,0.0010978980906584113,-0.019350965747437332,0.0,0.0,-0.019999999999999574,0.020000000000000018,0.0
2024-04-04,0.013486962431429106,-0.0012477541735407272,-0.0024436447730247224,-0.012281197944720823,0.131872684158735,0.010000000000000231,-0.05000000000000071,0.0,-0.020000000000000018,-0.020000000000000018
2024-04-05,0.003688849418979956,0.001727284760779213,0.015993363911781522,0.01039269722731273,-0.01976591121825466,-0.06000000000000005,0.08000000000000007,0.0,0.0,0.03000000000000025
2024-04-08,-0.0055383012907208595,-0.001535249392271787,0.002576546332762497,0.0005591824618207397,-0.053824720473343746,-0.03000000000000025,0.03000000000000025,-0.010000000000000675,-0.019999999999999962,0.009999999999999787
2024-04-09,-0.013981317374481605,9.604048388478503e-05,0.005047944048811814,0.0011560955273921536,-0.013921341452395097,-0.009999999999999787,-0.05999999999999961,0.0,-0.020000000000000018,-0.020000000000000018
2024-04-10,0.01143264568113267,0.01050629020472904,-0.005948917440644408,-0.010063585851018964,0.053294004573997356,-0.040000000000000036,0.1899999999999995,0.0,-0.03999999999999998,0.040000000000000036
2024-04-11,-0.013899686155501634,0.0002849834196911871,0.01075919796756164,0.007518550514969746,-0.057977833562030234,0.06000000000000005,0.009999999999999787,0.0,0.04999999999999999,0.0
2024-04-12,0.007499531492312528,0.007192934072434376,0.0005943121990892308,-0.013899225274285776,0.1492522197928512,0.08999999999999986,-0.05999999999999961,0.0,-0.010000000000000009,-0.009999999999999787
2024-04-15,-0.0029227821040329616,0.0016018676588585024,0.004066120662028716,-0.012607265932114586,0.10518719746045635,0.029999999999999805,0.1299999999999999,0.010000000000000675,0.08000000000000002,0.040000000000000036
2024-04-16,-0.0005856186910557781,0.000470683413127837,0.010511806622644393,-0.0018254601741851673,-0.04412089191313573,0.08000000000000007,0.040000000000000036,-0.010000000000000675,0.0,0.0
2024-04-17,-0.03177890888493984,-0.002921685216049852,-0.008021081390408469,-0.00593582140064175,-0.010379800419449747,0.06000000000000005,-0.08000000000000007,0.0,-0.040000000000000036,-0.040000000000000036
2024-04-18,0.00048362852018968283,0.0018859466134539815,0.004459451082454713,-0.0020598541449583507,-0.011599085567274958,-0.029999999999999805,0.04999999999999982,-0.009999999999999787,0.0,0.009999999999999787
2024-04-19,0.004943592704170108,0.0,0.006735379565596666,-0.008766665273877372,0.03868633345731798,-0.020000000000000018,-0.019999999999999574,0.009999999999999787,-0.009999999999999953,0.010000000000000231
2024-04-22,-0.0034942010280367697,-0.0006596588253815483,-0.02798980048135924,0.009166993946982949,-0.09938037060315086,-0.08000000000000007,0.0,0.0,0.0,0.0
2024-04-23,0.006136859871728184,-0.0036832395776800197,-0.0019313725586949104,0.011796774271143562,-0.07665418074960373,-0.08999999999999986,-0.009999999999999787,0.0,0.09999999999999998,0.0
2024-04-24,-0.006619787763345819,0.0016071680745444183,-0.0013756724603899428,-0.00047472996550457225,0.017688438946844798,-0.010000000000000231,0.040000000000000036,0.0,0.010000000000000009,0.0
2024-04-25,0.009135802798019732,-0.0024591153729396353,0.00227748579311271,-0.0038061567197109625,-0.03829442884280132,0.050000000000000266,0.04999999999999982,0.0,-0.020000000000000018,0.009999999999999787
2024-04-26,0.0033448697098901192,0.003214562339008964,0.0021438073190775953,0.009429315293020935,-0.0223693641062761,-0.08000000000000007,-0.03000000000000025,0.010000000000000675,-0.02999999999999997,0.010000000000000231
2024-04-29,-0.014656692597929677,-0.0034039424232714666,0.004529666146779299,0.003535214185462543,-0.024243588642927083,-0.040000000000000036,-0.040000000000000036,0.0,-0.050000000000000044,-0.020000000000000018
2024-04-30,-0.008507549595007546,0.00604344974818094,-0.023292979548680037,-0.015968060924206995,0.06466629525553147,0.06000000000000005,0.0600000000000005,0.019999999999999574,-0.009999999999999953,0.0
2024-05-01,-0.036417375411537556,-0.004340030184241783,0.003702659409149156,-0.003252434411649574,-0.016752922452140773,0.029999999999999805,-0.0600000000000005,-0.019999999999999574,0.019999999999999962,-0.03000000000000025
2024-05-02,-0.000633150419681705,-0.004358948180741784,-0.00030438616232419946,0.009309965299443057,-0.04723192618404859,-0.04999999999999982,-0.04999999999999982,-0.010000000000000675,0.040000000000000036,-0.009999999999999787
2024-05-03,-0.010696604611133864,-0.002567436109225163,-8.696932457219475e-05,0.01231912958333048,-0.08453739072202415,-0.08000000000000007,-0.08000000000000007,0.0,-0.020000000000000018,-0.020000000000000018
2024-05-06,0.004725760595284179,0.00019044432927550758,0.009782399430942057,0.010273860527032497,0.0,-0.050000000000000266,-0.009999999999999787,0.0,-0.020000000000000018,0.0
2024-05-07,-0.0012751003018784957,0.0034210866671360307,-0.0027605894071447423,0.001102838068463008,-0.019461709726451115,0.03000000000000025,-0.020000000000000462,0.0,-0.019999999999999962,-0.03000000000000025
2024-05-08,0.00775247740240026,0.0013272601985692134,-0.000691260612883049,9.665733795216624e-05,-0.017537586064898303,0.040000000000000036,0.010000000000000675,0.0,-0.010000000000000009,-0.009999999999999787
2024-05-09,0.003412379582464986,-0.003036340553602912,0.007964395898362397,0.0057453318191686975,-0.02413510880196279,0.040000000000000036,-0.03000000000000025,0.0,0.010000000000000009,0.009999999999999787
2024-05-10,-0.01269697063562969,0.0007598955558245635,0.014980894748722662,0.001287296052018938,-0.011093567883784239,-0.020000000000000018,0.04999999999999982,0.0,-0.020000000000000018,0.020000000000000018
2024-05-13,0.010929077949739963,-0.0008549503053654206,-0.01326717176702008,0.00013428613231081243,0.080349140015461,0.020000000000000018,-0.019999999999999574,0.0,0.0,-0.009999999999999787
2024-05-14,-0.014000560976655585,-0.001997803843080348,0.007378135479852332,0.004577659496461273,-0.013323683562622257,0.0,-0.03000000000000025,0.0,0.010000000000000009,0.0
2024-05-15,0.007788110021032857,-0.006304985160508814,0.014888214910603992,0.012306991279978696,-0.07502552963798115,-0.010000000000000231,-0.08999999999999986,0.0,-0.010000000000000009,-0.020000000000000018
2024-05-16,0.007601786273661482,0.0010535953432624368,-0.0036487767790971404,-0.0020596279688884778,-0.002412524942484673,-0.04999999999999982,0.019999999999999574,0.0,-0.030000000000000027,0.0
2024-05-17,0.010421265723094209,-9.575545859963341e-05,0.013438686241467934,0.0014365015702946238,-0.03523513269813394,0.009999999999999787,0.040000000000000036,0.0,-0.009999999999999953,0.009999999999999787
2024-05-20,-0.0032527803713788828,0.0011482419069395178,0.0089556950387788,0.001151448147417966,0.013256188439842997,-0.020000000000000018,0.020000000000000462,0.0,0.02999999999999997,0.010000000000000231
2024-05-21,-0.006789927983864352,0.0008603352424856325,-0.0050251162420584805,0.0024495269806736886,-0.024157773768248347,0.0,-0.03000000000000025,0.0,-0.02999999999999997,-0.010000000000000231
2024-05-22,-0.02155286414589508,0.0026717455887519392,-0.01351119128257583,-0.0028834974288916015,0.035614555852416796,0.040000000000000036,0.019999999999999574,0.0,-0.020000000000000018,0.010000000000000231
2024-05-23,-0.009065031477321739,0.0016186451187039097,-0.022946670318134466,-0.007331026636718363,0.03831278541720984,-0.009999999999999787,0.040000000000000036,0.0,-0.010000000000000009,-0.03000000000000025
2024-05-24,0.010996921124401204,-0.0037172933835787347,-0.0010712373814989462,0.006594642789596428,-0.06804244420089045,0.009999999999999787,-0.009999999999999787,0.010000000000000675,-0.02999999999999997,0.020000000000000018
2024-05-27,0.0,0.0,0.0,0.0,0.0,0.010000000000000231,0.0,0.0,0.0,0.0
2024-05-28,0.026786756378970544,-0.0010509780682603775,0.009684975081007074,0.0006985983143454888,0.0797202425692003,-0.03000000000000025,0.08000000000000007,0.0,0.06999999999999995,0.020000000000000018
2024-05-29,-0.007544339248005905,0.004673108174339191,-0.0063464816760836484,-0.007027184767931516,0.10008343395238173,0.06000000000000005,0.07000000000000028,0.009999999999999787,0.050000000000000044,0.020000000000000018
2024-05-30,-0.016800695999504178,-0.0036221301060788136,0.001110289464387293,-0.006655802363201957,0.013217620885411119,0.040000000000000036,-0.0600000000000005,0.0,-0.020000000000000018,0.0
2024-05-31,-0.011878845804019988,-0.000477606885276316,-0.008573073570683043,0.009066920253297361,-0.11330105483779285,0.010000000000000231,-0.040000000000000036,0.009999999999999787,-0.010000000000000009,-0.009999999999999787
2024-06-03,-0.03664184346355892,-0.005076384499319353,0.010151150585457458,0.0008150207199744131,0.014598767328195095,-0.03000000000000025,-0.09999999999999964,0.009999999999999787,-0.02999999999999997,-0.020000000000000018
2024-06-04,-0.013155424182365927,-0.0002881035246513619,-0.009032443941432433,0.001117274194004203,0.003806642714591746,0.050000000000000266,-0.08000000000000007,-0.019999999999999574,-0.030000000000000027,-0.020000000000000018
2024-06-05,0.011132340007921293,0.0015356182576500288,0.012223460620860216,0.011815027054442595,-0.0411069688789083,-0.020000000000000018,-0.040000000000000036,0.0,0.010000000000000009,-0.010000000000000231
2024-06-06,0.019784141207532357,-0.0016316956437716357,0.006858019711762253,-1.8721565909096682e-05,-0.003966700215845442,0.0,-0.009999999999999787,0.0,-0.010000000000000009,-0.020000000000000018
2024-06-07,-0.0002648169491052954,0.007560215191439568,-0.027849130615993367,-0.0012163969596636903,-0.02903426961235933,-0.050000000000000266,0.14999999999999947,0.0,0.0,0.020000000000000018
2024-06-10,0.028839985781384136,0.0024757405056137216,0.001083916970968879,0.0030849976419915492,0.041672656583176426,0.0,0.040000000000000036,-0.009999999999999787,0.03999999999999998,0.010000000000000231
2024-06-11,0.002056074519455109,0.0007605459934802994,-8.664897474286448e-05,0.002405421732293078,0.008597208849178362,0.040000000000000036,-0.08000000000000007,0.0,-0.019999999999999962,-0.040000000000000036
2024-06-12,0.007672652323998719,-0.005526999180847092,0.012275377571111079,0.00817946182713758,-0.06510940431526668,-0.10000000000000009,-0.08000000000000007,-0.010000000000000675,-0.020000000000000018,-0.04999999999999982
2024-06-13,0.001527530140252864,0.005241807821713351,-0.015444010517410511,0.0020114729065916492,-0.008340363891643499,0.11000000000000032,-0.0699999999999994,0.0,0.0,-0.010000000000000231
2024-06-14,-0.0021647146502488113,0.0033215319127366527,0.013472849167638579,0.0006081975017195873,0.058553331842595924,0.08999999999999986,-0.040000000000000036,0.0,-0.02999999999999997,-0.040000000000000036
2024-06-17,0.02368173270151175,-0.002181471476737862,-0.008182999621581644,0.007927421171588733,0.00708386694116081,-0.03000000000000025,0.08000000000000007,0.020000000000000462,0.0,0.050000000000000266
2024-06-18,0.015318370591335118,-0.0005698315100719498,0.007753980763100188,0.002537473758677855,-0.035931993719164,-0.019999999999999574,-0.0600000000000005,0.0,0.0,-0.010000000000000231
2024-06-19,0.0,0.0,0.0,0.0,0.0,0.0,0.0,0.0,0.0,0.0
2024-06-20,0.007328706088144621,0.0031301349156409586,0.009991179448078924,-0.002720227781978224,0.07665984605542553,-0.010000000000000231,0.03000000000000025,-0.009999999999999787,0.019999999999999962,0.040000000000000036
2024-06-21,-0.017679954670203557,0.001986913132718371,-0.016016849994939797,-0.004562476809995886,-0.006042308797982177,-0.020000000000000018,0.0,-0.010000000000000675,0.0,-0.020000000000000018
2024-06-24,0.011086512827385597,-0.003123984406331104,0.005854053366742384,-0.003255959705596112,0.009800313324426213,-0.020000000000000018,0.0,0.0,-0.010000000000000009,-0.009999999999999787
2024-06-25,-0.009848601417631109,0.001326505675220524,-0.005767631906511639,0.0038434848594226523,-0.03745181832153355,0.0,-0.019999999999999574,0.020000000000000462,0.040000000000000036,0.0
2024-06-26,0.0008656365268331356,0.004157640249605521,-0.007539420565480626,0.0012473040467968488,-0.022844629369817238,-0.009999999999999787,0.08999999999999986,0.009999999999999787,0.02999999999999997,0.03999999999999959
2024-06-27,0.0103296090759315,-0.0013209983541484505,0.010943747042885477,0.0015752381681970462,-0.02501142239110621,0.029999999999999805,-0.03000000000000025,0.0,-0.019999999999999962,0.0
2024-06-28,-0.0024497433826136117,-0.0003777591348805842,0.0013756724603899428,-0.00394286994533477,0.01620779519510318,-0.029999999999999805,0.07000000000000028,-0.009999999999999787,0.06,0.020000000000000018
2024-07-01,0.022314730893051582,0.0002833147177812023,-4.2898852745665295e-05,0.0020559795686292404,-0.01784307798455309,0.029999999999999805,0.1200000000000001,0.07000000000000028,0.06,0.040000000000000036
2024-07-02,-0.006859641948525841,-0.0017011657333814156,-0.001978281967874196,0.006707171463487427,-0.01567046780555481,0.020000000000000018,-0.05000000000000071,-0.05000000000000071,-0.020000000000000018,-0.020000000000000018
2024-07-03,0.01283837572594937,-0.003031450698364857,0.015717436587046052,0.0044526723749998,0.004975169458022677,0.020000000000000018,-0.0699999999999994,-0.019999999999999574,-0.03999999999999998,-0.029999999999999805
2024-07-04,0.0,0.0,0.0,0.0,0.0,0.0,0.0,0.0,0.0,0.0
2024-07-05,-0.008620666262815213,-0.004945837316700619,0.012088663472560768,0.00574993460235973,0.03174864901379815,0.020000000000000018,-0.08000000000000007,-0.009999999999999787,0.02999999999999997,0.009999999999999787
2024-07-08,-0.0100309234759548,0.0012387907934261477,-0.014039925027510058,0.0011532627469241774,-0.008853149108591918,-0.06999999999999984,0.0,0.0,-0.020000000000000018,-0.009999999999999787
2024-07-09,-0.01123742298134811,0.0010469768033463112,0.0020784035788130595,0.0009719702134054486,0.011254165621822132,0.009999999999999787,0.019999999999999574,0.019999999999999574,0.020000000000000018,-0.010000000000000231
2024-07-10,0.008439837303350295,-0.0006661245228274382,0.005113741630379032,0.00984665192586398,0.02681549825285856,-0.040000000000000036,-0.019999999999999574,0.0,-0.020000000000000018,0.010000000000000231
2024-07-11,0.006313817339399286,-0.005823689134446752,0.017881513074974542,-0.008659969863070494,0.005432663231971446,0.010000000000000231,-0.08000000000000007,0.0,0.040000000000000036,-0.020000000000000018
2024-07-12,-0.00497487718457279,-0.0033568928618565863,-0.00041416442919572916,0.006287712919899491,-0.036252987838698125,0.009999999999999787,-0.020000000000000462,0.0,0.02999999999999997,-0.009999999999999787
2024-07-15,-0.0036558097911436604,0.0009603045111106212,0.0036800068503834993,0.0027463442535964333,0.05161425837245037,-0.06000000000000005,0.05000000000000071,0.0,0.060000000000000026,0.029999999999999805
2024-07-16,-0.0141393083402237,0.0007674777505330965,0.016171314917782453,0.005912633656969035,0.005321160122665702,-0.04999999999999982,-0.0600000000000005,0.009999999999999787,-0.05000000000000002,-0.010000000000000231
2024-07-17,0.02554990555897696,-0.004999497496068095,-0.0030911330198239995,-0.014120368318038423,0.09330942042807866,0.009999999999999787,-0.009999999999999787,0.0,0.0,0.0
2024-07-18,-0.00036215102259085086,0.004040003307986595,-0.0012228428297103022,-0.007714582945410164,0.0954357877351999,0.0,0.040000000000000036,-0.009999999999999787,0.0,0.050000000000000266
2024-07-19,-0.03301929291921013,0.002205527645442018,-0.02323049125293153,-0.006662727016045089,0.03636765272324061,0.0,0.04999999999999982,0.0,0.020000000000000018,0.009999999999999787
2024-07-22,-0.004377450337009314,-0.0008624787816513546,-0.0014621412526549804,0.010257119582686158,-0.10253967725977953,-0.040000000000000036,0.009999999999999787,-0.009999999999999787,0.0,-0.020000000000000018
2024-07-23,-0.035987036715088294,0.0013412475025855741,0.005253774082549789,-0.0015697793341651334,-0.01282498710144342,-0.029999999999999805,-0.009999999999999787,0.009999999999999787,0.09,-0.009999999999999787
2024-07-24,0.008152711246338207,-0.0005745792118032611,0.003611515541423138,-0.02292325782152549,0.20338443394305505,0.08000000000000007,0.03000000000000025,0.0,0.06,-0.010000000000000231
2024-07-25,0.008853621226170283,-0.00028741345631999593,-0.025771655108934866,-0.00522398921595979,0.023014614095178576,-0.020000000000000018,-0.010000000000000675,0.009999999999999787,-0.05000000000000002,0.0
2024-07-26,-0.014410891435045592,-0.000383370864086352,0.011877017079959806,0.011137446118048011,-0.11893482396303545,0.020000000000000018,-0.0699999999999994,0.0,-0.01999999999999999,-0.009999999999999787
2024-07-29,-0.017651057634833656,0.0022979507136717814,-0.0011350772219733685,0.0005876006791032395,0.012731362826129189,0.029999999999999805,-0.03000000000000025,-0.019999999999999574,-0.03,-0.020000000000000018
2024-07-30,-0.014348515000907724,-9.559090253308256e-05,0.01158449309631493,-0.005079347187582073,0.063596820018895,0.07000000000000028,-0.019999999999999574,0.0,-0.010000000000000009,0.0
2024-07-31,0.04167269848409472,-0.004313494100995463,0.008899986305409335,0.01612391622796583,-0.07816016987934349,0.04999999999999982,-0.0600000000000005,0.04999999999999982,0.0,-0.009999999999999787
2024-08-01,-0.020750402038848037,0.0030692494838229223,0.003496866671419241,-0.014262163712746911,0.1277844414592626,0.10000000000000009,-0.09999999999999964,-0.03000000000000025,0.03,-0.040000000000000036
2024-08-02,-0.037246526920984735,-0.011655471739614676,-0.00382663413501394,-0.018793918838539092,0.22968474456012045,0.3700000000000001,-0.1900000000000004,0.0,0.09000000000000001,-0.16000000000000014
2024-08-05,-0.007920213535323128,-0.005050973722581453,-0.009943322792610232,-0.02955621148646337,0.5001662098063426,0.20999999999999996,-0.020000000000000018,-0.02999999999999936,-0.03,0.029999999999999805
2024-08-06,0.0035581604246184284,0.0027229305388676295,-0.005260032745344034,0.009177326052492774,-0.3306814384725931,-0.26000000000000023,0.1200000000000001,0.009999999999999787,0.020000000000000004,0.050000000000000266
2024-08-07,0.02735475291781775,0.002231127952566858,0.0005857822224362152,-0.006706438943735016,0.005039654235304614,-0.10000000000000009,0.06000000000000005,0.0,0.049999999999999996,-0.010000000000000231
2024-08-08,0.012680120334173317,9.691523114696565e-05,0.013173648862206733,0.022854205477053746,-0.1575676172720195,-0.08999999999999986,0.03000000000000025,0.009999999999999787,-0.010000000000000002,0.010000000000000231
2024-08-09,0.008495037712886067,-0.0006784560021992903,0.004078923886462249,0.0043999277257462666,-0.15520209136037755,0.010000000000000231,-0.050000000000000266,0.0,-0.06,-0.020000000000000018
2024-08-12,0.04105103282825873,0.0,0.012381322610815815,0.0005252551924455062,0.016553359762280895,0.029999999999999805,-0.040000000000000036,0.0,0.0,0.009999999999999787
2024-08-13,-0.021590373742851554,-0.005639313337416851,0.0017447607257965458,0.016311859783681548,-0.13360028427033255,0.020000000000000018,-0.04999999999999982,0.0,0.03,-0.020000000000000018
2024-08-14,-0.01764025786340273,9.751997633067333e-05,-0.011129137775199638,0.0031498234853462037,-0.11262254625371604,-0.08000000000000007,-0.020000000000000018,-0.009999999999999787,-0.03,-0.029999999999999805
2024-08-15,0.015212363125069572,0.003989337871885823,0.005600503269123536,0.016995006629903386,-0.06112666382606369,-0.1499999999999999,0.08999999999999986,0.019999999999999574,-0.05,0.06000000000000005
2024-08-16,-0.01950842936361674,-0.005062357640317927,0.0183780434367522,0.0022395035979680955,-0.02863994319280172,-0.020000000000000018,-0.029999999999999805,-0.02999999999999936,-0.010000000000000009,-0.040000000000000036
2024-08-19,-0.03019695357839325,-0.005578675579700487,0.0012798782157226185,0.009515993731818106,-0.010186884233373217,-0.08000000000000007,-0.03000000000000025,0.0,-0.03,-0.010000000000000231
2024-08-20,-0.004447171575921338,-0.004426279239488906,0.0037900744796477426,-0.001627408048489265,0.08062015360140995,0.040000000000000036,-0.040000000000000036,0.0,0.03,0.0
2024-08-21,-0.028912071948662188,-0.003951027653131156,-0.001155506040310783,0.0034306271319159976,0.0242624863407932,0.020000000000000018,-0.029999999999999805,-0.010000000000000675,0.04000000000000001,0.0
2024-08-22,0.014903019205474877,0.00464084973759693,-0.011830186756921712,-0.00787945867562545,0.07573095707315058,-0.06000000000000005,0.06999999999999984,0.0,0.0,0.03000000000000025
2024-08-23,0.024622451234376896,-0.007812934985010678,0.011830186756921712,0.01056930178596538,-0.10125371187992283,-0.020000000000000018,-0.04999999999999982,0.020000000000000462,0.04000000000000001,0.029999999999999805
2024-08-26,0.034026222936781814,0.0012898474141769256,0.0037007061988525436,-0.0023866838456125805,0.018119831488631277,-0.040000000000000036,0.009999999999999787,0.009999999999999787,0.0,0.020000000000000018
2024-08-27,-0.024715209335050226,-0.002979102700727765,-0.0006754281156968744,0.0013721560454698079,-0.04560633989509899,0.020000000000000018,0.010000000000000231,0.009999999999999787,0.09,0.0
2024-08-28,-0.013462411477556557,0.005356026370427536,-0.0059796869427115595,-0.005822190304537678,0.10334943742316449,0.020000000000000018,0.009999999999999787,0.0,0.01,0.0
2024-08-29,0.018480975585486448,0.0024699909711660695,0.009827580801596625,8.953171475667432e-05,-0.08919223096521467,-0.040000000000000036,0.03000000000000025,-0.019999999999999574,-0.01,0.010000000000000231
2024-08-30,-0.031582987731720635,0.003546109136158826,-0.012710561536922071,0.00950073943292562,-0.04242069150888961,-0.020000000000000018,0.040000000000000036,-0.009999999999999787,0.0,-0.010000000000000231
2024-09-02,0.0,0.0,0.0,0.0,0.0,0.040000000000000036,0.0,0.0,0.0,0.0
2024-09-03,-0.04462491355686993,0.0012775011179968487,-0.00156516135352458,-0.020793707331630884,0.3230491831498097,0.14000000000000012,-0.07000000000000028,0.019999999999999574,-0.04,-0.040000000000000036
2024-09-04,-0.016339756459788468,-0.004626232130553909,0.0014046919562069604,-0.0020489111776029745,0.028546200731562887,0.040000000000000036,-0.06999999999999984,0.009999999999999787,0.05,-0.040000000000000036
2024-09-05,-0.0007227383460923775,-0.002469502894687281,0.00719312592470267,-0.0024351739489825164,-0.06892587242246906,-0.06000000000000005,-0.040000000000000036,0.0,-0.03,-0.040000000000000036
2024-09-06,-0.021635156991438365,0.0006920727401391602,-0.007152981683502091,-0.01697335214831952,0.1174479528234067,0.10000000000000009,-0.009999999999999787,-0.009999999999999787,0.08,0.0
2024-09-09,0.015251812532925513,0.0036502061982117695,0.003323146311661418,0.011134003557899064,-0.14032055609438698,-0.03000000000000025,-0.020000000000000018,0.0,-0.039999999999999994,0.010000000000000231
2024-09-10,-0.04403506466059692,0.0007874220461978609,0.00418819534666337,0.00434625408223166,-0.01920644726862708,0.10000000000000009,-0.050000000000000266,-0.009999999999999787,0.039999999999999994,-0.020000000000000018
2024-09-11,0.023449106693669286,0.0004918897581669412,-7.95920572214115e-05,0.010206676803408143,-0.07564112366000986,-0.020000000000000018,0.0,-0.009999999999999787,-0.03,0.020000000000000018
2024-09-12,0.02436286739070148,-0.003053413393601545,0.015444721969290143,0.008388018582504486,-0.03567701943304913,-0.04999999999999982,0.03000000000000025,0.009999999999999787,0.010000000000000002,0.009999999999999787
2024-09-13,-0.004650490701332721,-0.002568177349114187,0.011729349341313977,0.0052091506870812765,-0.030332402221190158,-0.020000000000000018,-0.020000000000000018,0.0,0.049999999999999996,0.03000000000000025
2024-09-16,0.020758923822648434,-0.003467566454233406,-0.0003487790851908201,0.001475782928327618,0.034424760852600045,-0.050000000000000266,-0.03000000000000025,0.04999999999999982,-0.01999999999999999,0.009999999999999787
2024-09-17,0.015572315146450855,0.0012893356850298687,-0.00625883189495724,0.00040852370965183127,0.02705207960763012,-0.06999999999999984,0.020000000000000018,0.0,-0.010000000000000009,0.03000000000000025
2024-09-18,-0.0039408744496371995,-0.002878565872758365,0.002492660431349769,-0.0029702599283183417,0.034601606412624886,-0.040000000000000036,0.050000000000000266,-0.04999999999999982,0.03,0.0
2024-09-19,0.014559871958021553,9.941987261274932e-05,0.006707160271704815,0.01692044115073177,-0.11006466126974956,-0.10999999999999988,0.029999999999999805,-0.5099999999999998,0.05000000000000002,0.04999999999999982
2024-09-20,-0.0004170262146345749,0.0010927394853919026,0.012250735192204765,-0.004792685833680643,-0.011083876262113712,0.04999999999999982,0.0,0.009999999999999787,0.03999999999999998,-0.020000000000000018
2024-09-23,-0.02178728969472221,0.0019837037733703156,0.0025160495810210293,0.00249575307323191,-0.016230023893409662,0.0,0.020000000000000018,0.0,0.0,0.020000000000000018
2024-09-24,0.016769149514566983,-0.005464720438951076,0.009360187860914415,0.0028572285574197664,-0.03197203199588028,0.06000000000000005,-0.009999999999999787,0.009999999999999787,0.07,0.020000000000000018
2024-09-25,-0.026479354040803038,0.005464720438951076,0.0030129580442377346,-0.0022079491041084864,0.001298669271190711,-0.020000000000000018,0.04999999999999982,0.0,0.010000000000000009,-0.009999999999999787
2024-09-26,-0.029413947297257437,-0.003573565625344166,0.004015674633472521,0.0039568128260834,-0.0025990893253782232,-0.04999999999999982,0.0,-0.009999999999999787,-0.07,-0.020000000000000018
2024-09-27,0.007508348000242471,-0.0013931676312921581,-0.009634583484436021,-0.0014513709323793478,0.09844002627741899,0.0,-0.040000000000000036,0.009999999999999787,0.010000000000000009,-0.010000000000000231
2024-09-30,-0.00014671267121890708,0.0035785387673037405,-0.003105809232568646,0.003999270284268164,-0.013654088745303383,-0.11000000000000032,0.06000000000000005,0.1200000000000001,-0.05000000000000002,0.03000000000000025
2024-10-01,0.024059184564979574,0.00406005072872162,0.011766153885765185,-0.008998843314137694,0.14082693061688456,0.040000000000000036,-0.06999999999999984,0.08999999999999986,-0.01999999999999999,0.009999999999999787
2024-10-02,0.0038590291938218613,0.00483066801391363,-0.007602005078805263,0.0004219682843773498,-0.01886851637175857,-0.009999999999999787,0.04999999999999982,-0.1299999999999999,0.03,0.020000000000000018
2024-10-03,0.05021569050716046,0.0030441184344036643,0.003770601213994418,-0.001829852419731104,0.08077504919837875,-0.020000000000000018,0.06000000000000005,-0.07000000000000028,-0.010000000000000009,0.0
2024-10-04,0.009048588790040668,0.005183120434749888,-0.00426184375335481,0.009046298016800236,-0.06450602195882116,-0.1499999999999999,0.1299999999999999,-0.019999999999999574,-0.09999999999999999,0.020000000000000018
2024-10-07,0.03643489329725291,0.00019510653235688125,-0.0003780289545414206,-0.009081555464429236,0.16428729725442004,0.06000000000000005,0.050000000000000266,0.0,-0.010000000000000002,0.040000000000000036
2024-10-08,-0.047384615071751846,9.753899307529679e-05,-0.011331369029671912,0.00941310447497301,-0.055393157794579206,0.040000000000000036,0.009999999999999787,0.009999999999999787,0.019999999999999997,0.0
2024-10-09,-0.004495639157300779,0.0036986342262350647,-0.0034476188142322783,0.006902569758639565,-0.02649158974936272,-0.050000000000000266,0.019999999999999574,-0.009999999999999787,0.010000000000000009,0.020000000000000018
2024-10-10,0.03501599503871056,0.0005827268922402595,0.005586857750537355,-0.0017515586232921265,0.003350072206642185,0.050000000000000266,0.03000000000000025,-0.009999999999999787,0.039999999999999994,0.040000000000000036
2024-10-11,-0.0038306753550028105,-0.0009714249399541686,0.014020160169732065,0.005970394631147791,-0.02271183526239362,-0.010000000000000231,-0.009999999999999787,-0.010000000000000675,0.020000000000000004,0.0
2024-10-14,-0.023161832450448117,0.003976955212621647,-0.003694371660486695,0.00814505771963514,-0.037853041304463986,-0.009999999999999787,0.0,0.0,0.0,0.0
2024-10-15,-0.04501833368193964,-0.0003873055288794447,0.005123138471504696,-0.007800018730860003,0.0466122365702315,-0.040000000000000036,-0.04999999999999982,0.05000000000000071,-0.05,-0.050000000000000266
2024-10-16,-0.0026956452410500376,0.0031906645786685672,0.0047232152458107635,0.004336986109308327,-0.05272227783622485,-0.03000000000000025,-0.010000000000000675,0.0,0.009999999999999995,-0.009999999999999787
2024-10-17,0.003969929843791853,0.002314199232432479,0.006337393065017238,8.584174571080183e-05,-0.024296843014801617,-0.009999999999999787,0.07000000000000028,-0.010000000000000675,0.04000000000000001,0.029999999999999805
2024-10-18,-0.020731272950514246,-0.0032799949123045735,0.008400127613583663,0.0038391931312018457,-0.05817471489231307,-0.010000000000000231,-0.009999999999999787,-0.009999999999999787,0.0,0.010000000000000231
2024-10-21,0.019173521255787307,0.005012099865564501,0.0034579737223614515,-0.001643563990829655,0.018681869613305313,0.0,0.11000000000000032,-0.019999999999999574,0.04000000000000001,0.0
2024-10-22,0.02145191051924833,0.00067278289326822,0.007718602631014093,-0.0005312953642278018,-0.009297308909531399,0.040000000000000036,0.009999999999999787,0.009999999999999787,0.0,0.020000000000000018
2024-10-23,-0.018480152964078123,0.003357141616745274,-0.010918677200948856,-0.009179382812641634,0.05556979733891598,0.03000000000000025,0.040000000000000036,0.0,0.0,-0.020000000000000018
2024-10-24,-0.008229249128125282,-0.003549361013124752,0.007523937915991041,0.0021603320122123293,-0.008350771319908912,-0.020000000000000018,-0.03000000000000025,0.0,-0.03,-0.010000000000000231
2024-10-25,0.022399983188136297,0.0019201674287812054,0.0021914615637026458,-0.00034536073229229913,0.0634569618659726,-0.040000000000000036,0.040000000000000036,0.0,0.0,-0.009999999999999787
2024-10-28,-0.06325767149745243,0.000575295423547395,0.0007294212625952312,0.0030866226235923833,-0.02641572471928555,-0.07000000000000028,0.03000000000000025,-0.009999999999999787,0.01999999999999999,0.0
2024-10-29,-0.002526164855852997,-0.00038351789367396805,0.009253781457163157,0.001617069700038165,-0.023506401253288622,0.03000000000000025,0.0,0.0,0.010000000000000009,0.009999999999999787
2024-10-30,0.020616273238773353,-0.0027848572297992646,0.007234316137240349,-0.003029852584225168,0.050905432719140276,-0.050000000000000266,0.009999999999999787,-0.010000000000000675,-0.03,0.040000000000000036
2024-10-31,0.00942926421915935,-9.611488950245217e-05,-0.018166509123427765,-0.01979779088137601,0.1293457154823261,0.08000000000000007,-0.009999999999999787,0.09000000000000075,-0.020000000000000018,-0.009999999999999787
2024-11-01,0.0033152567667684707,0.002880972119301717,0.0001095688511387749,0.004211650536773526,-0.056853706918779334,-0.04999999999999982,0.08999999999999986,-0.040000000000000036,0.04000000000000001,0.0
2024-11-04,0.028094971727140816,-0.0037469361518258637,-0.000913292083431827,-0.002156253620775317,0.004559988951510885,0.040000000000000036,-0.0600000000000005,-0.040000000000000036,-0.01999999999999999,-0.050000000000000266
2024-11-05,0.0072493924953977995,-0.0045342919444211205,0.0015338367843664713,0.012019254145644531,-0.07019597706871084,-0.010000000000000231,-0.04999999999999982,0.0,-0.07,-0.009999999999999787
2024-11-06,-0.004175888887395729,0.01601874176710094,-0.026888192891822982,0.02456143804621025,-0.23061400171400193,-0.11999999999999966,0.16000000000000014,-0.010000000000000675,0.07999999999999999,0.10999999999999988
2024-11-07,0.009302367042198334,-0.005534309983287855,0.0114797401905804,0.007702406032088938,-0.06802753406250561,-0.010000000000000231,-0.11000000000000032,0.010000000000000675,-0.04999999999999999,-0.04999999999999982
2024-11-08,-0.027744576093622797,0.004677569110669744,-0.004047575121093772,0.004322367453619691,-0.017253263686006992,-0.10000000000000009,-0.009999999999999787,-0.22000000000000064,-0.060000000000000005,0.020000000000000018
2024-11-11,-0.03381331188501857,0.005129686494694141,-0.02880152636562716,0.0009524330364589773,0.0020060646512551905,0.0,0.0,0.0,0.0,0.0
2024-11-12,0.0011751151308629915,0.004537687244231314,-0.0042984220607173995,-0.0031112302807514425,-0.01752067906251842,-0.020000000000000018,0.1299999999999999,0.0,0.049999999999999996,0.0
2024-11-13,0.004540433309838221,0.004329481716831118,-0.007411997718866026,0.00048568872785548223,-0.048042622949409086,0.03000000000000025,0.010000000000000675,-0.009999999999999787,0.08000000000000002,0.0
2024-11-14,0.003937825382706706,0.0017827338585103547,-0.004894201906120443,-0.006450921838880852,0.02047370863447373,-0.040000000000000036,-0.010000000000000675,-0.009999999999999787,-0.08000000000000002,-0.020000000000000018
2024-11-15,-0.024758122586162834,0.00018751661475757686,-0.0009739185590538213,-0.012891325577101043,0.12034200213404134,0.1200000000000001,0.0,-0.009999999999999787,0.03,0.0
2024-11-18,0.0314316815457234,-0.003850346680662753,0.017348790536743763,0.004088981528469482,-0.03531258948003346,0.0,-0.009999999999999787,0.0,0.010000000000000009,0.009999999999999787
2024-11-19,0.0033200423491468456,-0.0006588516924095345,0.006300496006653944,0.0036488026509005067,0.0482398851290573,-0.03000000000000025,-0.03000000000000025,0.0,-0.010000000000000009,0.0
2024-11-20,-0.00752204667821843,0.004415444461003837,0.007999532098494022,0.00033877407014148986,0.0483531644930042,-0.020000000000000018,0.020000000000000462,-0.010000000000000675,-0.01999999999999999,0.010000000000000231
2024-11-21,0.017702062836089993,0.0027147305552004397,0.00898457118513818,0.005353945004731742,-0.017044138862782887,-0.06000000000000005,0.019999999999999574,0.010000000000000675,-0.010000000000000009,-0.010000000000000231
2024-11-22,0.01613165616169976,0.00484936738153241,0.01404698113449765,0.0030946170222216907,-0.10161341106495803,0.0,-0.019999999999999574,0.0,-0.049999999999999996,0.0
2024-11-25,-0.032817831932857366,-0.006252628056503617,-0.034959481903407585,0.0033863431158405177,-0.04290198039765336,0.03000000000000025,-0.14000000000000057,0.009999999999999787,0.019999999999999997,-0.04999999999999982
2024-11-26,-0.0024690419843933498,0.0017771359471066006,0.0013366177677767155,0.0052079020332431725,-0.03484673040364106,0.040000000000000036,0.03000000000000025,0.0,0.03,-0.010000000000000231
2024-11-27,-0.0007272590783866661,-0.008728764303189251,0.007452166991227749,-0.003034662783830022,0.0,0.009999999999999787,-0.04999999999999982,-0.009999999999999787,-0.03,-0.020000000000000018
2024-11-28,0.0,0.0,0.0,0.0,0.0,0.0,0.0,0.0,0.0,0.0
2024-11-29,-0.010532590263325758,-0.003210313093992667,0.006456666117156118,0.0061928491848251,-0.04274465552494444,0.03000000000000025,-0.07000000000000028,0.019999999999999574,-0.009999999999999995,0.0
2024-12-02,0.0014694855729144862,0.006692132066392631,-0.008352473231235003,0.001790806322498284,-0.012663116987917888,-0.040000000000000036,0.010000000000000675,0.04999999999999982,-0.030000000000000002,0.0
2024-12-03,0.02666057579336023,-0.0007517545864308417,0.003712425318383339,0.00046370020343733387,-0.0030030023571749886,-0.020000000000000018,0.040000000000000036,0.0,0.039999999999999994,0.020000000000000018
2024-12-04,-0.020220236738356157,-0.00028213444614433314,0.0034349746546977755,0.006190335088049892,0.011215042298141853,0.0,-0.040000000000000036,-0.04999999999999982,0.0,0.010000000000000231
2024-12-05,-0.0035077185456158233,-0.005941986518624098,-0.010302322170882228,-0.001647012764815159,0.006669172799957934,0.0,-0.020000000000000462,0.0,-0.039999999999999994,-0.040000000000000036
2024-12-06,-0.016236609142369574,0.002456559586245355,0.004558239129528907,0.0018938710475220333,-0.058549558775525146,0.009999999999999787,-0.019999999999999574,0.009999999999999787,0.030000000000000002,-0.009999999999999787
2024-12-09,0.017260969981989227,0.0016971558179355029,0.009917986338086493,-0.0051629487431874566,0.10543875570940431,0.0,0.04999999999999982,0.03000000000000025,0.020000000000000004,0.029999999999999805
2024-12-10,0.003212526021897588,0.0023523887245033848,0.012196028210302856,-0.003113933866162988,-0.0007049189751087148,0.0,0.019999999999999574,0.009999999999999787,0.0,0.020000000000000018
2024-12-11,0.024482856092888028,0.002909274800379613,0.013330075570755717,0.007700919095089631,-0.04323442611310657,-0.029999999999999805,0.040000000000000036,-0.019999999999999574,0.039999999999999994,0.009999999999999787
2024-12-12,-0.0038486866287925636,0.0023400581852675018,-0.01708120714353356,-0.005165930966160026,0.024728543874721343,0.020000000000000018,0.0600000000000005,0.0,0.030000000000000013,0.020000000000000018
2024-12-13,0.017975210387811913,0.00037391022774801996,-0.011790161839593694,-0.00019857863819705557,-0.007933662580970946,0.020000000000000018,0.08000000000000007,-0.020000000000000462,0.009999999999999981,0.010000000000000231
2024-12-16,-0.008169085303321388,-0.0013092622205874704,-0.0017334660635324184,0.004260875240226447,0.061773963814810706,0.009999999999999787,-0.010000000000000675,0.05000000000000071,-0.009999999999999981,-0.010000000000000231
2024-12-17,-0.00894951991231352,0.0009353519928394505,-0.002643606002823873,-0.004128552435419763,0.07726356570616977,0.06000000000000005,0.010000000000000675,-0.03000000000000025,0.009999999999999981,-0.009999999999999787
2024-12-18,0.007109371433892342,0.009954030795067403,-0.0029918795594436887,-0.030256637667441133,0.5541096510389649,-0.020000000000000018,0.09999999999999964,-0.04999999999999982,0.0,0.009999999999999787
2024-12-19,-0.009538091283001648,0.003511414424155035,-0.016945362817807563,-0.0003071593026202635,-0.13674335540527904,0.18000000000000016,0.07000000000000028,-0.27000000000000046,0.1,-0.029999999999999805
2024-12-20,-0.006457718771803123,-0.007313839870995764,0.013982491661312046,0.008579451781121072,-0.27162240452496267,-0.050000000000000266,-0.05000000000000071,0.0,-0.03,0.0
2024-12-23,-0.003172334679828026,0.0038950078159967205,-0.006258330803748713,0.005970431867182491,-0.0899866764763626,-0.009999999999999787,0.07000000000000028,0.009999999999999787,0.06999999999999998,0.029999999999999805
2024-12-24,0.012344072817911389,0.0020342237028581067,0.002943239744862325,0.011053692268884419,-0.16202827839204215,0.009999999999999787,0.0,0.09000000000000075,0.010000000000000009,0.03000000000000025
2024-12-25,0.0,0.0,0.0,0.0,0.0,0.0,0.0,0.0,0.0,0.0
2024-12-26,-0.006870850439029574,-0.0012015795445341482,0.0071499690974858865,6.658528242375894e-05,0.03172673583008656,0.0,-0.009999999999999787,0.1299999999999999,-0.019999999999999962,0.0
2024-12-27,0.01397820105183989,-0.0012029544324851926,-0.008219261513672471,-0.01058231448725433,0.07957261787497982,-0.020000000000000018,0.040000000000000036,-0.07000000000000028,0.02999999999999997,-0.010000000000000231
2024-12-30,0.005508869073121758,0.0012029544324851926,-0.004250136932791193,-0.011477250763649138,0.08701136702438106,0.10000000000000009,-0.07000000000000028,-0.08999999999999986,0.0,-0.029999999999999805
2024-12-31,0.010230673798029777,0.0033238015870793447,0.00882471041177979,-0.003644649585898385,-0.0028776559173402383,-0.020000000000000018,0.03000000000000025,0.1200000000000001,0.020000000000000018,0.029999999999999805
2025-01-01,0.0,0.0,0.0,0.0,0.0,0.0,0.0,0.0,0.0,0.0
2025-01-02,0.01946897596799868,0.00826148940832283,0.011232867866452168,-0.0024600299449542007,0.0328827762578463,-0.040000000000000036,-0.009999999999999787,-0.08999999999999986,-0.010000000000000009,0.0
2025-01-03,0.01128575241491081,-0.004030439172105993,-0.005241401391996803,0.012425894234247892,-0.10579446452967467,-0.06999999999999984,0.02999999999999936,-0.09000000000000075,0.0,0.0
2025-01-06,-0.005423027593439933,-0.006353272278762034,-0.002498429500501942,0.005744047514603778,-0.005595180591635884,-0.050000000000000266,0.020000000000000462,-0.040000000000000036,0.020000000000000018,0.0
2025-01-07,0.00933641113600725,0.002583015968950164,0.006912096917742971,-0.011368428798641084,0.10523574540106706,0.03000000000000025,0.04999999999999982,0.0,0.02999999999999997,0.040000000000000036
2025-01-08,-0.01260435887354916,0.005054418969860031,0.0029316900271956214,0.0014599285435679121,-0.006756722233491885,0.04999999999999982,0.0,0.020000000000000462,0.020000000000000018,0.020000000000000018
2025-01-09,0.008149983753407142,0.0008247031087238454,0.007217296123673833,0.0,0.0,-0.020000000000000018,0.009999999999999787,0.009999999999999787,0.019999999999999962,-0.009999999999999787
2025-01-10,0.035221948576785955,0.004295589631028385,0.009161257237443543,-0.015385182101261385,0.09889901078493857,-0.009999999999999787,0.08999999999999986,0.0,-0.03999999999999998,0.040000000000000036
2025-01-13,0.028961416755598712,0.002823166191239679,-0.013006500709167312,0.0015492556723577522,-0.01807435561904125,0.040000000000000036,0.020000000000000462,-0.009999999999999787,0.020000000000000018,0.020000000000000018
2025-01-14,-0.01688883153575027,-0.006294802109844788,0.0014950479331172772,0.0013750458193975135,-0.025331246496121285,-0.050000000000000266,-0.009999999999999787,-0.009999999999999787,0.019999999999999962,-0.010000000000000231
2025-01-15,0.03224858479460391,-0.0016486568211471209,0.01298719552681149,0.01802652551454731,-0.1489973022133766,-0.07999999999999963,-0.1200000000000001,0.0,-0.019999999999999962,-0.020000000000000018
2025-01-16,-0.01713752375435096,-0.0011923620412641611,0.012420208736854121,-0.001925018081736951,0.029341929202495454,0.009999999999999787,-0.04999999999999982,0.009999999999999787,-0.010000000000000009,0.0
2025-01-17,-0.010219852162403065,0.003572899169909327,-0.0007648764771968075,0.00998982809263893,-0.03869073939502865,-0.08999999999999986,0.0,0.0,-0.03999999999999998,-0.009999999999999787
2025-01-20,0.0,0.0,0.0,0.0,0.0,0.0,0.0,0.0,0.0,0.0
2025-01-21,-0.025884229863912367,-0.011867127345836614,0.0038913914786418147,0.009111897132251023,-0.05866972871283105,-0.03000000000000025,-0.040000000000000036,0.0,-0.06,-0.03000000000000025
2025-01-22,-0.005947244685811981,0.0010174408917755784,0.004563111323177438,0.005605707452083664,0.0026525188490325036,-0.020000000000000018,0.02999999999999936,0.009999999999999787,0.02999999999999997,0.020000000000000018
2025-01-23,-0.010929066086830197,-0.001109935517797922,-0.001627280754371796,0.005443237856848526,-0.005312092270843838,0.020000000000000018,0.05000000000000071,0.04999999999999982,0.04999999999999999,0.020000000000000018
2025-01-24,0.0005359179363271238,-0.005661536258415367,0.005125977145750582,-0.0029235466405159727,-0.011382785876024926,-0.009999999999999787,-0.020000000000000462,-0.009999999999999787,0.0,0.010000000000000231
2025-01-27,-0.020159046665649605,-0.0009312423066507591,-0.014434155176814123,-0.014246395022120772,0.1868008005986459,0.06000000000000005,-0.09999999999999964,0.0,0.0,-0.03000000000000025
2025-01-28,0.008166623519532124,0.004925491217531608,0.010646340249542696,0.008555691577218028,-0.08690979573202151,0.0,0.019999999999999574,0.009999999999999787,0.0,0.020000000000000018
2025-01-29,-0.0157116955833283,0.001204403274918775,0.0008309575316065576,-0.004493010193278302,0.009099220903727279,0.020000000000000018,0.0,0.0,-0.019999999999999962,-0.020000000000000018
2025-01-30,0.001513596515076543,-0.0018535403398818318,0.01927775634758344,0.005352758414401748,-0.044451720687903595,-0.010000000000000231,-0.03000000000000025,0.010000000000000675,0.0,-0.020000000000000018
2025-01-31,-0.0027537477775538832,0.005273636495052081,-0.0037263817408135225,-0.00533612578546272,0.03657055460412506,0.010000000000000231,0.0600000000000005,0.019999999999999574,0.019999999999999962,0.040000000000000036
2025-02-03,0.008648621033832349,0.005704792021586691,0.007580052840268081,-0.006752312190203114,0.12512736629705268,0.04999999999999982,-0.040000000000000036,-0.03000000000000025,-0.07999999999999996,0.03000000000000025
2025-02-04,-0.006307531016771506,-0.00949533563141891,0.006822415916365898,0.006685881438886376,-0.07874575989448962,-0.020000000000000018,-0.020000000000000462,-0.019999999999999574,0.02999999999999997,-0.010000000000000231
2025-02-05,-0.02323903673808303,-0.0035260058040611497,0.006393163440626459,0.004046342844649331,-0.08738112702359535,-0.020000000000000018,-0.08999999999999986,0.0,-0.04999999999999999,-0.020000000000000018
2025-02-06,-0.005930519651741406,0.0010219781459790411,-0.00544735525046125,0.0034695900439603022,-0.017269406077245364,-0.029999999999999805,0.020000000000000462,0.03000000000000025,-0.020000000000000018,0.0
2025-02-07,0.00550809086907833,0.0032447853869053134,0.003948792974386883,-0.009195713292096563,0.06494172102266127,0.009999999999999787,0.040000000000000036,-0.010000000000000675,-0.03999999999999998,0.0
2025-02-10,0.018420834822808096,0.0025882689482301657,0.016258833046569166,0.006768254750558533,-0.04513906718526117,-0.009999999999999787,0.019999999999999574,0.0,0.03,0.020000000000000018
2025-02-11,0.013732706945136286,-0.0033290266770533705,-0.000617851606475206,0.0007602664193546715,0.01319529245212303,0.0,0.03000000000000025,-0.009999999999999787,0.01999999999999999,0.020000000000000018
2025-02-12,-0.02695576734257976,-0.0001852398608823691,-0.0012024393787539722,-0.0032267102294394334,-0.008147968059884825,-0.010000000000000231,0.08000000000000007,-0.019999999999999574,0.010000000000000009,0.0
2025-02-13,-0.0011215734948457623,-0.00585372062060685,0.005792712774394637,0.01050219496552085,-0.050995233071065016,0.0,-0.10000000000000053,0.009999999999999787,-0.05000000000000002,-0.020000000000000018
2025-02-14,-0.00774492439283847,-0.006919775818822416,-0.014562544873085947,-4.915126231885836e-05,-0.022096641547685092,-0.029999999999999805,-0.04999999999999982,0.0,0.0,-0.009999999999999787
2025-02-17,0.0,0.0,0.0,0.0,0.0,0.0,0.0,0.0,0.0,0.0
2025-02-18,0.015569437709031853,0.004494000174224411,0.016508834966771246,0.0029315328583932043,0.03851737134856492,0.0,0.08000000000000007,0.040000000000000036,0.05000000000000002,0.020000000000000018
2025-02-19,0.005551735704513838,0.0011202980959197362,-0.004170300117599446,0.0023521391767742372,-0.005225349676138968,0.06000000000000005,-0.019999999999999574,-0.020000000000000462,-0.010000000000000009,0.0
2025-02-20,0.004419282092243293,-0.007774868000939961,0.0070314990870450345,-0.004169002936971644,0.025219531610343182,-0.020000000000000018,-0.03000000000000025,-0.019999999999999574,-0.03,0.0
2025-02-21,-0.030358324246371637,0.002535848049020295,-0.0008166266630071917,-0.0172520677481085,0.15086116264458127,0.11999999999999966,-0.08000000000000007,0.009999999999999787,0.010000000000000009,-0.03000000000000025
2025-02-24,0.004252244899221935,-9.382426978810088e-05,0.003500064634192057,-0.004560807159101898,0.04141492560012949,0.0,-0.019999999999999574,0.0,0.04000000000000001,0.0
2025-02-25,-0.025354028412746032,-0.0027241660821415437,-0.014831760871325095,-0.0049855853955937945,0.023432510032201925,0.06000000000000005,-0.10000000000000053,-0.009999999999999787,-0.04000000000000001,-0.040000000000000036
2025-02-26,-0.004507423868616911,0.001034180626755976,0.004225883232117589,0.0005046986109213947,-0.01712992407094971,-0.029999999999999805,-0.04999999999999982,0.0,-0.03,-0.020000000000000018
2025-02-27,0.024898684414305094,0.007675781485371402,-0.011586370186079442,-0.01609066754142674,0.1010054368855191,0.0,0.040000000000000036,0.03000000000000025,0.01999999999999999,0.010000000000000231
2025-02-28,-0.008421951647283876,0.003444292436517671,-0.016224097946285987,0.015484998634637037,-0.07363482637456453,0.06000000000000005,-0.04999999999999982,0.02999999999999936,0.03,0.009999999999999787
2025-03-03,-0.02012663812526405,-0.008023933775452186,0.018649013437515016,-0.017675188339395298,0.1488240226257318,0.06999999999999984,-0.08000000000000007,-0.05999999999999961,-0.04999999999999999,-0.020000000000000018
2025-03-04,-0.0016101973239743828,-0.00950642150410097,0.006689961266387101,-0.011907525736465807,0.031542884125980386,0.050000000000000266,0.05999999999999961,0.0,0.06,-0.009999999999999787
2025-03-05,-0.028983296211349874,0.0,0.0019570989537598393,0.010690515460946237,-0.06957029594178676,-0.11000000000000032,0.0600000000000005,0.009999999999999787,0.02999999999999997,-0.010000000000000231
2025-03-06,0.0007537959571211061,-0.016015598204000447,0.00044584057237084807,-0.01791057405732932,0.12580671521442044,0.11000000000000032,0.009999999999999787,0.009999999999999787,0.040000000000000036,0.0
2025-03-07,0.010194995310435218,-0.0021164147117005427,-0.0040884898428901195,0.005589213724635833,-0.06220910709864125,-0.020000000000000018,0.03000000000000025,-0.009999999999999787,0.0,-0.009999999999999787
2025-03-10,-0.01518030411088045,0.0006739574187113462,-0.004727634903136213,-0.02699673996813612,0.17573880579798828,0.18999999999999995,-0.10000000000000053,-0.009999999999999787,0.0,-0.020000000000000018
2025-03-11,0.0033262991469502623,-0.004533417041892918,0.0075466519578206714,-0.008347624254403385,-0.034322482648842634,0.06000000000000005,0.0600000000000005,-0.009999999999999787,0.010000000000000009,0.0
2025-03-12,0.02135525494073498,0.0016420980887659198,0.00895433027112258,0.005292510968270214,-0.10527799167462559,-0.020000000000000018,0.040000000000000036,-0.010000000000000675,-0.030000000000000027,0.020000000000000018
2025-03-13,-0.016837129109330107,0.002121107795967525,0.015261784579634785,-0.01342014098391342,0.01759097561253009,0.19999999999999973,-0.05000000000000071,-0.009999999999999787,0.020000000000000018,-0.040000000000000036
2025-03-14,0.009421998029068845,-0.001059991510803826,0.0034120428795940683,0.020445350796967077,-0.12464959527480435,-0.1499999999999999,0.040000000000000036,0.0,-0.040000000000000036,0.009999999999999787
2025-03-17,0.005936519653962691,-0.00338016128888885,0.0018350159457281023,0.007681773006130932,-0.059620313029912886,-0.06999999999999984,0.0,0.020000000000000462,-0.03999999999999998,-0.009999999999999787
2025-03-18,-0.010113118438230373,-0.0012584569922662325,0.01163211640533568,-0.010867271727039274,0.056399712461100204,0.04999999999999982,-0.019999999999999574,-0.010000000000000675,0.0,0.009999999999999787
2025-03-19,0.003878896794933695,0.0018387041817407024,0.0002634836739012769,0.010831972628518649,-0.08659258314379992,-0.040000000000000036,-0.040000000000000036,-0.019999999999999574,0.010000000000000009,0.010000000000000231
2025-03-20,0.016246088036584005,0.004052477288751355,0.0013496266707839766,-0.002895968288906481,-0.0050378133929203095,-0.020000000000000018,-0.009999999999999787,0.0,0.02999999999999997,0.0
2025-03-21,0.0002929052742830507,0.0023083387162152746,-0.0071969043937123445,-0.002673839419255586,-0.026613574371400883,0.040000000000000036,0.009999999999999787,0.009999999999999787,0.020000000000000018,0.020000000000000018
2025-03-24,0.012082566886560286,0.0016319254841814512,-0.0016911295043424701,0.017750033954182953,-0.09801098075725623,-0.16000000000000014,0.08999999999999986,0.009999999999999787,-0.010000000000000009,0.029999999999999805
2025-03-25,-0.0015929423376386254,-0.0007676245830561257,0.003511749378260376,0.0024009699512088645,-0.019059192670720204,0.040000000000000036,-0.03000000000000025,0.020000000000000462,0.04999999999999999,-0.009999999999999787
2025-03-26,0.00937621753636364,0.0035452798177422196,-0.0009264629905239019,-0.01201009991267199,0.0665409063205531,0.10000000000000009,0.040000000000000036,0.019999999999999574,0.020000000000000018,0.020000000000000018
2025-03-27,0.0038689830258036295,-0.004601708346740452,0.012925489441903082,-0.0026592418520143823,0.019449592352613454,0.08000000000000007,0.03000000000000025,0.010000000000000675,0.03999999999999998,0.020000000000000018
2025-03-28,-0.008041363887377528,-0.0002882973371454156,0.00855750550209855,-0.020343869306522322,0.1470167867866672,0.20000000000000018,-0.11000000000000032,-0.020000000000000462,-0.02999999999999997,-0.020000000000000018
2025-03-31,0.030107395982433616,0.0016326358387139805,0.011692288048193333,0.006690382419018981,0.028684009049351644,0.07999999999999963,-0.03999999999999915,0.07000000000000028,-0.03999999999999998,0.009999999999999787
2025-04-01,-0.003924961698320573,0.000479714610485793,-0.0012497066576351301,0.0028204454330973405,-0.023156549604275156,-0.04999999999999982,-0.0600000000000005,-0.020000000000000462,-0.040000000000000036,-0.04999999999999982
2025-04-02,0.0071374195712401445,-0.0043255181422861,0.006710576935194723,0.006308471212192579,-0.01201494235336975,-0.08000000000000007,0.03000000000000025,-0.019999999999999574,-0.010000000000000009,-0.010000000000000231
2025-04-03,-0.06868416857286341,-0.016903432261588414,-0.013757020186499602,-0.05053654521639217,0.33334588753358263,0.5899999999999999,-0.14000000000000057,0.019999999999999574,0.06,-0.040000000000000036
2025-04-04,-0.07697291776429882,0.009264262126638556,-0.02782959105342009,-0.06032657327600788,0.4116639475338917,0.4400000000000004,-0.04999999999999982,-0.040000000000000036,-0.019999999999999962,-0.09999999999999964
2025-04-07,-0.021029398155769208,0.0023269885872050367,-0.020358542145218372,-0.001782766736501351,0.03619418049913703,0.16000000000000014,0.14000000000000057,-0.019999999999999574,0.08999999999999997,0.009999999999999787
2025-04-08,-0.01862373261662853,-0.0029095457435799332,0.005777286422797623,-0.01578673908637107,0.10784788588768279,-0.040000000000000036,0.10999999999999943,0.07000000000000028,0.13000000000000006,0.03000000000000025
2025-04-09,0.04544366963540547,-0.0005828967270442575,0.029247416271417137,0.09986280254486068,-0.4424487591644146,-0.20000000000000018,0.08000000000000007,0.019999999999999574,-0.12000000000000005,0.04999999999999982
2025-04-10,-0.037253103871513815,-0.019925071373086745,0.031781399464090754,-0.04480805037437108,0.19159830601000571,0.04999999999999982,0.0600000000000005,-0.04999999999999982,0.13000000000000006,-0.08000000000000007
2025-04-11,0.023526631030738265,-0.010864836096726727,0.02101247097035497,0.017685502670261144,-0.08077971131758677,-0.16000000000000014,0.08000000000000007,-0.040000000000000036,-0.040000000000000036,0.010000000000000231
2025-04-14,0.00048766610077244366,-0.0014040659305329939,-0.005414639755736417,0.009654693911695489,-0.19550720373103703,-0.1200000000000001,-0.10000000000000053,0.0,0.020000000000000018,0.029999999999999805
2025-04-15,-0.003255691419577822,0.005804097443401268,0.0043278349931821225,-0.002804808601871933,-0.025243056376930806,-0.04999999999999982,-0.03000000000000025,0.03000000000000025,-0.030000000000000027,-0.040000000000000036
2025-04-16,0.018417311552441085,-0.00841692317480991,0.032973254571937005,-0.022478798161806424,0.08034908060172263,0.07000000000000028,-0.05999999999999961,-0.05000000000000071,0.010000000000000009,-0.020000000000000018
2025-04-17,0.03476557838103833,0.0,-0.005395442489893654,0.001425760957615374,-0.09607639881843344,-0.14000000000000057,0.04999999999999982,0.010000000000000675,0.010000000000000009,0.06000000000000005
2025-04-18,0.0,0.0,0.0,0.0,0.0,0.0,0.0,0.0,0.0,0.0
2025-04-21,-0.02504824830480956,-0.011130323304691991,0.029041937846947974,-0.024090541109631047,0.13159022186892821,0.14000000000000057,0.08000000000000007,0.0,0.14,-0.009999999999999787
2025-04-22,0.01931131106134476,0.006490888910444248,-0.0015865736672466824,0.02568503469362149,-0.10103320852701314,-0.16999999999999993,-0.009999999999999787,-0.020000000000000462,-0.020000000000000018,0.04999999999999982
2025-04-23,-0.0322353259480499,0.009257443798579956,-0.03729596062718876,0.015376634359514085,-0.07187093853069948,-0.2400000000000002,-0.009999999999999787,-0.019999999999999574,-0.06000000000000005,0.020000000000000018
2025-04-24,0.008316063471168533,-0.0055239976750920405,0.016857972511505892,0.020830464913471403,-0.07213619709070018,-0.020000000000000018,-0.08000000000000007,0.009999999999999787,-0.039999999999999925,0.009999999999999787
2025-04-25,0.0036563038861121555,0.0018112331701516382,-0.014997891910233818,0.007199346060805745,-0.06355672709038407,-0.06000000000000005,-0.03000000000000025,0.040000000000000036,0.0,-0.029999999999999805
2025-04-28,-0.015511644237856004,-0.004635226726065866,0.015147940676364158,0.000381230772688923,0.012402618169858215,0.06000000000000005,-0.05999999999999961,0.03000000000000025,0.010000000000000009,-0.020000000000000018
2025-04-29,-0.026620353701971133,0.002320260587368672,-0.004119486550148821,0.006279655066740553,-0.039745683506018814,0.010000000000000231,-0.040000000000000036,0.0,-0.020000000000000018,-0.020000000000000018
2025-04-30,-0.03726300009744943,0.0023149661386971943,-0.0041668132169281336,0.0003967510937652463,0.021691076650220964,0.19999999999999973,-0.020000000000000462,0.04999999999999982,0.029999999999999916,0.0
2025-05-01,0.0175398721772968,0.007810962750283146,-0.02916553616172557,0.007061947672627689,-0.00405681607695163,-0.16000000000000014,0.08000000000000007,-0.020000000000000462,-0.019999999999999907,0.020000000000000018
2025-05-02,-0.016166449969052366,-0.0024968801985867373,0.006799232227836072,0.014735101628145841,-0.08126296612994288,-0.17999999999999972,0.08000000000000007,-0.02999999999999936,-0.050000000000000044,0.020000000000000018
2025-05-05,-0.02010117633128594,-0.0017014282980305495,0.024270706904035322,-0.005750854045355247,0.04145667440402967,0.0,0.03000000000000025,-0.03000000000000025,0.030000000000000027,0.009999999999999787
2025-05-06,0.03373231650728492,-0.005927620392363053,0.029781859324396365,-0.008393491343563042,0.04628929034110829,0.06000000000000005,-0.0600000000000005,-0.009999999999999787,-0.010000000000000009,-0.020000000000000018
2025-05-07,-0.01741253381123009,0.0037214299867889267,-0.008832939557882113,0.0041966874317331815,-0.05010366899456509,0.009999999999999787,-0.040000000000000036,-0.020000000000000462,-0.040000000000000036,-0.009999999999999787
2025-05-08,0.03119425942023213,0.010287219602941988,-0.025398132101866366,0.006943622908377023,-0.04649978340350902,-0.16000000000000014,0.11000000000000032,-0.009999999999999787,-0.010000000000000009,0.040000000000000036
2025-05-09,0.018358253241505196,-0.002985404328327057,0.011700918988175601,-0.0012749615461116193,-0.026139385258591386,0.020000000000000018,0.0,-0.009999999999999787,0.020000000000000018,0.0
2025-05-12,0.01512593360017167,0.014347493899422581,-0.035211223370302136,0.03251306246206731,-0.17467961397683496,-0.3799999999999999,0.08000000000000007,0.0,-0.020000000000000018,0.0
2025-05-13,0.027385844879860066,-0.007791359617264959,0.006284573623098311,0.0065822392404975005,-0.009287151281461181,-0.06000000000000005,0.040000000000000036,0.019999999999999574,0.0,0.029999999999999805
2025-05-14,-0.008200592311149002,0.0003959702620148775,-0.01834461239329066,0.0012772154452020956,0.021716462775081435,0.010000000000000231,0.040000000000000036,-0.009999999999999787,0.010000000000000009,0.050000000000000266
2025-05-15,-0.024526397124652988,-0.0015848226728403247,0.012277391287756956,0.0048724598722342805,-0.04335388932444717,0.10000000000000009,-0.08000000000000007,0.019999999999999574,0.010000000000000009,-0.03000000000000025
2025-05-16,0.014020094966140206,0.002079508509303274,-0.012088782158285127,0.0063140522204223615,-0.03365017563674577,-0.040000000000000036,-0.020000000000000462,-0.009999999999999787,-0.03999999999999998,0.0
2025-05-19,0.0031953525790582304,-0.006550202495798629,0.014631561796194958,0.0010932483080017263,0.050887159080928335,0.04999999999999982,0.03000000000000025,-0.009999999999999787,0.03999999999999998,0.020000000000000018
2025-05-20,-0.0020758051911764497,-0.0030914764474649914,0.01579340480163438,-0.0033678571569133453,-0.0027601031981325796,-0.009999999999999787,0.020000000000000462,-0.020000000000000462,0.020000000000000018,-0.009999999999999787
2025-05-21,-0.01595138422208553,-0.005609041019042138,0.00880180490270277,-0.016994379563572082,0.1429534534594037,0.04999999999999982,0.09999999999999964,-0.009999999999999787,0.06999999999999995,0.0
2025-05-22,-0.006027531981941614,0.004009643830382714,-0.005150277910233925,0.0003945992615168592,-0.02867754872029593,0.06999999999999984,-0.040000000000000036,0.0,-0.039999999999999925,-0.010000000000000231
2025-05-23,0.005377638928633743,-0.008539746230872503,0.02142543450396417,-0.006849177458517097,0.09450297588999135,0.08000000000000007,-0.03000000000000025,0.0,-0.030000000000000027,-0.009999999999999787
2025-05-26,0.0,-0.0018178181570460694,0.0,0.0,0.0,0.0,0.0,0.0,0.0,0.0
2025-05-27,-0.010455893316601461,0.005946062839726984,-0.01936212440612195,0.02057741664572621,-0.1618067399316656,-0.1599999999999997,-0.08000000000000007,0.04999999999999982,0.0,-0.010000000000000231
2025-05-28,0.015481459149985888,0.003610842653130497,-0.0016685124798723194,-0.005802208072011261,0.01829162024380615,-0.010000000000000231,0.040000000000000036,0.020000000000000462,0.0,0.0
2025-05-29,-0.0146606557241995,-0.006025309311961102,0.007109715550713602,0.003939632847248298,-0.006754983416935367,-0.009999999999999787,-0.040000000000000036,0.0,0.0,0.0
2025-05-30,-0.002464434201306709,0.0005035300605271686,-0.008537804000789961,-0.0011191297769226338,-0.03232072643563022,0.08999999999999986,-0.019999999999999574,0.019999999999999574,0.010000000000000009,0.020000000000000018
2025-06-02,0.028061196054028237,-0.006362743141416161,0.024537666358952492,0.0056171490582306305,-0.011372940494914996,-0.040000000000000036,0.04999999999999982,0.0,0.0,-0.009999999999999787
2025-06-03,0.01413506243041951,0.005557004047396674,-0.006070768059981191,0.005686429764165446,-0.03717488007439673,-0.08000000000000007,0.0,-0.02999999999999936,-0.020000000000000018,-0.010000000000000231
2025-06-04,-0.008870664547419693,-0.004645525243508253,0.00693075011258415,-0.00026850921633325697,-0.004532581194009122,0.040000000000000036,-0.08999999999999986,-0.040000000000000036,0.0,-0.009999999999999787
2025-06-05,0.008239635722055105,-0.0005062831279794011,-0.0067815164251037174,-0.004844506320959674,0.04822208427528896,-0.04999999999999982,0.03000000000000025,0.009999999999999787,-0.020000000000000018,-0.020000000000000018
2025-06-06,0.018914247203200674,0.004547116175521282,-0.008391573926159523,0.010216626235265203,-0.09709743831107742,-0.0900000000000003,0.10999999999999943,0.0,-0.010000000000000009,0.020000000000000018
2025-06-09,0.01093410553760954,-0.002523596896147673,0.002825074432685426,0.0009008492693851622,0.022989482036049225,0.03000000000000025,-0.019999999999999574,0.0,0.010000000000000009,0.0
2025-06-10,-0.004759317319035894,0.0011111734796491746,-0.003366964044300147,0.005653718851865719,-0.012313206330112347,0.0,-0.020000000000000462,-0.009999999999999787,-0.019999999999999962,-0.020000000000000018
2025-06-11,0.04763159863056643,-0.0042493568362615974,0.00012048613043802447,-0.0028561537379596658,0.01812382007847102,0.0,-0.05999999999999961,0.0,0.009999999999999953,-0.020000000000000018
2025-06-12,-0.0016153995491636763,-0.00722464705405379,0.01778563010253542,0.003966472456419012,0.04309057866717447,0.04999999999999982,-0.04999999999999982,0.0,-0.009999999999999953,-0.020000000000000018
2025-06-13,0.07008969602291071,0.002651731673716462,0.014768122634468028,-0.011243091574180575,0.14443177094572324,0.010000000000000231,0.04999999999999982,0.0,-0.010000000000000009,0.029999999999999805
2025-06-16,-0.016718962337807675,-0.00183505306766385,-0.01019402159970717,0.009469250387736494,-0.08570225833796608,-0.08000000000000007,0.04999999999999982,0.040000000000000036,0.03999999999999998,0.020000000000000018
2025-06-17,0.04188593780488681,0.008332531658832742,-0.002889521305021958,-0.008581823000127997,0.1224815421597163,0.06999999999999984,-0.07000000000000028,-0.010000000000000675,-0.03999999999999998,0.010000000000000231
2025-06-18,0.004000579549590988,0.0009103724470058694,0.0009444399210654097,-0.0001506763404073297,-0.0699854753657787,-0.009999999999999787,-0.009999999999999787,-0.02999999999999936,-0.010000000000000009,0.0
2025-06-19,0.0,0.0,0.0,0.0,0.0,0.0,0.0,0.0,0.0,0.0
2025-06-20,-0.0027986835739328697,-0.0020241336215338634,-0.006422120861074632,-0.0053032263725523165,0.023553662303807954,-0.03000000000000025,0.0,0.009999999999999787,0.03999999999999998,0.020000000000000018
2025-06-23,-0.0895745972529296,-0.0029422323215433366,0.0028461738938609926,0.009829026584036171,-0.03906558060447951,-0.009999999999999787,-0.040000000000000036,0.0,0.020000000000000018,-0.03000000000000025
2025-06-24,-0.06233202246291203,-0.0057061247353686895,-0.018013675886811242,0.010986670773378115,-0.12613859464476818,-0.06000000000000005,-0.040000000000000036,0.009999999999999787,0.050000000000000044,-0.009999999999999787
2025-06-25,0.008507985708414267,-0.0018410591712756386,0.0029197688926849708,0.0005601216284096822,-0.04206223532916509,-0.020000000000000018,-0.009999999999999787,0.0600000000000005,0.0,-0.010000000000000231
2025-06-26,0.004917030567026082,-0.005440641396818435,0.001921720031074159,0.007793376614487535,-0.010194995310435662,0.0,-0.03000000000000025,0.040000000000000036,0.010000000000000009,0.0
2025-06-27,0.0042826433009324205,0.002570034784726616,-0.018101974273061927,0.004956038292762699,-0.016408782563471114,-0.020000000000000018,0.03000000000000025,-0.010000000000000675,0.0,0.010000000000000231
2025-06-30,-0.006277231686631524,-0.005353155420112721,0.006303198845365898,0.004769798075327181,0.024812156800422702,-0.06000000000000005,-0.04999999999999982,0.0600000000000005,-0.040000000000000036,0.0
2025-07-01,0.005208289105660846,-0.0006194895349276308,0.012758252337171427,-0.0003236765254888141,0.005959516032616463,-0.04999999999999982,0.019999999999999574,-0.009999999999999787,-0.040000000000000036,0.0
2025-07-02,0.030100091680430374,-0.0004132326075598769,0.0033808726417756674,0.0045230473849446895,-0.011353604956223062,-0.03000000000000025,0.040000000000000036,-0.040000000000000036,0.040000000000000036,0.009999999999999787
2025-07-03,-0.006693918018056522,0.0041245833660745745,-0.0049104542360627335,0.007850503872321113,-0.01574837152360864,-0.08000000000000007,0.04999999999999982,-0.05000000000000071,-0.050000000000000044,0.03000000000000025
2025-07-04,-0.007490671729157405,0.0,0.00027007467956075004,0.0,0.0,0.0,0.0,0.0,0.0,0.0
2025-07-07,0.021275820033905823,0.003082331076084799,-9.004121131539478e-05,-0.0074799053524596815,0.08257552595110296,0.06000000000000005,0.05000000000000071,-0.019999999999999574,0.030000000000000027,0.020000000000000018
2025-07-08,0.005871167894201612,0.00030769556067955506,-0.00759129785975432,-0.0005478812967822932,-0.05666263749048417,0.06000000000000005,0.019999999999999574,0.009999999999999787,0.020000000000000018,0.0
2025-07-09,0.0007314084547864752,-0.00041030788183249456,0.0013900517720006889,0.005978755562775717,-0.053142268612983656,0.020000000000000018,-0.08000000000000007,-0.019999999999999574,-0.040000000000000036,-0.020000000000000018
2025-07-10,-0.02682632301637433,0.001845022075683822,0.001749828380560814,0.0028162878388942048,-0.010088348541556602,-0.020000000000000018,0.009999999999999787,-0.010000000000000675,0.010000000000000009,0.009999999999999787
2025-07-11,0.02784948612237681,0.0020460052993360733,0.01156847445274245,-0.0035216008393907927,0.03853801307405291,0.050000000000000266,0.08000000000000007,0.0,0.040000000000000036,0.03000000000000025
2025-07-14,-0.021709389666200174,0.002347812608868516,-0.0013417817890850614,0.0019063989311298712,0.04762811660654798,-0.020000000000000018,0.0,0.020000000000000462,0.0,0.020000000000000018
2025-07-15,-0.0068915136248062225,0.005490617789240204,-0.006495750023280067,-0.004282428268111538,0.010410643373586659,0.0,0.07000000000000028,0.040000000000000036,0.020000000000000018,0.020000000000000018
2025-07-16,-0.0021068389445204616,-0.002334941971848359,0.006794079381101881,0.003337652058813312,-0.012738986382189843,0.04999999999999982,-0.040000000000000036,-0.03000000000000025,0.029999999999999916,0.0
2025-07-17,0.01732426359757877,0.0034497189502245007,-0.0037055602760016626,0.006101000318944116,-0.03800928936525105,-0.08999999999999986,0.009999999999999787,0.0,-0.019999999999999907,0.020000000000000018
2025-07-18,-0.0029656691622079734,-0.0025353696608458876,0.003854691586395731,-0.0007326435702887935,-0.006680899998967149,0.020000000000000018,-0.02999999999999936,-0.040000000000000036,0.0,-0.020000000000000018
2025-07-21,-0.002081157234508524,-0.006417837715638974,0.014478602877328939,0.0018943809648543919,0.014519297711828028,-0.040000000000000036,-0.0600000000000005,-0.019999999999999574,-0.030000000000000027,-0.010000000000000231
2025-07-22,-0.014841707006914895,-0.0047121485420023035,0.010904801640990058,0.00014307200069385573,-0.009049812608822982,0.009999999999999787,-0.03000000000000025,0.0,-0.010000000000000009,-0.009999999999999787
2025-07-23,-0.014605448906322316,-0.0018499522910806476,-0.013200213092494195,0.008471531405706223,-0.07094283080176345,-0.06999999999999984,0.05000000000000071,0.0,0.0,-0.020000000000000018
2025-07-24,0.011883119516578056,0.001747245134827935,-0.006829222657993128,0.0003310042149538006,0.0013004200541875122,-0.010000000000000231,0.02999999999999936,0.019999999999999574,0.0,0.08000000000000007
2025-07-25,-0.013263325783737123,0.002768850398918943,-0.011036651923321372,0.004215422064667074,-0.030345338167419467,0.020000000000000018,-0.02999999999999936,0.0600000000000005,-0.030000000000000027,-0.010000000000000231
2025-07-28,0.02350901306179054,0.01028995997538562,-0.007496505723880276,-0.00025112735570509415,0.006675554006955853,-0.020000000000000018,0.019999999999999574,0.0,0.020000000000000018,0.0
2025-07-29,0.036790494628085035,0.0025307498523376992,0.0043120472958140255,-0.0026410841631854254,0.06128972569359581,0.040000000000000036,-0.08000000000000007,0.0,-0.030000000000000027,-0.009999999999999787
2025-07-30,0.011349894423839935,0.010359647568367158,-0.008339380490784976,-0.0012601012488229202,-0.03178907310180712,0.03000000000000025,0.040000000000000036,-0.040000000000000036,-0.03999999999999998,-0.010000000000000231
2025-07-31,-0.01062767223144423,0.0009000984489411223,-0.0007892237945714697,-0.003758282582168704,0.07705672799895558,-0.03000000000000025,-0.009999999999999787,0.0699999999999994,-0.010000000000000009,-0.029999999999999805
2025-08-01,-0.028261640065498028,-0.01348647987167162,0.016413806676874643,-0.016526211959548398,0.1979484200260746,0.27,-0.13999999999999968,-0.04999999999999982,0.11000000000000004,-0.06000000000000005
2025-08-04,-0.015566859688174617,0.0009114938326346689,0.007943973509988211,0.015085429316188836,-0.15121087497900554,-0.10999999999999988,-0.010000000000000675,-0.009999999999999787,-0.010000000000000009,0.040000000000000036
2025-08-05,-0.017193230128598636,0.0,0.0022201510582657846,-0.005082864835386225,0.018660417960192355,-0.040000000000000036,0.0,0.009999999999999787,-0.030000000000000027,-0.010000000000000231
2025-08-06,-0.01250892960569061,-0.006092611016446092,-0.0005619433653798467,0.007630508716871098,-0.0624119264648022,0.0,0.0,0.0,0.030000000000000027,-0.020000000000000018
2025-08-07,-0.007330570262490177,0.002238287826870966,0.005987967888746226,-0.0008379711399975065,-0.011997790110595208,-0.029999999999999805,0.010000000000000675,0.009999999999999787,-0.020000000000000018,0.010000000000000231
2025-08-08,0.0,-0.002238287826870966,0.011346160259979143,0.007767293178963186,-0.08959330624524542,-0.010000000000000231,0.03999999999999915,0.0,0.0,0.040000000000000036
2025-08-11,0.0012515335842291364,0.0034570074404749462,-0.025324517441946526,-0.001979436338384488,0.07009240199988831,0.0,0.0,-0.009999999999999787,0.0,0.009999999999999787
2025-08-12,-0.012428397727227036,-0.004272188161714929,-0.0012534156557428844,0.010589754305315502,-0.09820670937817155,-0.009999999999999787,0.020000000000000462,0.020000000000000462,0.05999999999999994,-0.020000000000000018
2025-08-13,-0.00826577022677899,-0.002653897067652622,0.0029220752624805613,0.003417285634725431,-0.016427458860831745,-0.03000000000000025,-0.04999999999999982,-0.03000000000000025,0.0,-0.009999999999999787
2025-08-14,0.020694167954006026,0.004181796800026838,-0.00702134686423328,9.30310075473173e-05,0.023193410468529407,-0.009999999999999787,0.04999999999999982,0.009999999999999787,-0.019999999999999907,0.020000000000000018
2025-08-15,-0.0183028123262563,-0.004079572501346718,0.0002398515522887834,-0.0023440269481254106,0.0173801318863398,-0.010000000000000231,0.040000000000000036,0.020000000000000462,0.029999999999999916,-0.010000000000000231
2025-08-18,0.009824178912883674,0.0032649728045299753,-0.0012898149154132454,-0.00021762694880500533,-0.006648986046074334,0.0,0.009999999999999787,-0.020000000000000462,-0.010000000000000009,0.0
2025-08-19,-0.01701559258507146,0.0010181071614718817,-0.005507846531910943,-0.005439905979530479,0.037962669400125826,0.020000000000000018,-0.040000000000000036,-0.009999999999999787,-0.019999999999999907,-0.029999999999999805
2025-08-20,0.013698854347058642,-0.0005088851746730683,0.009013401028552082,-0.002660594141413064,0.00767757375506406,0.040000000000000036,-0.009999999999999787,-0.020000000000000462,0.0,0.0
2025-08-21,0.00489232214518065,0.004064235606779931,-0.0019460210593322813,-0.004019912786724866,0.05637917834187345,0.010000000000000231,0.040000000000000036,0.010000000000000675,-0.010000000000000009,0.040000000000000036
2025-08-22,0.002201595311539961,-0.00916784976474716,0.011175298783646426,0.015240071172987868,-0.15475327518910964,-0.07000000000000028,-0.07000000000000028,0.040000000000000036,0.039999999999999925,0.020000000000000018
2025-08-25,0.017749230996228604,0.007239379860169315,-0.00017778178522931398,-0.00441074023477217,0.03930183098997597,-0.08000000000000007,0.020000000000000462,0.009999999999999787,-0.029999999999999916,0.0
2025-08-26,-0.024210522845626414,-0.0020339368805570857,0.004377165544111605,0.004178228951063012,-0.011560827649531369,-0.020000000000000018,-0.020000000000000462,0.009999999999999787,0.09999999999999998,0.009999999999999787
2025-08-27,0.01412898724012468,0.0,0.0047106015210278684,0.0022759618790200165,0.015609444442969078,0.0,-0.019999999999999574,-0.019999999999999574,0.0,0.010000000000000231
2025-08-28,0.00699027232038496,-0.0042849055192979435,0.00795743201556931,0.003535147904431213,-0.02869049700242332,-0.029999999999999805,-0.020000000000000462,-0.020000000000000462,-0.050000000000000044,-0.020000000000000018
2025-08-29,-0.009175032640841074,-0.000409049159126873,0.012135375150160499,-0.005981601959390126,0.06245731143330202,0.06999999999999984,0.010000000000000675,0.0,0.040000000000000036,0.0
2025-09-01,0.0,0.0,0.0,0.0,0.0,0.020000000000000018,0.0,0.0,0.0,0.0
2025-09-02,0.024383834944995186,0.006423072382534478,0.02155825335719186,-0.007437821352794138,0.11139697398504467,0.08000000000000007,0.04999999999999982,0.04999999999999982,-0.020000000000000018,0.0
2025-09-03,-0.025008946927815856,-0.0026457951225422605,0.012264609179004182,0.005404909812383174,-0.04893575867808497,-0.040000000000000036,-0.0600000000000005,0.0,-0.010000000000000009,-0.010000000000000231
2025-09-04,-0.0076893540974172225,0.002137504877720353,-0.007654710471889814,0.00832268922936219,-0.06637507981002333,-0.040000000000000036,-0.04999999999999982,0.020000000000000462,-0.030000000000000027,-0.020000000000000018
2025-09-05,-0.025689496168026515,-0.005914782137712571,0.013205346467746182,-0.0029004384924311566,-0.007874048793430344,-0.009999999999999787,-0.07000000000000028,0.009999999999999787,0.010000000000000009,-0.009999999999999787
2025-09-08,0.006283745775436778,-0.0032783525451431927,0.006867801411635455,0.002453613839030311,-0.004622038508200976,0.009999999999999787,-0.04999999999999982,-0.019999999999999574,-0.029999999999999916,-0.020000000000000018
2025-09-09,0.005925275537221886,0.003482937048931767,0.001428283558452037,0.0023091853614305435,-0.004643437577763088,0.03000000000000025,0.03000000000000025,0.0,-0.020000000000000018,0.009999999999999787
2025-09-10,0.016469051678726032,-0.00010228702004155821,8.235294082759026e-05,0.0028866770032767164,0.020402182899327936,-0.03000000000000025,-0.040000000000000036,-0.010000000000000675,-0.040000000000000036,-0.009999999999999787
2025-09-11,-0.020629091857852444,-0.002457484998239501,-0.0018405871036470955,0.008275840916968313,-0.04258796167804002,-0.06000000000000005,-0.03000000000000025,0.020000000000000462,-0.010000000000000009,-0.010000000000000231
2025-09-12,0.005117549967248891,0.00010253868507703601,0.0034311001737599156,-0.0003346388611920048,0.003393297472611856,0.010000000000000231,0.04999999999999982,0.009999999999999787,0.010000000000000009,0.020000000000000018
2025-09-15,0.009683393717559774,-0.0025660777967813075,0.008947642619622442,0.005309800906971418,0.06110270532150208,-0.040000000000000036,-0.009999999999999787,0.08999999999999986,0.010000000000000009,0.010000000000000231
2025-09-16,0.019089884130282897,-0.006909796968858295,0.0018178977764957693,-0.0013777975895168382,0.041815828481424955,0.040000000000000036,-0.009999999999999787,-0.1200000000000001,0.020000000000000018,0.0
2025-09-17,-0.007311125238423699,0.002480678204053177,-0.0019265078645300804,-0.0012432078024016135,-0.0399055644945272,0.0,0.019999999999999574,-0.009999999999999787,0.010000000000000009,0.009999999999999787
2025-09-18,-0.007522419841541783,0.004942814352483893,-0.010402140797461712,0.004661615603763103,-0.0012731037820805646,-0.08000000000000007,0.05000000000000071,-0.2400000000000002,0.0,0.0
2025-09-19,-0.014099233791081467,0.002974523129664064,0.007600662414638748,0.002172015722439191,-0.016051709207089093,0.010000000000000231,0.02999999999999936,0.0,0.029999999999999916,0.010000000000000231
2025-09-22,-0.0006383804178620167,-0.0031799540224666245,0.018672448725780555,0.0047199188082895915,0.04121030468573306,-0.03000000000000025,0.010000000000000675,0.0,-0.029999999999999916,-0.020000000000000018
2025-09-23,0.012217533366822408,-0.0007194583114911168,0.0106100063895056,-0.005458462106667561,0.03299010302909133,0.020000000000000018,-0.03000000000000025,-0.019999999999999574,0.04999999999999993,0.0
2025-09-24,0.0246118037305445,0.00625226856154093,-0.012911648948104926,-0.0031866378358165193,-0.028033468221638103,-0.009999999999999787,0.040000000000000036,0.009999999999999787,0.0,0.009999999999999787
2025-09-25,-0.00015379713413476992,0.006923969064020596,0.0012852605029394226,-0.004624179680054574,0.034025120896936656,0.05999999999999961,0.019999999999999574,0.04999999999999982,-0.04999999999999993,0.0
2025-09-26,0.011323729841388186,-0.00406712829645528,0.010223498096001649,0.005712728978095605,-0.09060203394250488,-0.009999999999999787,0.020000000000000462,-0.019999999999999574,0.029999999999999916,0.0
2025-09-29,-0.03515110555871015,-0.0024482095000752935,0.012006108728817466,0.002806467857221051,0.052861771694031834,-0.009999999999999787,-0.04999999999999982,-0.03000000000000025,-0.04999999999999993,-0.029999999999999805
2025-09-30,-0.017167832772092773,-0.0014309795862192942,0.005194719543135662,0.003759798734535913,0.009876613611529805,0.05999999999999961,0.009999999999999787,0.11000000000000032,0.040000000000000036,0.009999999999999787
2025-10-01,-0.009504705681003145,-0.0006138485961635354,0.0069276125174813075,0.003401724390952765,0.0006140760641177856,0.010000000000000231,-0.040000000000000036,-0.040000000000000036,0.009999999999999898,-0.009999999999999787
2025-10-02,-0.02126694342912927,0.0014317796616145628,-0.007214077634015936,0.0011511936291652702,0.020656763924054466,0.0,-0.020000000000000462,0.0,-0.019999999999999907,-0.010000000000000231
2025-10-03,0.006592006795596461,-0.0013294193666384402,0.010647104699776477,-1.4866269469671067e-05,0.0012019507755498537,-0.010000000000000231,0.03000000000000025,-0.020000000000000462,0.0,-0.009999999999999787
2025-10-06,0.013217089862355813,0.003983045515008499,0.017294429424653757,0.003579848046447509,-0.016959750865767287,-0.040000000000000036,0.04999999999999982,-0.02999999999999936,0.029999999999999916,0.009999999999999787
2025-10-07,0.0006482080298395587,0.00477911545513976,0.007091447444070198,-0.0037143841540672184,0.05178180930974774,0.06000000000000005,-0.040000000000000036,-0.010000000000000675,-0.010000000000000009,0.010000000000000231
2025-10-08,0.013196195725421411,0.002735114328785926,0.01663399490752049,0.00594533283456844,-0.056067190952723944,0.020000000000000018,-0.009999999999999787,-0.019999999999999574,-0.019999999999999907,0.0
2025-10-09,-0.01676648878307585,0.006956048447671392,-0.024282758867578025,-0.002901223169488709,0.007943889616864208,0.11000000000000032,0.009999999999999787,0.009999999999999787,-0.010000000000000009,-0.010000000000000231
2025-10-10,-0.04335861936876739,-0.005641739188980033,0.0074726695710456426,-0.0273997320200996,0.2763582839046803,0.22999999999999998,-0.08999999999999986,0.020000000000000462,-0.010000000000000009,-0.040000000000000036
2025-10-13,0.009967142850277888,0.002925533346425091,0.03283124863445863,0.015227500463862675,-0.12945051713783595,0.0,0.0,0.0,0.0,0.0
2025-10-14,-0.01336851958276597,-0.0022185728306007846,0.007299414410764982,-0.0012223889242513053,0.0894168973517111,-0.07000000000000028,-0.019999999999999574,0.040000000000000036,0.020000000000000018,0.0
2025-10-15,-0.007352350820426068,-0.0026284096310433824,0.009187545165353583,0.004429723263551288,-0.008202703699969227,-0.1599999999999997,0.019999999999999574,0.09999999999999964,0.0,-0.009999999999999787
2025-10-16,-0.013998351393044395,-0.0040572276495076665,0.024430461884398014,-0.0068335370801655415,0.20396864241431123,0.08999999999999986,-0.05999999999999961,0.009999999999999787,0.029999999999999916,-0.010000000000000231
2025-10-17,0.0013913364167024156,0.00040647206727051355,-0.02132293911227734,0.00566026418894694,-0.19720853474171918,0.0,0.02999999999999936,-0.1200000000000001,-0.019999999999999907,-0.009999999999999787
2025-10-20,-0.00034765266341718615,0.0016241607005591518,0.03436764429162409,0.010346764260710906,-0.1309224551345447,-0.04999999999999982,-0.019999999999999574,-0.019999999999999574,-0.020000000000000018,-0.010000000000000231
2025-10-21,0.005202009939038632,0.0034427329777821924,-0.05906203554004996,-1.4911128311645427e-05,-0.019945187445519874,-0.020000000000000018,-0.020000000000000018,0.07000000000000028,-0.010000000000000009,0.020000000000000018
2025-10-22,0.011692022927642043,-0.00030327836272725506,-0.010649268655763322,-0.0052124924021450525,0.04003822509368815,0.03999999999999959,-0.009999999999999787,-0.020000000000000462,-0.010000000000000009,0.010000000000000231
2025-10-23,0.054714799651833346,0.00040437641801727153,0.019854040473195056,0.005912439182597318,-0.07245514382509466,-0.04999999999999982,0.03999999999999959,0.03000000000000025,0.010000000000000009,0.009999999999999787
2025-10-24,-0.004704379077171694,0.00010101073197521515,-0.0017225098547726247,0.00813933255252497,-0.055256014753595206,-0.08000000000000007,0.009999999999999787,0.0,0.010000000000000009,-0.009999999999999787
2025-10-27,-0.0030941906387402796,-0.0017194984524788737,-0.02869549076685729,0.011728646645659424,-0.03607361679793408,-0.08000000000000007,-0.009999999999999787,0.02999999999999936,-0.010000000000000009,-0.010000000000000231
2025-10-28,-0.019101516385149786,-0.0009114938326346689,-0.008960778782098444,0.002652493489028629,0.039123282819029104,0.020000000000000018,-0.019999999999999574,0.040000000000000036,-0.010000000000000009,0.0
2025-10-29,0.005471256513851053,0.005355970253849485,0.0044025782667436175,0.0004802169496960218,0.029996250016489867,-0.06000000000000005,0.08999999999999986,-0.040000000000000036,-0.030000000000000027,0.020000000000000018
2025-10-30,0.001486991652024372,0.0031194748173994924,0.004408297096620828,-0.011059045996238304,-0.0005912048002163495,0.0900000000000003,0.03000000000000025,-0.22999999999999954,0.010000000000000009,-0.009999999999999787
2025-10-31,0.006746218098866663,0.002709119902856827,-0.0047849023856940676,0.0032748348805329286,0.030861295216443985,0.08999999999999986,0.0,0.17999999999999972,0.010000000000000009,0.009999999999999787
2025-11-03,0.0011472540064279002,0.0007011538604615453,0.004534952377444057,0.0018749518807332777,-0.015602769750574286,0.10000000000000009,0.019999999999999574,-0.08999999999999986,0.020000000000000018,0.010000000000000231
2025-11-04,-0.008058556254023408,0.003498413955198565,-0.013236252040330854,-0.011924410043879341,0.1012752998136115,0.08999999999999986,-0.03000000000000025,-0.1299999999999999,-0.010000000000000009,-0.020000000000000018
2025-11-05,-0.015979083336420175,-0.00019962351771418696,0.00822408713420586,0.0034594834147796405,-0.053511807269978284,-0.08000000000000007,0.07000000000000028,-0.08999999999999986,0.020000000000000018,0.009999999999999787
2025-11-06,-0.0028563939556933704,-0.004701590120104626,-0.00010053679233301693,-0.010787363881969547,0.07948729367323892,0.08000000000000007,-0.05999999999999961,0.009999999999999787,0.0,-0.020000000000000018
2025-11-07,0.005370036298004699,-0.001304418803511176,0.004887656635851556,0.0009840946162027464,-0.021773803548194692,0.020000000000000018,0.0,0.010000000000000231,0.020000000000000018,0.0
2025-11-10,0.006339712003289755,0.00020082594524239994,0.02771651588616919,0.015483826837869863,-0.08074173830298426,-0.1299999999999999,0.019999999999999574,0.020000000000000018,-0.010000000000000009,0.010000000000000231
2025-11-11,0.015020499160101508,-0.0016074311341141012,-0.0012167524528550189,0.002286649813170172,-0.018349120606183433,0.0,0.0,0.0,0.0,0.0
2025-11-12,-0.042673573823432065,0.00020110859840016815,0.023487483855552327,0.0005562213897327695,0.01322235625691448,0.0,-0.04999999999999982,0.029999999999999805,-0.030000000000000027,-0.020000000000000018
2025-11-13,0.0034135030196003058,-0.003020268542035076,-0.004170992761121539,-0.016733251094780854,0.13296011418473785,0.06999999999999984,0.03000000000000025,0.020000000000000018,0.010000000000000009,0.009999999999999787
2025-11-14,0.02357410971397922,0.0009069926474589707,-0.02400255533201623,-0.0001636723352538283,-0.008536334869686524,-0.020000000000000018,0.02999999999999936,-0.04999999999999982,-0.010000000000000009,0.0
2025-11-17,-0.003000007336277477,0.0032183443862532357,-0.004732790864801828,-0.009360130957200674,0.12097172670021594,0.06000000000000005,-0.009999999999999787,0.04999999999999982,0.010000000000000009,0.0
2025-11-18,0.013759053702353086,-0.00040166000595664997,-0.0017221023533426916,-0.008432960886636032,0.09823065960309085,0.07000000000000028,-0.009999999999999787,-0.06000000000000005,0.010000000000000009,-0.009999999999999787
2025-11-19,-0.02163510994555029,0.0068075173633452835,0.004029960569868152,0.003855706707772022,-0.04261247288656289,-0.03000000000000025,0.009999999999999787,-0.029999999999999805,0.010000000000000009,0.0
2025-11-20,-0.00505987320180612,-0.0006986346146966582,-0.005212559145508777,-0.015359612345631213,0.11033544988086552,0.0,-0.03000000000000025,0.0,0.0,-0.029999999999999805
2025-11-21,-0.018430521854432058,0.000199627061364005,0.00496729278207475,0.009911941392574342,-0.12010403643720835,0.020000000000000018,-0.040000000000000036,0.020000000000000018,0.0,0.0
2025-11-24,0.013344916077058677,-0.00039937016892910293,0.0037215603622993143,0.014611260573103024,-0.13261722293396572,-0.040000000000000036,-0.019999999999999574,0.029999999999999805,0.029999999999999916,-0.010000000000000231
2025-11-25,-0.015241315375265962,-0.004804771207528091,0.011493193638319354,0.009361986983068782,-0.10039134402734184,-0.04999999999999982,-0.03000000000000025,0.04999999999999982,0.0,-0.009999999999999787
2025-11-26,0.012007018164935879,-0.0006022803288043832,0.006261760929431759,0.0068797393999453504,-0.0766808481207164,-0.10000000000000009,-0.009999999999999787,0.040000000000000036,-0.029999999999999916,0.009999999999999787
2025-11-27,0.0,0.0,0.0,0.0,0.0,0.0,0.0,0.0,0.0,0.0
2025-11-28,-0.0017065241030111977,-0.0014066051888717013,0.012667816416398026,0.005443639892849461,-0.05009992978793765,-0.04999999999999982,0.019999999999999574,0.07000000000000028,0.0,0.0
2025-12-01,0.013065435111999868,-0.0005027950191180963,0.004965958221291089,-0.004575921392619975,0.053004331284594475,-0.010000000000000231,0.07000000000000028,0.0,0.0,0.010000000000000231
2025-12-02,-0.011529464955218671,-0.0005031247344957634,-0.01250914319860641,0.001850506799836893,-0.03843213855940286,-0.020000000000000018,0.0,-0.11000000000000032,0.029999999999999916,0.0
2025-12-03,0.005272592755580341,-0.005146090147678528,0.003028826217303049,0.0034567936981231284,-0.031223854393763517,-0.029999999999999805,-0.03000000000000025,-0.05999999999999961,-0.010000000000000009,0.0
2025-12-04,0.012139710922111746,0.0014152791711312673,0.002972265169354671,0.000730844580860257,-0.018832960510421604,-0.010000000000000231,0.05000000000000071,-0.03000000000000025,0.020000000000000018,0.019999999999999574
2025-12-05,0.006847687085183907,0.0,0.0002611600889661503,0.0018976821307941094,-0.023726659065600675,-0.029999999999999805,0.02999999999999936,0.010000000000000231,-0.010000000000000009,0.0
2025-12-08,-0.020175545371656334,0.0010096777619503783,-0.0061189240409387224,-0.003008791373297015,0.0779939881496099,0.040000000000000036,0.03000000000000025,0.020000000000000018,0.020000000000000018,0.0
2025-12-09,-0.010757400115354088,0.0013111280624960031,0.004646239333865765,-0.0008634518932950641,0.016076586591024622,0.0,0.009999999999999787,-0.020000000000000018,-0.030000000000000027,0.0
2025-12-10,0.0035986515765413785,-0.004343224852105365,-0.002451547168984547,0.006610262351014029,-0.07097778416833789,0.020000000000000018,-0.04999999999999982,-0.03000000000000025,0.020000000000000018,-0.009999999999999787
2025-12-11,-0.01482020281145946,-0.004463865003506484,0.021010239753042725,0.0023242969879424535,-0.06010953906554084,-0.03000000000000025,0.009999999999999787,-0.23999999999999977,0.030000000000000027,0.0
2025-12-12,-0.002781640379193817,0.0005082902448219073,0.003401069596485229,-0.010810246103951648,0.058205337510938815,0.03000000000000025,0.05000000000000071,0.009999999999999787,0.050000000000000044,0.009999999999999787
2025-12-15,-0.010852529776578024,-0.0025438832962398905,0.001533693992035623,-0.001511981006077967,0.04715515245869062,0.0,-0.010000000000000675,0.08000000000000007,0.0,-0.009999999999999787
2025-12-16,-0.02765809692763188,0.0,-0.0005110078294485731,-0.0027360790604626928,-0.0012128842021312813,0.06999999999999984,-0.02999999999999936,-0.06000000000000005,0.0,-0.020000000000000018
2025-12-17,0.012049389096968177,0.002238971176730331,0.009939980130427628,-0.011064523100349,0.06688717143321998,0.010000000000000231,0.009999999999999787,0.0,0.0,0.010000000000000231
2025-12-18,0.003747045135042093,0.0006097312959569834,-0.0018418331441374391,0.007522936512216916,-0.04349772183265843,-0.040000000000000036,-0.040000000000000036,-0.029999999999999805,-0.010000000000000009,0.0
2025-12-19,0.009041783349827526,0.0017256073915898895,0.005033950243312546,0.006072051078881202,-0.1235048277622477,-0.050000000000000266,0.040000000000000036,0.0,0.020000000000000018,0.0
2025-12-22,0.02354688883455225,-0.0031489442400545187,0.018896813791641875,0.006210548734108201,-0.05727677323142499,-0.020000000000000018,0.009999999999999787,0.020000000000000018,0.04999999999999993,-0.010000000000000231
2025-12-23,0.006358003178000615,-0.003567230691348122,0.008557909489308457,0.004560071413091116,-0.005698015696034009,-0.04999999999999982,0.009999999999999787,-0.020000000000000018,-0.030000000000000027,0.010000000000000231
2025-12-24,-0.0005140511397669911,0.0004083392701028643,-0.0004908198003832354,0.003511449061324612,-0.038592319369020966,0.009999999999999787,-0.02999999999999936,0.0,-0.019999999999999907,0.0
2025-12-25,0.0,0.0,0.0,0.0,0.0,0.0,0.0,0.0,0.0,0.0
2025-12-26,-0.027979873619687012,0.00040809476212100293,0.01076627799557528,-0.00010140918548717792,0.009604810545013276,0.020000000000000018,-0.010000000000000675,0.09999999999999964,0.0,-0.010000000000000231
2025-12-29,0.023341943080538385,0.00020406276424989045,-0.04608798173882889,-0.003570013109276182,0.04317213038393142,0.010000000000000231,-0.019999999999999574,0.010000000000000231,-0.010000000000000009,-0.009999999999999787
2025-12-30,-0.0022408190917246884,0.0020378746555991256,0.01035063040454176,-0.0012218930418645968,0.009113285340826671,-0.03000000000000025,0.019999999999999574,-0.06000000000000005,0.019999999999999907,0.020000000000000018
2025-12-31,-0.009187940147118212,0.0004070925784969148,-0.010235032825324453,-0.00743653852295445,0.04235605056250158,-0.029999999999999805,0.040000000000000036,0.16000000000000014,0.020000000000000018,0.009999999999999787
2026-01-01,0.0,0.0,0.0,0.0,0.0,0.0,0.0,0.0,0.0,0.0
2026-01-02,-0.0017430451682214354,0.0014234816010221252,-0.0025926392560808864,0.0018313816388202397,-0.029873204408338516,0.020000000000000018,0.010000000000000675,-0.1200000000000001,0.010000000000000009,0.0
2026-01-05,0.01729548483172305,-0.0015252586193081896,0.027997669976116413,0.006638030263930617,0.026523104679246234,-0.020000000000000018,-0.020000000000000462,-0.04999999999999982,-0.010000000000000009,0.009999999999999787
2026-01-06,-0.020615691035027695,0.003149661637507961,0.010158128512449238,0.005929612162751674,-0.010118104563589192,-0.020000000000000018,0.009999999999999787,-0.040000000000000036,0.0,0.010000000000000231
2026-01-07,-0.02015625809381838,0.0010138749022026161,-0.007367304357957849,-0.003228606522696076,0.04182488873256096,0.0,-0.02999999999999936,-0.010000000000000231,-0.029999999999999916,0.0
2026-01-08,0.031123332186465902,0.0025302376661597847,8.998553214389915e-05,-0.0001015268371400424,0.004541019480066133,-0.03000000000000025,0.040000000000000036,-0.009999999999999787,0.019999999999999907,0.0
2026-01-09,0.023272793047802054,0.002019559918039704,0.009082749101681387,0.006591615971639264,-0.06415025046171285,-0.019999999999999574,-0.010000000000000675,0.0,-0.05999999999999994,0.009999999999999787
2026-01-12,0.006407053978540134,-0.0027273782852246242,0.025071135876622463,0.0015691657382674862,0.042559622645800044,0.0,0.010000000000000675,0.0,0.010000000000000009,0.010000000000000231
2026-01-13,0.027353574534645375,0.0027273782852246242,-0.0032848475449700487,-0.0020014746381917803,0.0553195485095479,0.009999999999999787,-0.010000000000000675,0.009999999999999787,0.0,0.009999999999999787
2026-01-14,0.01412703396697701,0.0,0.008051610829708622,-0.004927342181618499,0.04706034657898428,0.009999999999999787,-0.02999999999999936,-0.009999999999999787,-0.010000000000000009,-0.009999999999999787
2026-01-15,-0.04670433555197562,0.0019148652293781154,-0.0021638942125949967,0.0027195227465481864,-0.0558598622517219,-0.04999999999999982,0.019999999999999574,0.020000000000000018,-0.030000000000000027,0.0
2026-01-16,0.004214791804453277,0.0007045412716246702,-0.006062117977439385,-0.000838235622738992,0.0012617985402640919,-0.06000000000000005,0.07000000000000028,-0.010000000000000231,0.040000000000000036,0.040000000000000036
2026-01-19,0.0,0.0,0.0,0.0,0.0,0.0,0.0,0.0,0.0,0.0
2026-01-20,0.015027858954032247,-0.007574646170517063,0.03663229347491992,-0.02056681438294561,0.2364219918624415,0.08000000000000007,0.05999999999999961,-0.009999999999999787,0.04999999999999993,0.0
2026-01-21,0.004629617750091519,0.0012158334390806047,0.015055377008504678,0.011474992875157852,-0.1729085870652045,-0.040000000000000036,-0.040000000000000036,-0.010000000000000231,-0.039999999999999925,0.009999999999999787
2026-01-22,-0.021004244868480626,-0.004058462554227482,0.0158104443373972,0.00520956960741259,-0.07748184228810695,-0.04999999999999982,0.0,0.010000000000000231,-0.010000000000000009,-0.029999999999999805
2026-01-23,0.028400133096568858,-0.007756745768232598,0.01363711384202837,0.0003627894295172851,0.028366213418943076,0.040000000000000036,-0.019999999999999574,0.009999999999999787,-0.010000000000000009,0.009999999999999787
2026-01-26,-0.007230904537314231,-0.005754203714711359,0.0205856563735356,0.005065280590233812,0.0037220555605581573,0.009999999999999787,-0.020000000000000462,0.010000000000000231,0.020000000000000018,0.0
2026-01-27,0.02861515863927,-0.008486025112438789,3.931395514733538e-05,0.0039763343857135425,0.012307894626494953,0.020000000000000018,0.020000000000000462,0.0,0.04999999999999993,0.020000000000000018
2026-01-28,0.013057505660454716,0.002387458753018379,0.04271712307880904,-0.00010066406256203919,0.0,0.010000000000000231,0.019999999999999574,-0.020000000000000018,-0.010000000000000009,0.020000000000000018
2026-01-29,0.03436549212071238,-0.0017641074747167806,0.0031638076649489477,-0.0019863909365822607,0.031901518775447446,0.04999999999999982,-0.019999999999999574,0.009999999999999787,0.010000000000000009,-0.009999999999999787
2026-01-30,-0.0032151767555852473,0.007347258143992619,-0.12065691771157461,-0.0029870043360062937,0.03263700965321181,0.029999999999999805,0.019999999999999574,0.03000000000000025,0.030000000000000027,0.009999999999999787
2026-02-02,-0.048222923222733804,0.0063720950596488635,-0.019579885886258808,0.004959001326611201,-0.06515035033324201,0.010000000000000231,0.03000000000000025,0.009999999999999787,-0.020000000000000018,-0.009999999999999787
2026-02-03,0.01707260785760667,-0.0017431244227656961,0.05905437776175937,-0.008491312500297,0.09675565912600348,0.040000000000000036,-0.009999999999999787,0.0,-0.010000000000000009,0.009999999999999787
2026-02-04,0.03007628847793775,0.0018455895773756836,0.003399746124372882,-0.004855687699421907,0.034938018617097555,0.009999999999999787,0.009999999999999787,-0.040000000000000036,0.010000000000000009,-0.009999999999999787
2026-02-05,-0.02881143722543822,0.0020466333969979544,-0.012063365980342411,-0.012567909230256191,0.1552231197604641,0.11000000000000032,-0.08000000000000007,0.0,0.020000000000000018,-0.03000000000000025
2026-02-06,0.004099632377315032,-0.0019442568864249665,0.018303568705588802,0.01900308615568136,-0.0664696248355332,-0.10000000000000009,0.009999999999999787,-0.009999999999999787,-0.020000000000000018,0.020000000000000018
2026-02-09,0.012665345977460163,-0.00833121374546053,0.019936415005194164,0.004810191601779756,-0.1598945270474892,-0.03000000000000025,0.0,-0.010000000000000231,0.020000000000000018,0.010000000000000231
2026-02-10,-0.006234457955889283,-0.00020655555060233866,-0.009368841148209128,-0.002640585458914657,0.02446780875007093,0.020000000000000018,-0.05999999999999961,0.020000000000000018,-0.030000000000000027,-0.03000000000000025
2026-02-11,0.010420783126097177,0.0003098567244785855,0.013458784179659844,-0.00023116170057857488,-0.00790079137448485,-0.020000000000000018,0.019999999999999574,0.0,-0.04999999999999993,0.0
2026-02-12,-0.028086840962171955,0.0010321891194973176,-0.0295960488695588,-0.015569450219435232,0.1651782867627145,0.08000000000000007,-0.08999999999999986,0.0,-0.040000000000000036,-0.029999999999999805
2026-02-13,0.0007953430347287238,-0.0005160007584459336,0.0197679406777862,0.0007042897121278813,-0.010622954215521396,0.03000000000000025,-0.04999999999999982,0.010000000000000231,0.020000000000000018,-0.020000000000000018
2026-02-16,0.0,0.0,0.0,0.0,0.0,-0.010000000000000231,0.0,0.0,0.0,0.0
2026-02-17,-0.008944278652807114,0.0028860709310194466,-0.028088975078812695,0.001612158645549755,-0.015162895353663775,0.0,0.009999999999999787,0.04999999999999982,-0.020000000000000018,-0.010000000000000231
2026-02-18,0.04486324018953347,0.005542385987226339,0.020994975203205257,0.005025066533240974,-0.03357870204821989,-0.08000000000000007,0.040000000000000036,0.020000000000000018,0.0,0.03000000000000025
2026-02-19,0.018842645884022957,0.0023514130362372043,-0.00212802171371429,-0.0026408495448828617,0.0306171316400925,0.020000000000000018,-0.009999999999999787,-0.06000000000000005,-0.010000000000000009,0.0
2026-02-20,-0.0006023327334538919,-0.0013283326041291232,0.0166218560578546,0.007205761253732845,-0.058001982820956144,-0.020000000000000018,0.0,-0.009999999999999787,-0.010000000000000009,-0.010000000000000231
2026-02-23,-0.0012057549749364682,-0.001023080432108081,0.028334005840505938,-0.01026379523865284,0.09583388002012061,0.0900000000000003,-0.04999999999999982,0.0,0.0,-0.020000000000000018
2026-02-24,-0.01030781192656427,0.0018406827010322147,-0.009439844361432748,0.007242225023628812,-0.07202327834451827,0.020000000000000018,0.0,0.009999999999999787,0.010000000000000009,0.0
2026-02-25,-0.003204872515121693,-0.0018406827010322147,0.009766362602618983,0.008402872807973694,0.0,-0.03000000000000025,0.019999999999999574,0.0,-0.010000000000000009,0.020000000000000018
2026-02-26,-0.0032151767555852473,0.0009208038736305824,-0.005759467061588808,-0.005569889023997909,-0.04820210784026013,0.040000000000000036,0.0,0.0,0.0,0.0
2026-02-27,0.03139883344048933,-0.001473599695271055,0.022898173821202406,-0.004813536057942436,0.0639345497836552,0.0,0.0,0.0,-0.010000000000000009,-0.029999999999999805
