date,SOFR,DFEDTARU,DGS10,T10Y2Y,T10Y3M,T5YIE,T10YIE,BAMLH0A0HYM2,NFCI,WALCL,WRESBAL,RRPONTSYD,policy_gap,curve_combo,breakeven_avg,cpi_3m_ann,unrate_3m_change,sentiment_3m_change,growth_signal,inflation_signal,stress_signal,liquidity_signal,regime,regime_code
2024-06-21,5.31,5.5,4.25,-0.45,-1.24,2.19,2.23,3.21,-0.39187,7252542.0,3434274.0,421.04,-0.1900000000000004,-0.845,2.21,1.0671715260395231,0.0,-10.300000000000011,-1.5366306405893155,-1.6370116290156926,0.7794207039980009,-0.4272489918076827,growth scare,1
2024-06-24,5.31,5.5,4.25,-0.46,-1.25,2.18,2.22,3.19,-0.39187,7252542.0,3434274.0,435.916,-0.1900000000000004,-0.855,2.2,1.0671715260395231,0.0,-10.300000000000011,-1.5886670119196242,-1.6847850183458555,0.6527645813436596,-1.0822928915851107,growth scare,1
2024-06-25,5.33,5.5,4.23,-0.42,-1.26,2.17,2.22,3.19,-0.39187,7252542.0,3434274.0,466.31,-0.16999999999999993,-0.84,2.1950000000000003,1.0671715260395231,0.0,-10.300000000000011,-1.3936527578887818,-1.670629824967398,1.284892482614313,0.5509129013314858,funding stress,3
2024-06-26,5.34,5.5,4.32,-0.39,-1.18,2.2,2.26,3.18,-0.39187,7231163.0,3302647.0,490.156,-0.16000000000000014,-0.7849999999999999,2.23,1.0671715260395231,0.0,-10.300000000000011,-0.8393275082963103,-1.210257623446464,1.507436423926195,-0.03945032721948135,funding stress,3
2024-06-27,5.34,5.5,4.29,-0.41,-1.2,2.22,2.26,3.21,-0.39187,7231163.0,3302647.0,531.692,-0.16000000000000014,-0.8049999999999999,2.24,0.1943764512567725,0.0,-8.100000000000009,1.7336042869842099,-2.7671057192971342,1.5668605503424267,0.18507691540735008,funding stress,3
2024-06-28,5.33,5.5,4.36,-0.35,-1.12,2.24,2.28,3.18,-0.38528,7231163.0,3302647.0,664.57,-0.16999999999999993,-0.7350000000000001,2.26,0.1943764512567725,0.0,-8.100000000000009,1.4181127154231892,-1.9818176074333984,1.2904584432945738,-0.7651056144255759,funding stress,3
2024-07-01,5.4,5.5,4.48,-0.29,-0.99,2.29,2.32,3.21,-0.38528,7231163.0,3302647.0,451.783,-0.09999999999999964,-0.64,2.3049999999999997,0.6995399416526604,0.30000000000000027,-10.799999999999997,-1.723506119224469,-0.6744280078430159,2.7534930666773185,-0.3256406553801869,funding stress,3
2024-07-02,5.35,5.5,4.43,-0.31,-1.04,2.26,2.3,3.23,-0.38528,7231163.0,3302647.0,443.369,-0.15000000000000036,-0.675,2.28,0.6995399416526604,0.30000000000000027,-10.799999999999997,-1.365773015261503,-0.788453450986924,1.648504946019335,-0.18909204908215363,funding stress,3
2024-07-03,5.33,5.5,4.36,-0.35,-1.11,2.23,2.27,3.25,-0.38528,7221520.0,3184180.0,425.898,-0.16999999999999993,-0.73,2.25,0.6995399416526604,0.30000000000000027,-10.799999999999997,-1.3218133176400437,-0.9324295830003482,1.245892244493396,0.09317451208073702,funding stress,3
2024-07-04,5.33,5.5,4.36,-0.35,-1.11,2.23,2.27,3.25,-0.38528,7221520.0,3184180.0,425.898,-0.16999999999999993,-0.73,2.25,0.6995399416526604,0.30000000000000027,-10.799999999999997,-1.184908923639923,-0.8996924447578252,1.1961113159222927,-0.007773800801801012,funding stress,3
2024-07-05,5.32,5.5,4.28,-0.32,-1.18,2.22,2.28,3.27,-0.38004,7221520.0,3184180.0,390.632,-0.17999999999999972,-0.75,2.25,0.6995399416526604,0.30000000000000027,-10.799999999999997,-1.151636693696335,-0.8690159197525225,1.1565294563400885,0.2472456090305689,funding stress,3
2024-07-08,5.32,5.5,4.28,-0.34,-1.18,2.22,2.27,3.2,-0.38004,7221520.0,3184180.0,415.257,-0.17999999999999972,-0.76,2.245,0.6995399416526604,0.30000000000000027,-10.799999999999997,-1.1053728550579935,-0.8732183008110512,0.8295703981168253,0.05891384237739452,growth scare,1
2024-07-09,5.34,5.5,4.3,-0.32,-1.16,2.21,2.26,3.21,-0.38004,7221520.0,3184180.0,423.152,-0.16000000000000014,-0.74,2.235,0.6995399416526604,0.30000000000000027,-10.799999999999997,-0.9765787971429102,-0.9125437355205754,1.2575057024449057,-0.10251500565690574,funding stress,3
2024-07-10,5.34,5.5,4.28,-0.34,-1.18,2.22,2.27,3.17,-0.38004,7224079.0,3341977.0,422.147,-0.16000000000000014,-0.76,2.245,0.6995399416526604,0.30000000000000027,-10.799999999999997,-0.9894334470850429,-0.8207994282797395,1.051091419223228,-0.04957625576285759,funding stress,3
2024-07-11,5.34,5.5,4.2,-0.3,-1.24,2.18,2.25,3.18,-0.38004,7224079.0,3341977.0,403.708,-0.16000000000000014,-0.77,2.215,0.6995399416526604,0.30000000000000027,-10.799999999999997,-0.9759147919811267,-0.9934429086493963,1.071393194733363,0.18827255368749465,funding stress,3
2024-07-12,5.34,5.5,4.18,-0.27,-1.25,2.15,2.24,3.19,-0.3746,7224079.0,3341977.0,406.59,-0.16000000000000014,-0.76,2.1950000000000003,0.6995399416526604,0.30000000000000027,-10.799999999999997,-0.9011673863360682,-1.0984266270825143,1.2240590947182373,-0.30177809874845796,funding stress,3
2024-07-15,5.34,5.5,4.23,-0.21,-1.2,2.2,2.27,3.13,-0.3746,7224079.0,3341977.0,413.28,-0.16000000000000014,-0.705,2.2350000000000003,0.6995399416526604,0.30000000000000027,-10.799999999999997,-0.6758400267627072,-0.8024350097606283,0.8486026168340631,-1.1044363239226613,growth scare,1
2024-07-16,5.35,5.5,4.17,-0.26,-1.26,2.2,2.26,3.08,-0.3746,7224079.0,3341977.0,409.594,-0.15000000000000036,-0.76,2.23,0.6995399416526604,0.30000000000000027,-10.799999999999997,-0.8327484608086365,-0.8157268549908802,0.7347641084619929,-0.5188560590122022,growth scare,1
2024-07-17,5.35,5.5,4.16,-0.26,-1.27,2.19,2.26,3.09,-0.3746,7208247.0,3331425.0,399.401,-0.15000000000000036,-0.765,2.2249999999999996,0.6995399416526604,0.30000000000000027,-10.799999999999997,-0.8187107112694093,-0.8300151145315733,0.750284693105284,0.6659534657024553,growth scare,1
2024-07-18,5.34,5.5,4.2,-0.26,-1.23,2.19,2.31,3.09,-0.3746,7208247.0,3331425.0,391.652,-0.16000000000000014,-0.745,2.25,0.6995399416526604,0.30000000000000027,-10.799999999999997,-0.7117861744453245,-0.6258493629877382,0.5191860290986898,0.6322859530686729,growth scare,1
2024-07-19,5.34,5.5,4.25,-0.24,-1.18,2.18,2.32,3.09,-0.36967,7208247.0,3331425.0,379.801,-0.16000000000000014,-0.71,2.25,0.6995399416526604,0.30000000000000027,-10.799999999999997,-0.5401600134799485,-0.6057093938403593,0.5918987394837403,0.42496946466293933,growth scare,1
2024-07-22,5.33,5.5,4.26,-0.24,-1.17,2.18,2.3,3.05,-0.36967,7208247.0,3331425.0,395.901,-0.16999999999999993,-0.705,2.24,0.6995399416526604,0.30000000000000027,-10.799999999999997,-0.4898262317783293,-0.6667696274469885,0.15288739895117084,0.3647998550797231,stable carry,2
2024-07-23,5.34,5.5,4.25,-0.15,-1.16,2.17,2.29,3.02,-0.36967,7208247.0,3331425.0,389.837,-0.16000000000000014,-0.6549999999999999,2.23,0.6995399416526604,0.30000000000000027,-10.799999999999997,-0.243268354553015,-0.7338046308893689,0.20737716053340408,0.5878816755720072,stable carry,2
2024-07-24,5.34,5.5,4.28,-0.09,-1.12,2.13,2.28,3.1,-0.36967,7205455.0,3308580.0,399.121,-0.16000000000000014,-0.6050000000000001,2.205,0.6995399416526604,0.30000000000000027,-10.799999999999997,-0.001425596471355095,-0.9305511875124564,0.5913058656078293,1.7297841443448172,stable carry,2
2024-07-25,5.35,5.5,4.27,-0.14,-1.12,2.13,2.28,3.08,-0.36967,7205455.0,3308580.0,377.433,-0.15000000000000036,-0.6300000000000001,2.205,0.6995399416526604,0.30000000000000027,-10.799999999999997,-0.0864308905351658,-0.9091705493151045,0.6591518732847241,1.7395322684599008,stable carry,2
2024-07-26,5.35,5.5,4.2,-0.16,-1.18,2.13,2.27,3.1,-0.36593,7205455.0,3308580.0,381.257,-0.15000000000000036,-0.6699999999999999,2.2,0.6995399416526604,0.30000000000000027,-10.799999999999997,-0.2475648083064592,-0.9298935914370519,0.784972499349759,1.7136891144163642,stable carry,2
2024-07-29,5.33,5.5,4.17,-0.19,-1.24,2.13,2.25,3.13,-0.36593,7205455.0,3308580.0,385.281,-0.16999999999999993,-0.715,2.19,0.5041834764464959,0.30000000000000027,-2.6999999999999886,1.717840067323335,-1.388970266314879,0.494243863623644,1.8046330014386962,stable carry,2
2024-07-30,5.33,5.5,4.15,-0.2,-1.25,2.12,2.25,3.2,-0.36593,7205455.0,3308580.0,367.054,-0.16999999999999993,-0.725,2.185,0.5041834764464959,0.30000000000000027,-2.6999999999999886,1.1862125129725067,-1.3846416566180433,0.8228425774642658,1.941693750261434,stable carry,2
2024-07-31,5.38,5.5,4.09,-0.2,-1.32,2.13,2.24,3.25,-0.36593,7178391.0,3293519.0,413.2,-0.1200000000000001,-0.76,2.185,0.5041834764464959,0.30000000000000027,-2.6999999999999886,0.793412956196104,-1.3381662339315348,1.974299108614521,1.3695904053585217,funding stress,3
2024-08-01,5.35,5.5,3.99,-0.17,-1.38,2.06,2.2,3.35,-0.36593,7178391.0,3293519.0,348.885,-0.15000000000000036,-0.7749999999999999,2.13,1.1377350962952892,0.30000000000000027,-1.1999999999999886,0.7436551821038654,-0.4795607902455541,1.8150265772436993,1.6959964650655515,funding stress,3
2024-08-02,5.35,5.5,3.8,-0.08,-1.49,1.89,2.04,3.72,-0.36394,7178391.0,3293519.0,338.473,-0.15000000000000036,-0.785,1.9649999999999999,1.1377350962952892,0.30000000000000027,-1.1999999999999886,0.559878135389455,-1.504383142066041,2.749320235180075,1.8052798606375353,funding stress,3
2024-08-05,5.32,5.5,3.78,-0.11,-1.57,1.91,2.07,3.93,-0.36394,7178391.0,3293519.0,316.246,-0.17999999999999972,-0.8400000000000001,1.9899999999999998,1.1377350962952892,0.30000000000000027,-1.1999999999999886,0.2132190212292806,-1.116666660100059,2.092648679727381,1.9524751271644794,funding stress,3
2024-08-06,5.33,5.5,3.9,-0.09,-1.44,1.96,2.12,3.67,-0.36394,7178391.0,3293519.0,291.958,-0.16999999999999993,-0.765,2.04,1.1377350962952892,0.30000000000000027,-1.1999999999999886,0.5031533614001756,-0.7006162647436607,1.5126746013320185,2.0199831053966295,funding stress,3
2024-08-07,5.33,5.5,3.96,-0.04,-1.38,1.97,2.11,3.57,-0.36394,7175256.0,3351662.0,286.66,-0.16999999999999993,-0.71,2.04,1.1377350962952892,0.30000000000000027,-1.1999999999999886,0.7085935112988625,-0.6301413820024773,1.2162583609178212,1.9746032205322541,funding stress,3
2024-08-08,5.34,5.5,3.99,-0.05,-1.35,1.98,2.12,3.48,-0.36394,7175256.0,3351662.0,303.159,-0.16000000000000014,-0.7000000000000001,2.05,1.1377350962952892,0.30000000000000027,-1.1999999999999886,0.7074556187314461,-0.5182989104680881,1.1753578280191423,1.6792539410120495,funding stress,3
2024-08-09,5.34,5.5,3.94,-0.11,-1.39,1.96,2.1,3.49,-0.36498,7175256.0,3351662.0,312.198,-0.16000000000000014,-0.75,2.0300000000000002,1.1377350962952892,0.30000000000000027,-1.1999999999999886,0.4337581549725811,-0.5792727092381886,1.1310808672416883,1.6685052399840659,funding stress,3
2024-08-12,5.34,5.5,3.9,-0.11,-1.43,1.98,2.11,3.52,-0.36498,7175256.0,3351662.0,328.641,-0.16000000000000014,-0.77,2.045,1.1377350962952892,0.30000000000000027,-1.1999999999999886,0.31270588006256533,-0.45583557507926087,1.1430808509851633,1.5463801302841007,funding stress,3
2024-08-13,5.34,5.5,3.85,-0.08,-1.47,1.96,2.09,3.54,-0.36498,7175256.0,3351662.0,324.494,-0.16000000000000014,-0.775,2.025,1.1377350962952892,0.30000000000000027,-1.1999999999999886,0.26624114044293984,-0.521351500143423,1.13376102412696,1.4376066783561423,funding stress,3
2024-08-14,5.33,5.5,3.83,-0.11,-1.49,1.93,2.06,3.46,-0.36498,7177688.0,3346138.0,328.472,-0.16999999999999993,-0.8,1.995,1.1377350962952892,0.30000000000000027,-1.1999999999999886,0.1298933455196145,-0.6255931536332159,0.7352792254752174,1.5342539637166575,stable carry,2
2024-08-15,5.35,5.5,3.92,-0.16,-1.42,1.99,2.12,3.31,-0.36498,7177688.0,3346138.0,307.141,-0.15000000000000036,-0.7899999999999999,2.055,1.1377350962952892,0.30000000000000027,-1.1999999999999886,0.16386823002268489,-0.2876440639591057,0.8438359186128902,1.448597481023289,stable carry,2
2024-08-16,5.32,5.5,3.89,-0.17,-1.44,1.97,2.08,3.29,-0.37321,7177688.0,3346138.0,330.317,-0.17999999999999972,-0.8049999999999999,2.025,1.1377350962952892,0.30000000000000027,-1.1999999999999886,0.08084441278606991,-0.4116033608721163,-0.0005538240740463977,1.4304442363517949,stable carry,2
2024-08-19,5.32,5.5,3.86,-0.2,-1.45,1.94,2.07,3.21,-0.37321,7177688.0,3346138.0,333.583,-0.17999999999999972,-0.825,2.005,1.1377350962952892,0.30000000000000027,-1.1999999999999886,-0.020859659871174257,-0.4765501457815394,-0.16675983847220358,1.516991967680619,stable carry,2
2024-08-20,5.32,5.5,3.82,-0.17,-1.47,1.95,2.07,3.25,-0.37321,7177688.0,3346138.0,310.819,-0.17999999999999972,-0.82,2.01,1.1377350962952892,0.30000000000000027,-1.1999999999999886,-0.0013866570804329144,-0.4219404866241757,-0.10275407689933136,1.5859249477660196,stable carry,2
2024-08-21,5.31,5.5,3.79,-0.13,-1.47,1.94,2.07,3.27,-0.37321,7139952.0,3355586.0,321.329,-0.1900000000000004,-0.8,2.005,1.1377350962952892,0.30000000000000027,-1.1999999999999886,0.08965822791622902,-0.4190522715248103,-0.2728574184646372,1.2231530995712117,stable carry,2
2024-08-22,5.31,5.5,3.86,-0.13,-1.42,1.96,2.1,3.21,-0.37321,7139952.0,3355586.0,316.777,-0.1900000000000004,-0.7749999999999999,2.0300000000000002,1.1377350962952892,0.30000000000000027,-1.1999999999999886,0.2138648060918832,-0.2773303238707241,-0.3832426899751593,1.1106795203806528,stable carry,2
2024-08-23,5.33,5.5,3.81,-0.09,-1.44,2.01,2.13,3.19,-0.38346,7139952.0,3355586.0,312.896,-0.16999999999999993,-0.765,2.07,1.1377350962952892,0.30000000000000027,-1.1999999999999886,0.2645640904885949,-0.0675136895289477,-0.22791518091370663,0.9620150267896094,stable carry,2
2024-08-26,5.34,5.5,3.82,-0.09,-1.42,2.02,2.15,3.15,-0.38346,7139952.0,3355586.0,353.557,-0.16000000000000014,-0.755,2.085,1.1377350962952892,0.30000000000000027,-1.1999999999999886,0.30803037088408153,0.01843607773365674,-0.10629164590703986,0.706927283783621,stable carry,2
2024-08-27,5.35,5.5,3.83,0.0,-1.4,2.02,2.15,3.17,-0.38346,7139952.0,3355586.0,344.045,-0.15000000000000036,-0.7,2.085,1.1377350962952892,0.30000000000000027,-1.1999999999999886,0.579541126608116,0.028985050869896334,0.12031060512269016,0.6778579436005541,stable carry,2
2024-08-28,5.35,5.5,3.84,0.01,-1.37,1.99,2.15,3.19,-0.38346,7123238.0,3313566.0,388.89,-0.15000000000000036,-0.68,2.07,1.1377350962952892,0.30000000000000027,-1.1999999999999886,0.6616367314398567,-0.03592781593682842,0.13656580670901478,0.38778248706938756,stable carry,2
2024-08-29,5.33,5.5,3.87,0.0,-1.35,2.01,2.16,3.15,-0.38346,7123238.0,3313566.0,383.434,-0.16999999999999993,-0.675,2.085,1.1377350962952892,0.30000000000000027,-1.1999999999999886,0.6651240605820256,0.05149909542340614,-0.36403825927669176,0.3669700261612234,stable carry,2
2024-08-30,5.32,5.5,3.91,0.0,-1.3,2.01,2.15,3.13,-0.39494,7123238.0,3313566.0,433.13,-0.17999999999999972,-0.65,2.08,1.1377350962952892,0.30000000000000027,-1.1999999999999886,0.7658077423156048,0.03578793667765845,-0.8998556437991477,0.020530562385774775,stable carry,2
2024-09-02,5.32,5.5,3.91,0.0,-1.3,2.01,2.15,3.17,-0.39494,7123238.0,3313566.0,433.13,-0.17999999999999972,-0.65,2.08,1.1377350962952892,0.30000000000000027,-1.1999999999999886,0.7431880119638393,0.04576322373562236,-0.8376091944489094,-0.2928677763051936,stable carry,2
2024-09-03,5.34,5.5,3.84,-0.04,-1.35,1.95,2.11,3.31,-0.39494,7123238.0,3313566.0,349.808,-0.16000000000000014,-0.6950000000000001,2.03,1.1377350962952892,0.30000000000000027,-1.1999999999999886,0.5060576137005462,-0.20106179384089895,-0.18395202401181718,0.15302460736486853,stable carry,2
2024-09-04,5.35,5.5,3.77,0.01,-1.41,1.9,2.07,3.35,-0.39494,7112567.0,3243002.0,337.312,-0.15000000000000036,-0.7,1.9849999999999999,1.1377350962952892,0.30000000000000027,-1.1999999999999886,0.4681117799927272,-0.4053252457093711,0.06376338526016352,0.08268580828410294,stable carry,2
2024-09-05,5.35,5.5,3.73,-0.02,-1.42,1.87,2.03,3.29,-0.39494,7112567.0,3243002.0,291.091,-0.15000000000000036,-0.72,1.95,1.1377350962952892,0.30000000000000027,-1.1999999999999886,0.3574460864897813,-0.5390631672114089,-0.08505202379413239,0.3920663840310243,stable carry,2
2024-09-06,5.34,5.5,3.72,0.06,-1.41,1.86,2.03,3.39,-0.40614,7112567.0,3243002.0,299.271,-0.16000000000000014,-0.6749999999999999,1.9449999999999998,1.1377350962952892,0.30000000000000027,-1.1999999999999886,0.5737752035624832,-0.5213314577287111,-0.41187015567259766,0.4067129394714475,stable carry,2
2024-09-09,5.34,5.5,3.7,0.02,-1.41,1.88,2.04,3.36,-0.40614,7112567.0,3243002.0,292.158,-0.16000000000000014,-0.695,1.96,1.1377350962952892,0.30000000000000027,-1.1999999999999886,0.459131323230254,-0.4148258960439232,-0.46119265382799973,0.5249453536990036,stable carry,2
2024-09-10,5.33,5.5,3.65,0.06,-1.41,1.86,2.02,3.46,-0.40614,7112567.0,3243002.0,281.392,-0.16999999999999993,-0.6749999999999999,1.94,1.1377350962952892,0.30000000000000027,-1.1999999999999886,0.5551352642062013,-0.470852050392837,-0.47742033668964856,0.5454684620154028,stable carry,2
2024-09-11,5.32,5.5,3.65,0.03,-1.45,1.9,2.04,3.44,-0.40614,7115001.0,3320818.0,279.215,-0.17999999999999972,-0.71,1.97,1.1377350962952892,0.30000000000000027,-1.1999999999999886,0.35626803056124307,-0.30747041497826477,-0.7188261267417237,0.7743844000057294,stable carry,2
2024-09-12,5.33,5.5,3.68,0.04,-1.38,1.93,2.05,3.39,-0.40614,7115001.0,3320818.0,294.464,-0.16999999999999993,-0.6699999999999999,1.9899999999999998,1.1377350962952892,0.30000000000000027,-1.1999999999999886,0.5717391825187134,-0.19851862251942942,-0.5973399745716682,0.6169797828344235,stable carry,2
2024-09-13,5.33,5.5,3.66,0.09,-1.31,1.95,2.08,3.37,-0.41597,7115001.0,3320818.0,284.951,-0.16999999999999993,-0.61,2.015,1.1377350962952892,0.30000000000000027,-1.1999999999999886,0.8879937423003837,-0.07276852069970008,-0.8444630637119795,0.4867458202233082,stable carry,2
2024-09-16,5.38,5.5,3.63,0.07,-1.33,1.94,2.09,3.32,-0.41597,7115001.0,3320818.0,239.386,-0.1200000000000001,-0.63,2.0149999999999997,1.1377350962952892,0.30000000000000027,-1.1999999999999886,0.7616963100483441,-0.06095957485921988,0.14892933192247768,0.5133808807816211,stable carry,2
2024-09-17,5.38,5.5,3.65,0.06,-1.3,1.97,2.12,3.25,-0.41597,7115001.0,3320818.0,256.337,-0.1200000000000001,-0.62,2.045,1.1377350962952892,0.30000000000000027,-1.1999999999999886,0.8028649340829696,0.08187309408301607,-0.004451079101091586,0.5757746657570032,stable carry,2
2024-09-18,5.33,5.5,3.7,0.09,-1.14,1.98,2.12,3.21,-0.41597,7109137.0,3313281.0,305.831,-0.16999999999999993,-0.5249999999999999,2.05,1.1377350962952892,0.30000000000000027,-1.1999999999999886,1.2408661448087805,0.11272193319754759,-1.041121567417706,0.31202860185000353,stable carry,2
2024-09-19,4.82,5.0,3.73,0.14,-1.07,2.04,2.17,3.1,-0.41597,7109137.0,3313281.0,311.777,-0.17999999999999972,-0.465,2.105,1.1377350962952892,0.30000000000000027,-1.1999999999999886,1.4011207195790416,0.36733403642110096,-1.3993341275791167,0.3254011622755375,stable carry,2
2024-09-20,4.83,5.0,3.73,0.18,-1.02,2.02,2.15,3.15,-0.42388,7109137.0,3313281.0,339.316,-0.16999999999999993,-0.42000000000000004,2.085,1.1377350962952892,0.30000000000000027,-1.1999999999999886,2.1855182606429544,0.2849946143769342,-1.2100052663658714,0.295118775623248,stable carry,2
2024-09-23,4.83,5.0,3.75,0.18,-0.97,2.04,2.17,3.15,-0.42388,7109137.0,3313281.0,380.372,-0.16999999999999993,-0.395,2.105,1.1377350962952892,0.30000000000000027,-1.1999999999999886,2.0972814060135643,0.38084928574315313,-1.1538362518161056,0.12242476288816699,stable carry,2
2024-09-24,4.84,5.0,3.74,0.25,-0.95,2.06,2.19,3.21,-0.42388,7109137.0,3313281.0,388.977,-0.16000000000000014,-0.35,2.125,1.1377350962952892,0.30000000000000027,-1.1999999999999886,2.0875022666483978,0.47943198760342287,-0.7671335327760239,0.19873515803828345,stable carry,2
2024-09-25,4.84,5.0,3.79,0.26,-0.9,2.06,2.18,3.19,-0.42388,7080059.0,3169149.0,416.193,-0.16000000000000014,-0.32,2.12,1.1377350962952892,0.30000000000000027,-1.1999999999999886,2.000479203449514,0.4543976572481555,-0.7684419917940657,-0.023166849574704235,stable carry,2
2024-09-26,4.83,5.0,3.79,0.19,-0.89,2.03,2.16,3.14,-0.42388,7080059.0,3169149.0,424.916,-0.16999999999999993,-0.35,2.0949999999999998,0.630373381419691,0.0,1.5,3.888946285487591,-0.7732908300173883,-1.0517282514206236,0.07431433569309957,stable carry,2
2024-09-27,4.84,5.0,3.75,0.2,-0.93,2.03,2.15,3.14,-0.43001,7080059.0,3169149.0,436.518,-0.16000000000000014,-0.365,2.09,0.630373381419691,0.0,1.5,3.0122325093215245,-0.7776780339072864,-0.88492689992949,0.3936322261699365,stable carry,2
2024-09-30,4.96,5.0,3.81,0.15,-0.92,2.07,2.18,3.03,-0.43001,7080059.0,3169149.0,465.638,-0.040000000000000036,-0.385,2.125,0.630373381419691,0.0,1.5,2.562985773476138,-0.5716113825156675,0.780074269966511,-0.520969458480978,stable carry,2
2024-10-01,5.05,5.0,3.74,0.13,-0.97,2.07,2.19,3.07,-0.43001,7080059.0,3169149.0,375.221,0.04999999999999982,-0.42,2.13,2.6564215050467688,-0.10000000000000053,4.099999999999994,2.718937324171749,2.8432436108335586,1.0095996459411667,-0.10295350629548862,funding stress,3
2024-10-02,4.92,5.0,3.79,0.16,-0.9,2.1,2.21,3.06,-0.43001,7046925.0,3089598.0,383.398,-0.08000000000000007,-0.37,2.1550000000000002,2.6564215050467688,-0.10000000000000053,4.099999999999994,2.548499465784516,2.517661730664318,-0.2687038200006883,-0.4369915618525599,inflation shock,0
2024-10-03,4.85,5.0,3.85,0.15,-0.83,2.11,2.21,3.04,-0.43001,7046925.0,3089598.0,341.248,-0.15000000000000036,-0.33999999999999997,2.16,2.6564215050467688,-0.10000000000000053,4.099999999999994,2.4034727934387683,2.26193504221116,-0.9205750021316913,-0.22325708685818046,inflation shock,0
2024-10-04,4.83,5.0,3.98,0.05,-0.75,2.14,2.23,2.89,-0.43407,7046925.0,3089598.0,330.012,-0.16999999999999993,-0.35,2.185,2.6564215050467688,-0.10000000000000053,4.099999999999994,2.216530912082387,2.2010835665005395,-1.3713698300840675,-0.3623881027143041,inflation shock,0
2024-10-07,4.83,5.0,4.03,0.04,-0.74,2.17,2.27,2.95,-0.43407,7046925.0,3089598.0,322.948,-0.16999999999999993,-0.35,2.2199999999999998,2.6564215050467688,-0.10000000000000053,4.099999999999994,2.0838392901116154,2.2510905998258943,-1.2241655118605006,-0.2384302970102571,inflation shock,0
2024-10-08,4.84,5.0,4.04,0.06,-0.71,2.17,2.27,2.99,-0.43407,7046925.0,3089598.0,325.355,-0.16000000000000014,-0.32499999999999996,2.2199999999999998,2.6564215050467688,-0.10000000000000053,4.099999999999994,2.0219452368740196,2.1336319949122693,-1.030547314329625,-0.25565810206910894,inflation shock,0
2024-10-09,4.83,5.0,4.06,0.07,-0.69,2.21,2.29,2.94,-0.43407,7046840.0,3186207.0,343.448,-0.16999999999999993,-0.30999999999999994,2.25,2.6564215050467688,-0.10000000000000053,4.099999999999994,1.952240092331353,2.1963573053097156,-1.1695408989269738,-0.7133827013187796,inflation shock,0
2024-10-10,4.82,5.0,4.09,0.11,-0.66,2.26,2.33,2.99,-0.43407,7046840.0,3186207.0,322.587,-0.17999999999999972,-0.275,2.295,2.6564215050467688,-0.10000000000000053,4.099999999999994,1.9289835242176077,2.3436460318097043,-1.147258907509096,-0.6890500894581056,inflation shock,0
2024-10-11,4.81,5.0,4.08,0.13,-0.65,2.25,2.33,2.98,-0.43712,7046840.0,3186207.0,331.735,-0.1900000000000004,-0.26,2.29,2.6564215050467688,-0.10000000000000053,4.099999999999994,1.8742996884597236,2.2247089123040773,-1.2587749965267605,-0.7622086585152905,inflation shock,0
2024-10-14,4.81,5.0,4.08,0.13,-0.65,2.25,2.33,2.97,-0.43712,7046840.0,3186207.0,331.735,-0.1900000000000004,-0.26,2.29,2.6564215050467688,-0.10000000000000053,4.099999999999994,1.8029705251535926,2.139460929549555,-1.2443512095390743,-0.7460121425712628,inflation shock,0
2024-10-15,4.86,5.0,4.03,0.08,-0.7,2.22,2.28,2.93,-0.43712,7046840.0,3186207.0,286.398,-0.13999999999999968,-0.31,2.25,2.6564215050467688,-0.10000000000000053,4.099999999999994,1.6601086874733817,1.8630864484430294,-0.8313608491448273,-0.4451976201950452,inflation shock,0
2024-10-16,4.86,5.0,4.02,0.09,-0.7,2.19,2.27,2.9,-0.43712,7039284.0,3209877.0,272.028,-0.13999999999999968,-0.305,2.23,2.6564215050467688,-0.10000000000000053,4.099999999999994,1.6303379027541194,1.7009416463291158,-0.8498556786811662,-0.09689025329038643,inflation shock,0
2024-10-17,4.85,5.0,4.09,0.13,-0.65,2.22,2.3,2.89,-0.43712,7039284.0,3209877.0,262.21,-0.15000000000000036,-0.26,2.26,2.6564215050467688,-0.10000000000000053,4.099999999999994,1.678790533412754,1.7990156818797673,-0.9251014909713122,-0.07373153674752027,inflation shock,0
2024-10-18,4.84,5.0,4.08,0.13,-0.65,2.23,2.31,2.88,-0.44149,7039284.0,3209877.0,259.892,-0.16000000000000014,-0.26,2.27,2.6564215050467688,-0.10000000000000053,4.099999999999994,1.6708705330241003,1.7888981592036295,-1.0484637809355473,-0.1323899507598497,inflation shock,0
2024-10-21,4.82,5.0,4.19,0.17,-0.54,2.23,2.31,2.88,-0.44149,7039284.0,3209877.0,261.044,-0.17999999999999972,-0.185,2.27,2.6564215050467688,-0.10000000000000053,4.099999999999994,1.7184505686872944,1.7310711783530457,-1.1946084769630871,-0.06697541398811675,inflation shock,0
2024-10-22,4.83,5.0,4.2,0.17,-0.52,2.25,2.33,2.92,-0.44149,7039284.0,3209877.0,237.76,-0.16999999999999993,-0.175,2.29,2.6564215050467688,-0.10000000000000053,4.099999999999994,1.6614008599169303,1.767774633323528,-1.0148143002853383,0.0712832147940486,inflation shock,0
2024-10-23,4.83,5.0,4.24,0.17,-0.49,2.23,2.31,2.95,-0.44149,7029408.0,3230145.0,270.839,-0.16999999999999993,-0.15999999999999998,2.27,2.6564215050467688,-0.10000000000000053,4.099999999999994,1.6163571292818348,1.6187639849001276,-0.9373301722760345,-0.06700830901006716,inflation shock,0
2024-10-24,4.83,5.0,4.21,0.14,-0.49,2.33,2.3,2.93,-0.44149,7029408.0,3230145.0,202.798,-0.16999999999999993,-0.175,2.315,2.6564215050467688,-0.10000000000000053,4.099999999999994,1.5299076833680576,1.7547388041425245,-0.9352532704257004,0.34865635723413413,inflation shock,0
2024-10-25,4.83,5.0,4.25,0.14,-0.48,2.32,2.29,2.89,-0.44603,7029408.0,3230145.0,227.0,-0.16999999999999993,-0.16999999999999998,2.3049999999999997,2.6564215050467688,-0.10000000000000053,4.099999999999994,1.4786835271218541,1.6382270613279455,-1.0214464243353831,0.16600408926317864,inflation shock,0
2024-10-28,4.82,5.0,4.28,0.16,-0.42,2.31,2.29,2.82,-0.44603,7029408.0,3230145.0,251.032,-0.17999999999999972,-0.13,2.3,2.6564215050467688,-0.10000000000000053,4.099999999999994,1.4815289456699776,1.5508491669700608,-1.2163209365562992,0.007775005119482148,inflation shock,0
2024-10-29,4.82,5.0,4.28,0.17,-0.42,2.33,2.3,2.85,-0.44603,7029408.0,3230145.0,244.841,-0.17999999999999972,-0.12499999999999999,2.315,2.0133564604273513,-0.10000000000000053,2.5999999999999943,1.2397483671794136,1.1371581244671785,-1.1466939072865863,-0.0205894578799876,inflation shock,0
2024-10-30,4.81,5.0,4.29,0.14,-0.38,2.37,2.34,2.8,-0.44603,7013490.0,3236958.0,228.946,-0.1900000000000004,-0.12,2.355,2.0133564604273513,-0.10000000000000053,2.5999999999999943,1.1999011481557686,1.2481838289033103,-1.2875331302228412,0.6723559982216328,inflation shock,0
2024-10-31,4.9,5.0,4.28,0.12,-0.36,2.38,2.33,2.88,-0.44603,7013490.0,3236958.0,201.278,-0.09999999999999964,-0.12,2.355,2.0133564604273513,-0.10000000000000053,2.5999999999999943,1.1553525620129044,1.1889085993316857,-0.3365119564033951,0.6063835260519249,inflation shock,0
2024-11-01,4.86,5.0,4.37,0.16,-0.24,2.37,2.33,2.83,-0.45213,7013490.0,3236958.0,155.476,-0.13999999999999968,-0.039999999999999994,2.35,3.177967036508167,0.0,3.8999999999999915,1.222451188024735,1.8566980649650233,-0.8257416365915646,0.920697741871627,inflation shock,0
2024-11-04,4.82,5.0,4.31,0.14,-0.34,2.32,2.28,2.87,-0.45213,7013490.0,3236958.0,171.885,-0.17999999999999972,-0.1,2.3,3.177967036508167,0.0,3.8999999999999915,1.0979419001591064,1.5833824374380367,-1.0866826034458068,0.6860325409553175,inflation shock,0
2024-11-05,4.82,5.0,4.26,0.07,-0.38,2.32,2.27,2.86,-0.45213,7013490.0,3236958.0,144.243,-0.17999999999999972,-0.155,2.295,3.177967036508167,0.0,3.8999999999999915,0.9870703566550395,1.4995146439094929,-1.0820904789973331,0.8125657896956665,inflation shock,0
2024-11-06,4.81,5.0,4.42,0.15,-0.22,2.46,2.38,2.74,-0.45213,6994299.0,3274120.0,177.871,-0.1900000000000004,-0.035,2.42,3.177967036508167,0.0,3.8999999999999915,1.1119165012417962,1.900076613522654,-1.3476707503812049,-0.00014643433828080235,inflation shock,0
2024-11-07,4.82,5.0,4.31,0.1,-0.32,2.4,2.33,2.73,-0.45213,6994299.0,3274120.0,159.002,-0.17999999999999972,-0.11,2.365,3.177967036508167,0.0,3.8999999999999915,0.9746252892021121,1.6171093084652308,-1.2359529857443488,0.2526230679741238,inflation shock,0
2024-11-08,4.6,4.75,4.3,0.04,-0.33,2.43,2.35,2.63,-0.46025,6994299.0,3274120.0,163.621,-0.15000000000000036,-0.14500000000000002,2.39,3.177967036508167,0.0,3.8999999999999915,0.895810232410143,1.6405210723180814,-1.2021504236757,0.25488823324451976,inflation shock,0
2024-11-11,4.6,4.75,4.3,0.04,-0.33,2.43,2.35,2.63,-0.46025,6994299.0,3274120.0,163.621,-0.15000000000000036,-0.14500000000000002,2.39,3.177967036508167,0.0,3.8999999999999915,0.8668107285168064,1.57574638389362,-1.151517605385359,0.32019939532429326,inflation shock,0
2024-11-12,4.6,4.75,4.43,0.09,-0.2,2.43,2.35,2.61,-0.46025,6994299.0,3274120.0,178.814,-0.15000000000000036,-0.05500000000000001,2.39,3.177967036508167,0.0,3.8999999999999915,0.9615386669831675,1.5154897273983041,-1.1370410618560316,0.20235805188227887,inflation shock,0
2024-11-13,4.59,4.75,4.44,0.17,-0.16,2.42,2.35,2.64,-0.46025,6967108.0,3244149.0,238.106,-0.16000000000000014,0.0050000000000000044,2.385,3.177967036508167,0.0,3.8999999999999915,1.010781675180781,1.4426691030689907,-1.1428683386280374,-1.0032685415164029,inflation shock,0
2024-11-14,4.58,4.75,4.43,0.09,-0.18,2.4,2.33,2.6,-0.46025,6967108.0,3244149.0,214.509,-0.16999999999999993,-0.045,2.365,3.177967036508167,0.0,3.8999999999999915,0.9079963778754497,1.3222605905120306,-1.2545915854525995,-0.8290074653530498,inflation shock,0
2024-11-15,4.57,4.75,4.43,0.12,-0.17,2.39,2.33,2.72,-0.46789,6967108.0,3244149.0,172.4,-0.17999999999999972,-0.02500000000000001,2.3600000000000003,3.177967036508167,0.0,3.8999999999999915,0.9048551197598024,1.2590295362953619,-1.2412923470468873,-0.3264805156195428,inflation shock,0
2024-11-18,4.57,4.75,4.42,0.13,-0.21,2.41,2.34,2.72,-0.46789,6967108.0,3244149.0,200.03,-0.17999999999999972,-0.039999999999999994,2.375,3.177967036508167,0.0,3.8999999999999915,0.8532651234952774,1.2667581915528237,-1.206696750399364,-0.4446011806568532,inflation shock,0
2024-11-19,4.57,4.75,4.39,0.12,-0.23,2.41,2.34,2.69,-0.46789,6967108.0,3244149.0,200.664,-0.17999999999999972,-0.05500000000000001,2.375,3.177967036508167,0.0,3.8999999999999915,0.8017148016555402,1.2233923296633273,-1.2148982408817555,-0.49169955308057434,inflation shock,0
2024-11-20,4.56,4.75,4.41,0.1,-0.21,2.43,2.35,2.67,-0.46789,6923731.0,3286885.0,217.793,-0.1900000000000004,-0.05499999999999999,2.39,3.177967036508167,0.0,3.8999999999999915,0.7724052174781412,1.2319982708661323,-1.295356867241831,-0.27699249728451786,inflation shock,0
2024-11-21,4.57,4.75,4.43,0.09,-0.2,2.42,2.34,2.61,-0.46789,6923731.0,3286885.0,188.567,-0.17999999999999972,-0.05500000000000001,2.38,3.177967036508167,0.0,3.8999999999999915,0.7437311577053408,1.1572228771847315,-1.2595360928593442,-0.045486393315140004,inflation shock,0
2024-11-22,4.57,4.75,4.41,0.04,-0.22,2.43,2.34,2.61,-0.47313,6923731.0,3286885.0,204.254,-0.17999999999999972,-0.09,2.385,3.177967036508167,0.0,3.8999999999999915,0.6643917119731052,1.13536349050771,-1.3026450189382877,-0.15690041973741684,inflation shock,0
2024-11-25,4.58,4.75,4.27,0.06,-0.35,2.35,2.29,2.64,-0.47313,6923731.0,3286885.0,186.749,-0.16999999999999993,-0.145,2.3200000000000003,3.177967036508167,0.0,3.8999999999999915,0.5558570753681122,0.8824255705121105,-1.1412608210780786,0.19024279836942282,inflation shock,0
2024-11-26,4.58,4.75,4.3,0.09,-0.31,2.33,2.28,2.68,-0.47313,6923731.0,3286885.0,148.823,-0.16999999999999993,-0.11,2.3049999999999997,3.177967036508167,0.0,3.8999999999999915,0.5840113876521066,0.8016042199624926,-1.0580003553498953,0.4440202426056247,inflation shock,0
2024-11-27,4.57,4.75,4.25,0.06,-0.35,2.32,2.26,2.69,-0.47313,6905140.0,3227674.0,169.815,-0.17999999999999972,-0.145,2.29,3.177967036508167,0.0,3.8999999999999915,0.5038486120946846,0.7205224394091991,-1.1036048205922457,0.2131923595148426,stable carry,2
2024-11-28,4.57,4.75,4.25,0.06,-0.35,2.32,2.26,2.69,-0.47313,6905140.0,3227674.0,169.815,-0.17999999999999972,-0.145,2.29,3.177967036508167,0.0,3.8999999999999915,0.478725457079247,0.691604700393635,-1.076957809586725,0.18787605878089822,stable carry,2
2024-11-29,4.59,4.75,4.18,0.05,-0.4,2.33,2.26,2.72,-0.47672,6905140.0,3227674.0,197.627,-0.16000000000000014,-0.17500000000000002,2.295,3.177967036508167,0.0,3.8999999999999915,0.4020878361444538,0.6815511598575277,-0.8927001117957203,0.1473366018978942,stable carry,2
2024-12-02,4.64,4.75,4.19,0.02,-0.32,2.33,2.26,2.68,-0.47672,6905140.0,3227674.0,135.858,-0.11000000000000032,-0.15,2.295,3.177967036508167,0.0,3.8999999999999915,0.41951743753651966,0.6533748270870536,-0.49897370172747063,0.45564222291403406,stable carry,2
2024-12-03,4.64,4.75,4.23,0.06,-0.26,2.36,2.28,2.66,-0.47672,6905140.0,3227674.0,161.572,-0.11000000000000032,-0.1,2.32,3.177967036508167,0.0,3.8999999999999915,0.48515076248024575,0.7271486713683688,-0.5204519482411905,0.10050896713170572,stable carry,2
2024-12-04,4.59,4.75,4.19,0.06,-0.28,2.37,2.29,2.66,-0.47672,6895827.0,3225075.0,162.866,-0.16000000000000014,-0.11000000000000001,2.33,3.177967036508167,0.0,3.8999999999999915,0.44241320880460605,0.7442605260277015,-0.9299188048847955,0.783340582441579,stable carry,2
2024-12-05,4.59,4.75,4.17,0.02,-0.29,2.35,2.25,2.66,-0.47672,6895827.0,3225075.0,131.964,-0.16000000000000014,-0.13499999999999998,2.3,3.177967036508167,0.0,3.8999999999999915,0.365632706156996,0.5860489265937283,-0.9136846733272325,0.7909987384815262,stable carry,2
2024-12-06,4.6,4.75,4.15,0.05,-0.27,2.31,2.24,2.67,-0.47919,6895827.0,3225075.0,130.014,-0.15000000000000036,-0.11000000000000001,2.2750000000000004,3.177967036508167,0.0,3.8999999999999915,0.3915987446249236,0.4413051285403091,-0.8340504319554217,0.7792694270639,stable carry,2
2024-12-09,4.63,4.75,4.2,0.07,-0.22,2.33,2.27,2.67,-0.47919,6895827.0,3225075.0,153.029,-0.1200000000000001,-0.075,2.3,3.177967036508167,0.0,3.8999999999999915,0.4458385400128883,0.5326707095664636,-0.5547447742713296,0.5423474546871329,stable carry,2
2024-12-10,4.64,4.75,4.22,0.07,-0.19,2.34,2.29,2.67,-0.47919,6895827.0,3225075.0,174.842,-0.11000000000000032,-0.06,2.315,3.177967036508167,0.0,3.8999999999999915,0.4591412905556715,0.5821779442483048,-0.44934182977865045,0.29879493732322104,stable carry,2
2024-12-11,4.62,4.75,4.26,0.11,-0.12,2.38,2.3,2.64,-0.47919,6897485.0,3264559.0,180.12,-0.1299999999999999,-0.0049999999999999975,2.34,3.177967036508167,0.0,3.8999999999999915,0.5687487752934614,0.6909057656794775,-0.6577241393739536,-0.12090608114317031,stable carry,2
2024-12-12,4.62,4.75,4.32,0.14,-0.03,2.39,2.32,2.66,-0.47919,6897485.0,3264559.0,165.025,-0.1299999999999999,0.05500000000000001,2.355,3.177967036508167,0.0,3.8999999999999915,0.6812278369584615,0.7492670005425968,-0.6037984349243645,0.06372130999290926,stable carry,2
2024-12-13,4.6,4.75,4.4,0.15,0.06,2.4,2.33,2.68,-0.4808,6897485.0,3264559.0,135.777,-0.15000000000000036,0.105,2.365,3.177967036508167,0.0,3.8999999999999915,0.7478237338524271,0.7846930249785653,-0.7413403493963622,0.24315000525757444,inflation shock,0
2024-12-16,4.65,4.75,4.39,0.14,0.02,2.38,2.32,2.69,-0.4808,6897485.0,3264559.0,110.753,-0.09999999999999964,0.08,2.3499999999999996,3.177967036508167,0.0,3.8999999999999915,0.6126015425474025,0.6747084216463362,-0.2904057608741109,0.2645265315168734,stable carry,2
2024-12-17,4.62,4.75,4.4,0.15,0.02,2.36,2.31,2.75,-0.4808,6897485.0,3264559.0,118.093,-0.1299999999999999,0.08499999999999999,2.335,3.177967036508167,0.0,3.8999999999999915,0.5374804968170949,0.560355454132685,-0.40218425515071843,0.2577587092220767,stable carry,2
2024-12-18,4.57,4.75,4.5,0.15,0.14,2.38,2.32,2.73,-0.4808,6889332.0,3282229.0,131.651,-0.17999999999999972,0.14500000000000002,2.3499999999999996,3.177967036508167,0.0,3.8999999999999915,0.5469518324028373,0.6338212554464996,-0.835556837220636,0.5067653284718603,stable carry,2
2024-12-19,4.3,4.5,4.57,0.25,0.22,2.35,2.29,2.91,-0.4808,6889332.0,3282229.0,112.417,-0.20000000000000018,0.235,2.3200000000000003,3.177967036508167,0.0,3.8999999999999915,0.6899958441160227,0.4210798345706517,-0.5662443155193215,0.6403552601767541,stable carry,2
2024-12-20,4.3,4.5,4.52,0.22,0.18,2.34,2.29,2.86,-0.48193,6889332.0,3282229.0,98.356,-0.20000000000000018,0.2,2.315,3.177967036508167,0.0,3.8999999999999915,0.5432994812408029,0.37628877619902956,-0.659466293423844,0.7574419365151043,stable carry,2
2024-12-23,4.31,4.5,4.59,0.29,0.23,2.38,2.32,2.85,-0.48193,6889332.0,3282229.0,116.004,-0.1900000000000004,0.26,2.3499999999999996,3.177967036508167,0.0,3.8999999999999915,0.5992658005297753,0.6783335875397769,-0.575613541393996,0.7186797890097377,stable carry,2
2024-12-24,4.4,4.5,4.59,0.3,0.19,2.39,2.35,2.86,-0.48193,6889332.0,3282229.0,180.989,-0.09999999999999964,0.245,2.37,3.177967036508167,0.0,3.8999999999999915,0.5417052396959076,0.8288843739304668,0.47175011134878925,0.33547565673677937,inflation shock,0
2024-12-25,4.4,4.5,4.59,0.3,0.19,2.39,2.35,2.86,-0.48193,6885963.0,3247382.0,180.989,-0.09999999999999964,0.245,2.37,3.177967036508167,0.0,3.8999999999999915,0.5168221829805227,0.8149177082973937,0.5259425753538133,1.5929764517431995,inflation shock,0
2024-12-26,4.53,4.5,4.58,0.28,0.23,2.39,2.35,2.86,-0.48193,6885963.0,3247382.0,196.818,0.03000000000000025,0.255,2.37,3.177967036508167,0.0,3.8999999999999915,0.5130777608074278,0.8038536585537697,1.5179533741492126,1.3734635404459272,funding stress,3
2024-12-27,4.46,4.5,4.62,0.31,0.31,2.38,2.34,2.84,-0.48594,6885963.0,3247382.0,268.739,-0.040000000000000036,0.31,2.36,1.1416255836387723,0.10000000000000053,1.2999999999999972,-1.920992870194756,-1.886728280146453,0.6697997812043687,0.8764491160530756,growth scare,1
2024-12-30,4.37,4.5,4.55,0.31,0.18,2.35,2.31,2.94,-0.48594,6885963.0,3247382.0,260.743,-0.1299999999999999,0.245,2.33,1.1416255836387723,0.10000000000000053,1.2999999999999972,-1.6545390895413414,-1.8895493077227719,0.19636534985335893,0.9322376467441987,growth scare,1
2024-12-31,4.49,4.5,4.58,0.33,0.21,2.38,2.34,2.92,-0.48594,6885963.0,3247382.0,473.46,-0.009999999999999787,0.27,2.36,1.1416255836387723,0.10000000000000053,1.2999999999999972,-1.3682631851119391,-1.3422377415314544,1.0373177002158671,-0.6442384284603255,funding stress,3
2025-01-01,4.49,4.5,4.58,0.33,0.21,2.38,2.34,2.92,-0.48594,6852491.0,3095997.0,473.46,-0.009999999999999787,0.27,2.36,4.287373998915989,-0.09999999999999964,1.2000000000000028,-0.032269632234752134,1.6100977494982915,0.9509335915221451,-0.8704743755673655,funding stress,3
2025-01-02,4.4,4.5,4.57,0.32,0.21,2.41,2.34,2.88,-0.48594,6852491.0,3095997.0,239.858,-0.09999999999999964,0.265,2.375,4.287373998915989,-0.09999999999999964,1.2000000000000028,0.04978469929029424,1.6880459521737787,0.2171898012347047,0.14592511884437773,inflation shock,0
2025-01-03,4.31,4.5,4.6,0.32,0.26,2.4,2.34,2.81,-0.49065,6852491.0,3095997.0,237.377,-0.1900000000000004,0.29000000000000004,2.37,4.287373998915989,-0.09999999999999964,1.2000000000000028,0.16185473839582118,1.5432697761405416,-0.6815317985593258,0.10292088333652454,inflation shock,0
2025-01-06,4.27,4.5,4.62,0.34,0.27,2.4,2.34,2.76,-0.49065,6852491.0,3095997.0,231.926,-0.23000000000000043,0.30500000000000005,2.37,4.287373998915989,-0.09999999999999964,1.2000000000000028,0.23575360473813398,1.4671607055534461,-1.070424985658023,0.09573657432155973,inflation shock,0
2025-01-07,4.27,4.5,4.67,0.37,0.32,2.44,2.38,2.79,-0.49065,6852491.0,3095997.0,208.296,-0.23000000000000043,0.345,2.41,4.287373998915989,-0.09999999999999964,1.2000000000000028,0.3439303935789191,1.8636606722816693,-0.9363042461429161,0.24531575157148114,inflation shock,0
2025-01-08,4.29,4.5,4.67,0.39,0.32,2.47,2.4,2.84,-0.49065,6853554.0,3254743.0,185.144,-0.20999999999999996,0.355,2.435,4.287373998915989,-0.09999999999999964,1.2000000000000028,0.38594293396355656,2.087670607334576,-0.6192062462212106,0.8364518943197702,inflation shock,0
2025-01-09,4.3,4.5,4.68,0.41,0.33,2.46,2.39,2.82,-0.49065,6853554.0,3254743.0,168.225,-0.20000000000000018,0.37,2.425,4.287373998915989,-0.09999999999999964,1.2000000000000028,0.42752066350603785,1.888086674177658,-0.5917473727203545,0.8403240508348001,inflation shock,0
2025-01-10,4.3,4.5,4.77,0.37,0.41,2.51,2.43,2.81,-0.49683,6853554.0,3254743.0,178.8,-0.20000000000000018,0.39,2.4699999999999998,4.287373998915989,-0.09999999999999964,1.2000000000000028,0.47222655258355745,2.282749230316664,-0.7258040351466297,0.7783150516931915,inflation shock,0
2025-01-13,4.29,4.5,4.79,0.39,0.42,2.55,2.45,2.85,-0.49683,6853554.0,3254743.0,183.669,-0.20999999999999996,0.405,2.5,4.287373998915989,-0.09999999999999964,1.2000000000000028,0.4996276730913216,2.4299101777555108,-0.6397664252703775,0.7268265458565663,inflation shock,0
2025-01-14,4.28,4.5,4.78,0.41,0.42,2.55,2.44,2.8,-0.49683,6853554.0,3254743.0,160.219,-0.21999999999999975,0.415,2.495,4.287373998915989,-0.09999999999999964,1.2000000000000028,0.5154248504342275,2.2156728670506576,-0.8299988402437076,0.6984685903355957,inflation shock,0
2025-01-15,4.28,4.5,4.66,0.39,0.31,2.52,2.42,2.72,-0.49683,6834070.0,3340816.0,119.977,-0.21999999999999975,0.35,2.4699999999999998,4.287373998915989,-0.09999999999999964,1.2000000000000028,0.4092867067259325,1.8756453161424862,-1.0573659303942293,1.0095801791775694,inflation shock,0
2025-01-16,4.29,4.5,4.61,0.38,0.27,2.51,2.42,2.73,-0.49683,6834070.0,3340816.0,94.489,-0.20999999999999996,0.325,2.465,4.287373998915989,-0.09999999999999964,1.2000000000000028,0.37511204083678096,1.7407647513118862,-0.9342759489544527,1.106726825537379,inflation shock,0
2025-01-17,4.29,4.5,4.61,0.34,0.27,2.52,2.41,2.64,-0.50225,6834070.0,3340816.0,118.327,-0.20999999999999996,0.30500000000000005,2.465,4.287373998915989,-0.09999999999999964,1.2000000000000028,0.35008824857985266,1.6650017267321782,-1.3257296146508741,0.8662613456786183,inflation shock,0
2025-01-20,4.29,4.5,4.61,0.34,0.27,2.52,2.41,2.64,-0.50225,6834070.0,3340816.0,118.327,-0.20999999999999996,0.30500000000000005,2.465,4.287373998915989,-0.09999999999999964,1.2000000000000028,0.3578271222852698,1.5967111463283725,-1.290705495653728,0.8261460394297405,inflation shock,0
2025-01-21,4.29,4.5,4.57,0.28,0.21,2.47,2.38,2.61,-0.50225,6834070.0,3340816.0,96.015,-0.20999999999999996,0.245,2.425,4.287373998915989,-0.09999999999999964,1.2000000000000028,0.2614206780041262,1.1912292762675014,-1.3564523804901822,0.8841525151327904,inflation shock,0
2025-01-22,4.3,4.5,4.6,0.31,0.24,2.48,2.4,2.59,-0.50225,6831760.0,3332278.0,123.981,-0.20000000000000018,0.275,2.44,4.287373998915989,-0.09999999999999964,1.2000000000000028,0.3167154912703359,1.28924155895528,-1.3283368763900076,0.7706036699791036,inflation shock,0
2025-01-23,4.35,4.5,4.65,0.36,0.29,2.52,2.42,2.61,-0.50225,6831760.0,3332278.0,132.031,-0.15000000000000036,0.32499999999999996,2.4699999999999998,4.287373998915989,-0.09999999999999964,1.2000000000000028,0.40282293518751894,1.5034699938406992,-0.9260014198662493,0.3852462980207461,inflation shock,0
2025-01-24,4.34,4.5,4.63,0.36,0.28,2.52,2.43,2.6,-0.50752,6831760.0,3332278.0,104.972,-0.16000000000000014,0.32,2.475,4.287373998915989,-0.09999999999999964,1.2000000000000028,0.3811897684924157,1.4853538249756055,-1.105989705946728,0.7591998556645979,inflation shock,0
2025-01-27,4.34,4.5,4.53,0.36,0.21,2.49,2.4,2.66,-0.50752,6831760.0,3332278.0,92.863,-0.16000000000000014,0.285,2.4450000000000003,4.287373998915989,-0.09999999999999964,1.2000000000000028,0.3111823392324999,1.1883802420751954,-0.8794481949334548,0.9387666883339243,inflation shock,0
2025-01-28,4.35,4.5,4.55,0.36,0.24,2.52,2.42,2.66,-0.50752,6831760.0,3332278.0,112.76,-0.15000000000000036,0.3,2.4699999999999998,4.287373998915989,-0.09999999999999964,1.2000000000000028,0.32604574698321254,1.3552147868862177,-0.7942130455804121,0.7709163452917762,inflation shock,0
2025-01-29,4.35,4.5,4.55,0.34,0.24,2.52,2.4,2.68,-0.50752,6818186.0,3224785.0,121.842,-0.15000000000000036,0.29000000000000004,2.46,3.110241107085976,-0.20000000000000018,-0.09999999999999432,0.5232036723583006,0.4665662250524144,-0.711333064758051,0.19687854437062705,stable carry,2
2025-01-30,4.36,4.5,4.52,0.34,0.22,2.5,2.38,2.67,-0.50752,6818186.0,3224785.0,125.965,-0.13999999999999968,0.28,2.44,3.110241107085976,-0.20000000000000018,-0.09999999999999432,0.4617613206340456,0.28386676710586844,-0.6708080649479647,0.030433963844765488,stable carry,2
2025-01-31,4.38,4.5,4.58,0.36,0.27,2.54,2.42,2.68,-0.51081,6818186.0,3224785.0,187.913,-0.1200000000000001,0.315,2.48,3.110241107085976,-0.20000000000000018,-0.09999999999999432,0.48519272922737566,0.5879719817954444,-0.5761079419072958,-0.9352892249642201,stable carry,2
2025-02-03,4.35,4.5,4.54,0.28,0.2,2.61,2.45,2.73,-0.51081,6818186.0,3224785.0,97.781,-0.15000000000000036,0.24000000000000002,2.5300000000000002,3.110241107085976,-0.20000000000000018,-0.09999999999999432,0.32543896265776295,0.923194858844766,-0.5742900970381766,0.2058476009963773,inflation shock,0
2025-02-04,4.33,4.5,4.52,0.31,0.19,2.59,2.44,2.71,-0.51081,6818186.0,3224785.0,85.654,-0.16999999999999993,0.25,2.5149999999999997,3.110241107085976,-0.20000000000000018,-0.09999999999999432,0.3185816807310557,0.7570543460451202,-0.7512469160205503,0.18691207608631033,inflation shock,0
2025-02-05,4.33,4.5,4.43,0.26,0.1,2.57,2.42,2.69,-0.51081,6810935.0,3177065.0,78.788,-0.16999999999999993,0.18,2.495,3.110241107085976,-0.20000000000000018,-0.09999999999999432,0.1752962659287943,0.5754542850872644,-0.8055558829337768,0.42919785096225077,stable carry,2
2025-02-06,4.36,4.5,4.45,0.24,0.11,2.57,2.42,2.66,-0.51081,6810935.0,3177065.0,79.983,-0.13999999999999968,0.175,2.495,3.110241107085976,-0.20000000000000018,-0.09999999999999432,0.14876413467721705,0.5452140914746881,-0.7183042779356171,0.283119343359493,stable carry,2
2025-02-07,4.35,4.5,4.49,0.2,0.14,2.59,2.42,2.67,-0.51022,6810935.0,3177065.0,95.248,-0.15000000000000036,0.17,2.505,3.110241107085976,-0.20000000000000018,-0.09999999999999432,0.12446786315903835,0.5837768894083943,-0.710055894869465,0.11366597251605413,stable carry,2
2025-02-10,4.35,4.5,4.51,0.23,0.16,2.6,2.44,2.66,-0.51022,6810935.0,3177065.0,99.653,-0.15000000000000036,0.195,2.52,3.110241107085976,-0.20000000000000018,-0.09999999999999432,0.15525771223525217,0.6506694558091636,-0.7259733205087441,0.0378781369963471,stable carry,2
2025-02-11,4.34,4.5,4.54,0.25,0.19,2.64,2.46,2.66,-0.51022,6810935.0,3177065.0,76.446,-0.16000000000000014,0.22,2.55,3.110241107085976,-0.20000000000000018,-0.09999999999999432,0.1868747903860868,0.8005519957628191,-0.7713552097900817,0.32577172481995337,inflation shock,0
2025-02-12,4.32,4.5,4.62,0.26,0.27,2.66,2.46,2.65,-0.51022,6813513.0,3220027.0,67.67,-0.17999999999999972,0.265,2.56,3.110241107085976,-0.20000000000000018,-0.09999999999999432,0.25630366330922794,0.809833786365421,-0.9152954061018644,1.562938979769174,inflation shock,0
2025-02-13,4.33,4.5,4.52,0.21,0.18,2.64,2.44,2.65,-0.51022,6813513.0,3220027.0,67.82,-0.16999999999999993,0.195,2.54,3.110241107085976,-0.20000000000000018,-0.09999999999999432,0.11222950180510938,0.6434460779927567,-0.8444366064136991,1.3511911427346135,stable carry,2
2025-02-14,4.33,4.5,4.47,0.21,0.13,2.62,2.43,2.62,-0.50601,6813513.0,3220027.0,58.77,-0.16999999999999993,0.16999999999999998,2.5250000000000004,3.110241107085976,-0.20000000000000018,-0.09999999999999432,0.05133044068002072,0.5223132901331988,-0.8352061039221871,1.1894427982889326,stable carry,2
2025-02-17,4.33,4.5,4.47,0.21,0.13,2.62,2.43,2.62,-0.50601,6813513.0,3220027.0,58.77,-0.16999999999999993,0.16999999999999998,2.5250000000000004,3.110241107085976,-0.20000000000000018,-0.09999999999999432,0.03608925788536362,0.49638169671029897,-0.821670170515746,1.172801477772145,stable carry,2
2025-02-18,4.37,4.5,4.55,0.26,0.21,2.65,2.45,2.62,-0.50601,6813513.0,3220027.0,77.817,-0.1299999999999999,0.235,2.55,3.110241107085976,-0.20000000000000018,-0.09999999999999432,0.15351110868631368,0.6156430034940841,-0.5586287558485815,0.9403846688297351,stable carry,2
2025-02-19,4.35,4.5,4.53,0.25,0.19,2.66,2.45,2.68,-0.50601,6782332.0,3270082.0,73.196,-0.15000000000000036,0.22,2.555,3.110241107085976,-0.20000000000000018,-0.09999999999999432,0.10867678459688819,0.6157601789331071,-0.4666351695932149,1.1799531676076522,stable carry,2
2025-02-20,4.33,4.5,4.5,0.22,0.17,2.66,2.45,2.66,-0.50601,6782332.0,3270082.0,63.207,-0.16999999999999993,0.195,2.555,3.110241107085976,-0.20000000000000018,-0.09999999999999432,0.03949807196629155,0.5883979382420435,-0.6506702492184028,1.0929152834080138,stable carry,2
2025-02-21,4.34,4.5,4.42,0.23,0.1,2.61,2.42,2.78,-0.49671,6782332.0,3270082.0,68.983,-0.16000000000000014,0.165,2.5149999999999997,3.110241107085976,-0.20000000000000018,-0.09999999999999432,-0.04828048508389301,0.33389741660223016,0.07959030998980125,1.0133683474496944,stable carry,2
2025-02-24,4.34,4.5,4.4,0.27,0.09,2.61,2.42,2.78,-0.49671,6782332.0,3270082.0,76.818,-0.16000000000000014,0.18,2.5149999999999997,3.110241107085976,-0.20000000000000018,-0.09999999999999432,-0.032924833894592886,0.31889697907607206,0.08673936483472176,0.8342694982913675,stable carry,2
2025-02-25,4.33,4.5,4.3,0.23,0.0,2.57,2.38,2.84,-0.49671,6782332.0,3270082.0,96.0,-0.16999999999999993,0.115,2.4749999999999996,3.110241107085976,-0.20000000000000018,-0.09999999999999432,-0.2181909217758701,0.06355254627283971,0.2325944439837393,0.39516636977983494,stable carry,2
2025-02-26,4.33,4.5,4.25,0.2,-0.06,2.54,2.36,2.81,-0.49671,6766101.0,3327249.0,126.058,-0.16999999999999993,0.07,2.45,3.110241107085976,-0.20000000000000018,-0.09999999999999432,-0.3643742889723202,-0.10094240723438795,0.13024706474167394,0.7992436009341093,stable carry,2
2025-02-27,4.36,4.5,4.29,0.22,-0.03,2.57,2.37,2.81,-0.49671,6766101.0,3327249.0,182.148,-0.13999999999999968,0.095,2.4699999999999998,3.110241107085976,-0.20000000000000018,-0.09999999999999432,-0.332901785495152,0.012286487120791945,0.3182949332559688,0.26561353655270414,stable carry,2
2025-02-28,4.39,4.5,4.24,0.25,-0.08,2.58,2.38,2.87,-0.48333,6766101.0,3327249.0,234.422,-0.11000000000000032,0.08499999999999999,2.48,3.110241107085976,-0.20000000000000018,-0.09999999999999432,-0.40105767511602325,0.06470824501866684,1.08770438302355,0.12700201041641593,funding stress,3
2025-03-03,4.33,4.5,4.16,0.2,-0.19,2.59,2.36,2.94,-0.48333,6766101.0,3327249.0,119.987,-0.16999999999999993,0.0050000000000000044,2.4749999999999996,3.110241107085976,-0.20000000000000018,-0.09999999999999432,-0.6796664106870299,0.01935849388547467,0.923225592811208,0.5422639290181804,funding stress,3
2025-03-04,4.33,4.5,4.22,0.26,-0.12,2.59,2.35,2.99,-0.48333,6766101.0,3327249.0,135.257,-0.16999999999999993,0.07,2.4699999999999998,3.110241107085976,-0.20000000000000018,-0.09999999999999432,-0.5043281557666943,-0.027090557513153868,1.048188238168006,0.5779359219429282,funding stress,3
2025-03-05,4.34,4.5,4.28,0.29,-0.07,2.56,2.34,2.88,-0.48333,6756764.0,3312625.0,139.493,-0.16000000000000014,0.10999999999999999,2.45,3.110241107085976,-0.20000000000000018,-0.09999999999999432,-0.3928521840902417,-0.17871488291545262,0.7584671391960396,0.4655643807734903,stable carry,2
2025-03-06,4.35,4.5,4.29,0.33,-0.05,2.53,2.34,2.99,-0.48333,6756764.0,3312625.0,129.269,-0.15000000000000036,0.14,2.4349999999999996,3.110241107085976,-0.20000000000000018,-0.09999999999999432,-0.3017266071961907,-0.2958200680096747,1.134582731559105,0.28454466218018,funding stress,3
2025-03-07,4.34,4.5,4.32,0.33,-0.02,2.52,2.33,2.97,-0.4665,6756764.0,3312625.0,136.305,-0.16000000000000014,0.155,2.425,3.110241107085976,-0.20000000000000018,-0.09999999999999432,-0.255936571045972,-0.3766654654696511,1.4477534027949994,0.1917793027071577,funding stress,3
2025-03-10,4.33,4.5,4.22,0.33,-0.11,2.49,2.31,3.16,-0.4665,6756764.0,3312625.0,129.054,-0.16999999999999993,0.11000000000000001,2.4000000000000004,3.110241107085976,-0.20000000000000018,-0.09999999999999432,-0.42703629511606556,-0.5701634250881342,1.7911337360694555,0.44561781460242095,funding stress,3
2025-03-11,4.32,4.5,4.28,0.34,-0.06,2.5,2.31,3.22,-0.4665,6756764.0,3312625.0,137.31,-0.17999999999999972,0.14,2.4050000000000002,3.110241107085976,-0.20000000000000018,-0.09999999999999432,-0.3281385351640986,-0.548267204115362,1.724248385947112,0.5025959837634962,funding stress,3
2025-03-12,4.31,4.5,4.32,0.31,-0.03,2.53,2.33,3.2,-0.4665,6759571.0,3400235.0,131.055,-0.1900000000000004,0.14,2.4299999999999997,3.110241107085976,-0.20000000000000018,-0.09999999999999432,-0.3305459315988727,-0.37113377661452507,1.4898485137857744,0.7931424372258009,funding stress,3
2025-03-13,4.3,4.5,4.27,0.33,-0.07,2.48,2.29,3.4,-0.4665,6759571.0,3400235.0,113.435,-0.20000000000000018,0.13,2.385,3.110241107085976,-0.20000000000000018,-0.09999999999999432,-0.36060013608224306,-0.7416585642130464,1.6723409424712345,0.8194401731515867,funding stress,3
2025-03-14,4.3,4.5,4.31,0.29,-0.02,2.48,2.3,3.25,-0.44793,6759571.0,3400235.0,126.234,-0.20000000000000018,0.13499999999999998,2.3899999999999997,3.110241107085976,-0.20000000000000018,-0.09999999999999432,-0.3399670008249169,-0.7286595066337065,1.661202680490958,0.4825722817185308,funding stress,3
2025-03-17,4.32,4.5,4.31,0.25,-0.03,2.48,2.29,3.18,-0.44793,6759571.0,3400235.0,89.496,-0.17999999999999972,0.11,2.385,3.110241107085976,-0.20000000000000018,-0.09999999999999432,-0.42210367074711225,-0.7820540329980155,1.5295142865595122,0.6234416507562104,funding stress,3
2025-03-18,4.31,4.5,4.29,0.25,-0.05,2.46,2.3,3.23,-0.44793,6759571.0,3400235.0,149.503,-0.1900000000000004,0.1,2.38,3.110241107085976,-0.20000000000000018,-0.09999999999999432,-0.45121555663997687,-0.8267358516660672,1.4490042995676473,0.04460372568450133,funding stress,3
2025-03-19,4.29,4.5,4.25,0.26,-0.08,2.5,2.31,3.19,-0.44793,6755982.0,3467789.0,193.378,-0.20999999999999996,0.09,2.4050000000000002,3.110241107085976,-0.20000000000000018,-0.09999999999999432,-0.4836158181829438,-0.6262559220060758,1.1696011630024092,0.12549080669428378,funding stress,3
2025-03-20,4.29,4.5,4.24,0.29,-0.09,2.51,2.31,3.17,-0.44793,6755982.0,3467789.0,192.64,-0.20999999999999996,0.09999999999999999,2.41,3.110241107085976,-0.20000000000000018,-0.09999999999999432,-0.4606891593588453,-0.5938991824382273,1.0466166708396376,-0.06038585584648878,funding stress,3
2025-03-21,4.3,4.5,4.25,0.31,-0.08,2.51,2.33,3.21,-0.42974,6755982.0,3467789.0,200.85,-0.20000000000000018,0.11499999999999999,2.42,3.110241107085976,-0.20000000000000018,-0.09999999999999432,-0.3891098278453559,-0.5629710324469095,1.3818608481574148,-0.23799426051588965,funding stress,3
2025-03-24,4.31,4.5,4.34,0.3,0.01,2.54,2.36,3.05,-0.42974,6755982.0,3467789.0,196.565,-0.1900000000000004,0.155,2.45,3.110241107085976,-0.20000000000000018,-0.09999999999999432,-0.2339137557771123,-0.371504301458782,1.1201508961796018,0.11829002151488306,funding stress,3
2025-03-25,4.33,4.5,4.31,0.35,-0.02,2.56,2.35,3.09,-0.42974,6755982.0,3467789.0,214.786,-0.16999999999999993,0.16499999999999998,2.455,3.110241107085976,-0.20000000000000018,-0.09999999999999432,-0.1698894963671943,-0.4096103905501848,1.2893022045484719,0.5254932612148524,funding stress,3
2025-03-26,4.35,4.5,4.35,0.37,0.02,2.56,2.37,3.19,-0.42974,6740253.0,3450933.0,241.371,-0.15000000000000036,0.195,2.465,3.110241107085976,-0.20000000000000018,-0.09999999999999432,-0.0635080932609775,-0.31801496425458314,1.6287905248683436,0.2902742469238315,funding stress,3
2025-03-27,4.36,4.5,4.38,0.41,0.05,2.6,2.39,3.27,-0.42974,6740253.0,3450933.0,291.785,-0.13999999999999968,0.22999999999999998,2.495,3.110241107085976,-0.20000000000000018,-0.09999999999999432,0.05822141181212048,-0.02514541317298108,1.8122371434962838,0.1587573869588564,funding stress,3
2025-03-28,4.34,4.5,4.27,0.38,-0.06,2.58,2.37,3.47,-0.41264,6740253.0,3450933.0,286.575,-0.16000000000000014,0.16,2.475,3.110241107085976,-0.20000000000000018,-0.09999999999999432,-0.1746256561274584,-0.22674996268896963,1.9412752949566805,0.48476400445926315,funding stress,3
2025-03-31,4.41,4.5,4.23,0.34,-0.09,2.61,2.38,3.55,-0.41264,6740253.0,3450933.0,399.167,-0.08999999999999986,0.125,2.495,0.0,0.0,0.0,-1.5672189743286138,-2.181212562049538,2.6768437275109522,0.09747792252712754,funding stress,3
2025-04-01,4.39,4.5,4.17,0.3,-0.15,2.54,2.33,3.5,-0.41264,6740253.0,3450933.0,230.063,-0.11000000000000032,0.075,2.435,1.6923456209746446,0.20000000000000018,-19.5,-4.698556694586485,-1.523417102025362,2.2480702521199714,0.9152033391294733,funding stress,3
2025-04-02,4.37,4.5,4.2,0.29,-0.12,2.51,2.32,3.42,-0.41264,6723452.0,3379339.0,233.488,-0.1299999999999999,0.08499999999999999,2.415,1.6923456209746446,0.20000000000000018,-19.5,-3.6056756980186293,-1.6701438839066003,1.8238736832236189,1.4002989290531271,funding stress,3
2025-04-03,4.39,4.5,4.06,0.35,-0.25,2.5,2.28,4.01,-0.41264,6723452.0,3379339.0,196.265,-0.11000000000000032,0.04999999999999999,2.3899999999999997,1.6923456209746446,0.20000000000000018,-19.5,-3.1839323266758037,-1.8640175436104514,2.518756882721211,1.0797430003805693,funding stress,3
2025-04-04,4.35,4.5,4.01,0.33,-0.27,2.34,2.18,4.45,-0.39732,6723452.0,3379339.0,184.499,-0.15000000000000036,0.03,2.26,1.6923456209746446,0.20000000000000018,-19.5,-2.9018728874167987,-2.867027673531201,2.3517562685881757,1.0616831725129015,funding stress,3
2025-04-07,4.33,4.5,4.15,0.42,-0.14,2.31,2.19,4.61,-0.39732,6723452.0,3379339.0,148.146,-0.16999999999999993,0.13999999999999999,2.25,1.6923456209746446,0.20000000000000018,-19.5,-2.2599666268588376,-2.6758608574370735,1.9844371698877217,1.1265247516819012,funding stress,3
2025-04-08,4.4,4.5,4.26,0.55,-0.05,2.35,2.22,4.57,-0.39732,6723452.0,3379339.0,156.911,-0.09999999999999964,0.25,2.285,1.6923456209746446,0.20000000000000018,-19.5,-1.6396807795683515,-2.238666303229949,2.5355752277875787,0.9914710943771575,funding stress,3
2025-04-09,4.42,4.5,4.34,0.43,-0.01,2.45,2.27,4.37,-0.39732,6727416.0,3474682.0,168.115,-0.08000000000000007,0.21,2.3600000000000003,1.6923456209746446,0.20000000000000018,-19.5,-1.6358005567519445,-1.6003802553650062,2.449577498816199,0.6506623948432294,funding stress,3
2025-04-10,4.37,4.5,4.4,0.56,0.06,2.32,2.19,4.42,-0.39732,6727416.0,3474682.0,129.95,-0.1299999999999999,0.31000000000000005,2.255,1.6923456209746446,0.20000000000000018,-19.5,-1.1018341371742848,-2.2344284542765425,1.8238310928113564,0.749120678093062,funding stress,3
2025-04-11,4.33,4.5,4.48,0.52,0.14,2.33,2.2,4.26,-0.38628,6727416.0,3474682.0,98.531,-0.16999999999999993,0.33,2.265,1.6923456209746446,0.20000000000000018,-19.5,-0.923846834814646,-2.044074405057809,1.2812526288442947,0.9166007388901013,funding stress,3
2025-04-14,4.33,4.5,4.38,0.54,0.05,2.35,2.23,4.14,-0.38628,6727416.0,3474682.0,102.838,-0.16999999999999993,0.29500000000000004,2.29,1.6923456209746446,0.20000000000000018,-19.5,-0.975120508769118,-1.795964958433308,1.1333525615834101,0.8950944897479531,funding stress,3
2025-04-15,4.36,4.5,4.35,0.51,0.02,2.31,2.19,4.09,-0.38628,6727416.0,3474682.0,88.878,-0.13999999999999968,0.265,2.25,1.6923456209746446,0.20000000000000018,-19.5,-1.022426266497144,-1.9507584042574337,1.3883961746688165,0.8871948356748581,funding stress,3
2025-04-16,4.31,4.5,4.29,0.52,-0.04,2.29,2.17,4.16,-0.38628,6727113.0,3452030.0,54.772,-0.1900000000000004,0.24000000000000002,2.23,1.6923456209746446,0.20000000000000018,-19.5,-1.050904618990039,-1.9635418684267252,0.774444221220499,0.8958619311519569,growth scare,1
2025-04-17,4.32,4.5,4.34,0.53,0.0,2.26,2.23,4.02,-0.38628,6727113.0,3452030.0,58.6,-0.17999999999999972,0.265,2.245,1.6923456209746446,0.20000000000000018,-19.5,-0.8760907232756567,-1.7926199807234922,0.7784417458361655,0.7412352485989228,growth scare,1
2025-04-18,4.32,4.5,4.34,0.53,0.0,2.26,2.23,4.02,-0.38659,6727113.0,3452030.0,58.6,-0.17999999999999972,0.265,2.245,1.6923456209746446,0.20000000000000018,-19.5,-0.8100034763121343,-1.7185749071354008,0.7414709115804369,0.8306476653592413,growth scare,1
2025-04-21,4.32,4.5,4.42,0.67,0.08,2.25,2.22,4.16,-0.38659,6727113.0,3452030.0,114.114,-0.17999999999999972,0.375,2.2350000000000003,1.6923456209746446,0.20000000000000018,-19.5,-0.32918222921376056,-1.7016128229460399,0.7825278852836544,0.4326718864945002,stable carry,2
2025-04-22,4.3,4.5,4.41,0.65,0.08,2.3,2.27,3.99,-0.38659,6727113.0,3452030.0,137.951,-0.20000000000000018,0.365,2.285,1.6923456209746446,0.20000000000000018,-19.5,-0.346658072721528,-1.4005190800852867,0.4360861841960984,0.04601527817443037,stable carry,2
2025-04-23,4.28,4.5,4.4,0.59,0.07,2.33,2.29,3.75,-0.38659,6726930.0,3256734.0,171.78,-0.21999999999999975,0.32999999999999996,2.31,1.6923456209746446,0.20000000000000018,-19.5,-0.45192065946024673,-1.229529696370318,0.08149042083223994,-0.39795093202520576,stable carry,2
2025-04-24,4.29,4.5,4.32,0.55,0.0,2.35,2.3,3.73,-0.38659,6726930.0,3256734.0,130.004,-0.20999999999999996,0.275,2.325,1.6923456209746446,0.20000000000000018,-19.5,-0.6264931214431291,-1.1170145253037491,0.17979392874080027,-0.06663495043764346,growth scare,1
2025-04-25,4.33,4.5,4.29,0.55,-0.03,2.32,2.27,3.67,-0.39305,6726930.0,3256734.0,94.021,-0.16999999999999993,0.26,2.295,1.6923456209746446,0.20000000000000018,-19.5,-0.6389410285245251,-1.2242961506348173,0.5292899748180906,0.0025920080661310796,growth scare,1
2025-04-28,4.36,4.5,4.23,0.56,-0.09,2.32,2.25,3.73,-0.39305,6726930.0,3256734.0,148.649,-0.13999999999999968,0.23500000000000004,2.285,1.6923456209746446,0.20000000000000018,-19.5,-0.7024969121786953,-1.2307976136781718,0.8750968068984205,-0.5434566360007372,funding stress,3
2025-04-29,4.36,4.5,4.19,0.54,-0.12,2.29,2.23,3.74,-0.39305,6726930.0,3256734.0,157.537,-0.13999999999999968,0.21000000000000002,2.26,1.6923456209746446,0.20000000000000018,-19.5,-0.7654436621382638,-1.306430351355111,0.8531431838803766,-0.356882097882997,funding stress,3
2025-04-30,4.41,4.5,4.17,0.57,-0.14,2.29,2.23,3.94,-0.39305,6709277.0,3219214.0,250.601,-0.08999999999999986,0.21499999999999997,2.26,1.6923456209746446,0.20000000000000018,-19.5,-0.7160859388843294,-1.260150364372263,1.44889030063115,-0.7088351418003075,funding stress,3
2025-05-01,4.39,4.5,4.25,0.55,-0.06,2.3,2.25,3.78,-0.39305,6709277.0,3219214.0,157.353,-0.11000000000000032,0.24500000000000002,2.275,2.096793378643813,0.2999999999999998,-19.5,-0.7320723047732686,-0.8898514386296977,1.1115792598471983,-0.10764431421108045,funding stress,3
2025-05-02,4.36,4.5,4.33,0.5,0.0,2.31,2.27,3.6,-0.4064,6709277.0,3219214.0,147.882,-0.13999999999999968,0.25,2.29,2.096793378643813,0.2999999999999998,-19.5,-0.6802179917261958,-0.7894235000989522,0.5823839917284773,0.2309463229976525,growth scare,1
2025-05-05,4.33,4.5,4.36,0.53,0.03,2.33,2.28,3.6,-0.4064,6709277.0,3219214.0,124.69,-0.16999999999999993,0.28,2.3049999999999997,2.096793378643813,0.2999999999999998,-19.5,-0.5349408169331179,-0.6919443512602503,0.2566380919203455,-0.13457288657447555,growth scare,1
2025-05-06,4.32,4.5,4.3,0.52,-0.03,2.34,2.26,3.66,-0.4064,6709277.0,3219214.0,129.858,-0.17999999999999972,0.245,2.3,2.096793378643813,0.2999999999999998,-19.5,-0.640786333332967,-0.6915464657829345,0.17452900890994302,-0.30194606019879483,growth scare,1
2025-05-07,4.3,4.5,4.26,0.48,-0.08,2.33,2.25,3.67,-0.4064,6710889.0,3218636.0,154.859,-0.20000000000000018,0.19999999999999998,2.29,2.096793378643813,0.2999999999999998,-19.5,-0.7801887888809294,-0.7162425648939297,-0.03684228714172377,-0.2835924366624754,growth scare,1
2025-05-08,4.29,4.5,4.37,0.47,0.03,2.39,2.29,3.51,-0.4064,6710889.0,3218636.0,139.768,-0.20999999999999996,0.25,2.34,2.096793378643813,0.2999999999999998,-19.5,-0.5578434125587989,-0.44388862869978407,-0.23546025817410257,-0.13383708855781928,growth scare,1
2025-05-09,4.28,4.5,4.37,0.49,0.03,2.39,2.29,3.53,-0.4237,6710889.0,3218636.0,142.272,-0.21999999999999975,0.26,2.34,2.096793378643813,0.2999999999999998,-19.5,-0.497918910336435,-0.42150348868112925,-0.4539798289340245,0.03253678770356716,stable carry,2
2025-05-12,4.28,4.5,4.45,0.47,0.03,2.35,2.29,3.15,-0.4237,6710889.0,3218636.0,147.505,-0.21999999999999975,0.25,2.3200000000000003,2.096793378643813,0.2999999999999998,-19.5,-0.516086521027402,-0.5022142743237906,-0.6855376213042607,0.026668137073462644,growth scare,1
2025-05-13,4.3,4.5,4.49,0.47,0.08,2.38,2.32,3.09,-0.4237,6710889.0,3218636.0,144.214,-0.20000000000000018,0.27499999999999997,2.3499999999999996,2.096793378643813,0.2999999999999998,-19.5,-0.3979373357483175,-0.3200463820310245,-0.5379403661371054,-0.2690090338066407,stable carry,2
2025-05-14,4.29,4.5,4.53,0.48,0.12,2.44,2.37,3.1,-0.4237,6713270.0,3235723.0,165.024,-0.20999999999999996,0.3,2.4050000000000002,2.096793378643813,0.2999999999999998,-19.5,-0.28757972793722736,0.008468243299882744,-0.6315850664950861,-0.7054468166104758,stable carry,2
2025-05-15,4.31,4.5,4.45,0.49,0.07,2.41,2.34,3.2,-0.4237,6713270.0,3235723.0,109.436,-0.1900000000000004,0.28,2.375,2.096793378643813,0.2999999999999998,-19.5,-0.3484033281628655,-0.13103869139191465,-0.3929643141093369,-0.15191432834282118,stable carry,2
2025-05-16,4.3,4.5,4.43,0.45,0.06,2.42,2.34,3.16,-0.44118,6713270.0,3235723.0,136.799,-0.20000000000000018,0.255,2.38,2.096793378643813,0.2999999999999998,-19.5,-0.42630954355933515,-0.0761816993614325,-0.6835667849322425,-0.620279622982208,stable carry,2
2025-05-19,4.29,4.5,4.46,0.49,0.07,2.43,2.36,3.21,-0.44118,6713270.0,3235723.0,180.417,-0.20999999999999996,0.28,2.395,2.096793378643813,0.2999999999999998,-19.5,-0.3193586063680678,0.0411927091355849,-0.7528996834121408,-0.9910380372225132,stable carry,2
2025-05-20,4.27,4.5,4.48,0.51,0.1,2.42,2.35,3.2,-0.44118,6713270.0,3235723.0,136.033,-0.23000000000000043,0.305,2.385,2.096793378643813,0.2999999999999998,-19.5,-0.21944304200618048,0.0017019762537820449,-0.9439536456337722,-0.1946352854627832,stable carry,2
2025-05-21,4.26,4.5,4.58,0.58,0.22,2.43,2.35,3.25,-0.44118,6688726.0,3289469.0,162.802,-0.2400000000000002,0.39999999999999997,2.39,2.096793378643813,0.2999999999999998,-19.5,0.11379363749561011,0.05150604873029557,-0.994674673921394,-0.33192138218873063,stable carry,2
2025-05-22,4.26,4.5,4.54,0.54,0.17,2.42,2.34,3.32,-0.44118,6688726.0,3289469.0,173.018,-0.2400000000000002,0.35500000000000004,2.38,2.096793378643813,0.2999999999999998,-19.5,-0.050126647820235716,0.010767855508626065,-0.9442904041303583,-0.5872001759185183,stable carry,2
2025-05-23,4.26,4.5,4.51,0.51,0.15,2.4,2.33,3.4,-0.45578,6688726.0,3289469.0,154.841,-0.2400000000000002,0.33,2.365,2.096793378643813,0.2999999999999998,-19.5,-0.13435143043647316,-0.06111420659350115,-1.0464670220635288,-0.302761727859053,stable carry,2
2025-05-26,4.26,4.5,4.51,0.51,0.15,2.4,2.33,3.4,-0.45578,6688726.0,3289469.0,154.841,-0.2400000000000002,0.33,2.365,2.096793378643813,0.2999999999999998,-19.5,-0.12264786331089761,-0.03668031602115891,-1.0452655215476627,-0.1764211881345693,stable carry,2
2025-05-27,4.31,4.5,4.43,0.51,0.08,2.41,2.32,3.24,-0.45578,6688726.0,3289469.0,138.066,-0.1900000000000004,0.295,2.365,2.096793378643813,0.2999999999999998,-19.5,-0.241497173599495,-0.012071493834972385,-0.7632530219619579,0.13039520934326826,stable carry,2
2025-05-28,4.33,4.5,4.47,0.51,0.12,2.39,2.32,3.23,-0.45578,6673244.0,3270661.0,173.641,-0.16999999999999993,0.315,2.355,2.096793378643813,0.2999999999999998,-19.5,-0.16042614413391587,-0.05760031932785302,-0.6274607798996238,-0.058393070434579745,stable carry,2
2025-05-29,4.33,4.5,4.43,0.51,0.07,2.38,2.32,3.22,-0.45578,6673244.0,3270661.0,165.66,-0.16999999999999993,0.29000000000000004,2.3499999999999996,2.096793378643813,0.2999999999999998,-19.5,-0.24456310530822567,-0.07058353723106045,-0.6561415455169431,0.19650038895640817,stable carry,2
2025-05-30,4.35,4.5,4.41,0.52,0.05,2.39,2.34,3.31,-0.46755,6673244.0,3270661.0,315.657,-0.15000000000000036,0.28500000000000003,2.365,2.096793378643813,0.2999999999999998,-19.5,-0.25346168220690307,0.054781875498295586,-0.5736857854435758,-0.04059552307726889,stable carry,2
2025-06-02,4.35,4.5,4.46,0.52,0.02,2.38,2.33,3.27,-0.46755,6673244.0,3270661.0,135.841,-0.15000000000000036,0.27,2.355,2.096793378643813,0.2999999999999998,-19.5,-0.30028825793409497,0.0021993949947094887,-0.609483879884308,0.0794654444996792,stable carry,2
2025-06-03,4.32,4.5,4.46,0.5,0.03,2.38,2.32,3.19,-0.46755,6673244.0,3270661.0,153.177,-0.17999999999999972,0.265,2.3499999999999996,2.096793378643813,0.2999999999999998,-19.5,-0.309081473951951,-0.0135928319131365,-0.92041059271568,0.08259972535452824,stable carry,2
2025-06-04,4.28,4.5,4.37,0.5,-0.07,2.32,2.31,3.23,-0.46755,6672885.0,3294381.0,168.882,-0.21999999999999975,0.215,2.315,2.096793378643813,0.2999999999999998,-19.5,-0.4887555467315908,-0.2385185576075523,-1.215389138148543,0.31430195165441127,stable carry,2
2025-06-05,4.29,4.5,4.4,0.48,-0.04,2.31,2.29,3.18,-0.46755,6672885.0,3294381.0,152.727,-0.20999999999999996,0.22,2.3,2.096793378643813,0.2999999999999998,-19.5,-0.45914089146877074,-0.3219713532720404,-1.1638234956744744,0.32394220998601786,stable carry,2
2025-06-06,4.29,4.5,4.51,0.47,0.08,2.35,2.31,3.09,-0.47657,6672885.0,3294381.0,149.284,-0.20999999999999996,0.27499999999999997,2.33,2.096793378643813,0.2999999999999998,-19.5,-0.23539232889579412,-0.08360530587842747,-1.314239379088402,0.36378809312608723,stable carry,2
2025-06-09,4.29,4.5,4.49,0.48,0.05,2.34,2.31,3.12,-0.47657,6672885.0,3294381.0,179.315,-0.20999999999999996,0.265,2.325,2.096793378643813,0.2999999999999998,-19.5,-0.2666018545551909,-0.09683246002177369,-1.261846194353791,0.19360058307017014,stable carry,2
2025-06-10,4.28,4.5,4.47,0.46,0.02,2.32,2.29,3.12,-0.47657,6672885.0,3294381.0,182.725,-0.21999999999999975,0.24000000000000002,2.3049999999999997,2.096793378643813,0.2999999999999998,-19.5,-0.3601427669539586,-0.21577240414951893,-1.3132197003833221,0.2192911899403066,stable carry,2
2025-06-11,4.28,4.5,4.41,0.47,-0.04,2.3,2.27,3.12,-0.47657,6677155.0,3407108.0,204.625,-0.21999999999999975,0.215,2.285,2.096793378643813,0.2999999999999998,-19.5,-0.45887573434996526,-0.3287153394627523,-1.289694654833671,0.17665701628206243,stable carry,2
2025-06-12,4.28,4.5,4.36,0.46,-0.1,2.28,2.25,3.17,-0.47657,6677155.0,3407108.0,181.417,-0.21999999999999975,0.18,2.2649999999999997,2.096793378643813,0.2999999999999998,-19.5,-0.6032935982335175,-0.43629466819706153,-1.2311605290374843,0.1440536744243067,growth scare,1
2025-06-13,4.28,4.5,4.41,0.45,-0.04,2.31,2.28,3.18,-0.48394,6677155.0,3407108.0,168.645,-0.21999999999999975,0.20500000000000002,2.295,2.096793378643813,0.2999999999999998,-19.5,-0.4894915653667158,-0.18356143394015,-1.2681716139083306,0.27849286428986847,stable carry,2
2025-06-16,4.32,4.5,4.46,0.49,0.03,2.32,2.3,3.1,-0.48394,6677155.0,3407108.0,140.759,-0.17999999999999972,0.26,2.3099999999999996,2.096793378643813,0.2999999999999998,-19.5,-0.237086576806694,-0.035273105261237864,-0.9844835736516214,0.132962000100841,stable carry,2
2025-06-17,4.31,4.5,4.39,0.45,-0.03,2.35,2.31,3.17,-0.48394,6677155.0,3407108.0,168.939,-0.1900000000000004,0.21000000000000002,2.33,2.096793378643813,0.2999999999999998,-19.5,-0.4522013157504438,0.15953835751187256,-0.9851110016186239,0.38116014401693815,stable carry,2
2025-06-18,4.28,4.5,4.38,0.44,-0.04,2.36,2.31,3.16,-0.48394,6681056.0,3406366.0,205.05,-0.21999999999999975,0.2,2.335,2.096793378643813,0.2999999999999998,-19.5,-0.4858102200697965,0.2509724923344626,-1.1977773593292207,0.37111959188658966,stable carry,2
2025-06-19,4.28,4.5,4.38,0.44,-0.04,2.36,2.31,3.16,-0.48394,6681056.0,3406366.0,205.05,-0.21999999999999975,0.2,2.335,2.096793378643813,0.2999999999999998,-19.5,-0.4764723222032121,0.31880798861101634,-1.163227462066044,0.36540349720533505,stable carry,2
2025-06-20,4.29,4.5,4.38,0.48,-0.01,2.37,2.33,3.13,-0.4903,6681056.0,3406366.0,138.283,-0.20999999999999996,0.235,2.35,2.096793378643813,0.2999999999999998,-19.5,-0.34148436514578134,0.5323903928305528,-1.1267733999965825,0.5779759095683047,stable carry,2
2025-06-23,4.29,4.5,4.34,0.5,-0.04,2.33,2.3,3.12,-0.4903,6681056.0,3406366.0,165.319,-0.20999999999999996,0.23,2.315,2.096793378643813,0.2999999999999998,-19.5,-0.5221062991011092,0.3245662356606263,-1.0943989461554873,0.488581291013801,growth scare,1
2025-06-24,4.3,4.5,4.3,0.55,-0.08,2.3,2.29,3.06,-0.4903,6681056.0,3406366.0,187.367,-0.20000000000000018,0.23500000000000001,2.295,2.096793378643813,0.2999999999999998,-19.5,-0.49951452250443884,0.12300421982581322,-1.0165614815145871,0.4856713920382263,stable carry,2
2025-06-25,4.36,4.5,4.29,0.55,-0.09,2.28,2.28,3.04,-0.4903,6662200.0,3369328.0,210.879,-0.13999999999999968,0.23000000000000004,2.28,2.096793378643813,0.2999999999999998,-19.5,-0.5523468243081444,-0.03642153133401693,-0.49036938612271325,0.35394545892034524,growth scare,1
2025-06-26,4.4,4.5,4.26,0.56,-0.13,2.29,2.28,3.04,-0.4903,6662200.0,3369328.0,252.432,-0.09999999999999964,0.21500000000000002,2.285,2.096793378643813,0.2999999999999998,-19.5,-0.7126114572120179,0.017603680056639148,-0.12588373691342594,0.35255417369094433,growth scare,1
2025-06-27,4.39,4.5,4.29,0.56,-0.1,2.31,2.29,3.02,-0.49702,6662200.0,3369328.0,285.742,-0.11000000000000032,0.23000000000000004,2.3,0.39771701124551306,0.09999999999999964,0.0,3.4156770038134763,-2.9722842890285595,-0.2735111325726358,0.2707056214551881,stable carry,2
2025-06-30,4.45,4.5,4.24,0.52,-0.17,2.31,2.29,2.96,-0.49702,6662200.0,3369328.0,460.731,-0.04999999999999982,0.175,2.3,0.39771701124551306,0.09999999999999964,0.0,2.1842788887384614,-2.426509692407345,0.09592387446708701,0.17528241436994166,stable carry,2
2025-07-01,4.44,4.5,4.26,0.48,-0.14,2.32,2.29,2.91,-0.49702,6662200.0,3369328.0,245.53,-0.05999999999999961,0.16999999999999998,2.3049999999999997,2.3520143949639083,0.09999999999999964,9.5,2.155434021085703,0.4838942624746982,-0.03531287302352837,0.21855463422022034,stable carry,2
2025-07-02,4.4,4.5,4.3,0.52,-0.11,2.34,2.3,2.88,-0.49702,6659598.0,3225980.0,237.307,-0.09999999999999964,0.20500000000000002,2.32,2.3520143949639083,0.09999999999999964,9.5,1.9720308211560418,0.6429082190685659,-0.31800332444003,0.284873004712134,stable carry,2
2025-07-03,4.35,4.5,4.35,0.47,-0.07,2.37,2.33,2.8,-0.49702,6659598.0,3225980.0,214.665,-0.15000000000000036,0.19999999999999998,2.35,2.3520143949639083,0.09999999999999964,9.5,1.6898674573068044,0.9553918341015133,-0.7347241331972887,0.22335047037106903,inflation shock,0
2025-07-04,4.35,4.5,4.35,0.47,-0.07,2.37,2.33,2.8,-0.50404,6659598.0,3225980.0,214.665,-0.15000000000000036,0.19999999999999998,2.35,2.3520143949639083,0.09999999999999964,9.5,1.5136850240291082,0.9230056692339536,-0.7709334333147374,0.16853070014702534,inflation shock,0
2025-07-07,4.33,4.5,4.4,0.5,-0.02,2.4,2.35,2.86,-0.50404,6659598.0,3225980.0,218.03,-0.16999999999999993,0.24,2.375,2.3520143949639083,0.09999999999999964,9.5,1.6416572467069976,1.1751740676770321,-0.8410061659604363,-0.036020618747792936,inflation shock,0
2025-07-08,4.34,4.5,4.42,0.52,0.0,2.39,2.35,2.92,-0.50404,6659598.0,3225980.0,219.415,-0.16000000000000014,0.26,2.37,2.3520143949639083,0.09999999999999964,9.5,1.6588804928802274,1.0830429666150099,-0.6841830727192404,-0.011688211660920525,inflation shock,0
2025-07-09,4.32,4.5,4.34,0.48,-0.08,2.38,2.33,2.94,-0.50404,6661912.0,3330249.0,227.273,-0.17999999999999972,0.19999999999999998,2.355,2.3520143949639083,0.09999999999999964,9.5,1.1651240810712749,0.8790606300177564,-0.7980449493119876,0.040605943437072044,inflation shock,0
2025-07-10,4.31,4.5,4.35,0.49,-0.07,2.39,2.34,2.92,-0.50404,6661912.0,3330249.0,183.339,-0.1900000000000004,0.21,2.365,2.3520143949639083,0.09999999999999964,9.5,1.155303361042191,0.9723127961270552,-0.8717270512492328,0.00012731420060854126,inflation shock,0
2025-07-11,4.31,4.5,4.43,0.53,0.02,2.44,2.37,2.97,-0.51062,6661912.0,3330249.0,181.637,-0.1900000000000004,0.275,2.4050000000000002,2.3520143949639083,0.09999999999999964,9.5,1.5104177892365522,1.4265203424723472,-0.8535318010521399,-0.29027804543867886,inflation shock,0
2025-07-14,4.33,4.5,4.43,0.53,0.01,2.45,2.39,2.95,-0.51062,6661912.0,3330249.0,217.841,-0.16999999999999993,0.27,2.42,2.3520143949639083,0.09999999999999964,9.5,1.4297258914076298,1.5658113332964074,-0.7132004893526694,-0.47166279965710917,inflation shock,0
2025-07-15,4.37,4.5,4.5,0.55,0.08,2.48,2.41,2.95,-0.51062,6661912.0,3330249.0,198.277,-0.1299999999999999,0.315,2.4450000000000003,2.3520143949639083,0.09999999999999964,9.5,1.7048893400329952,1.7604473819685262,-0.4098296960619532,-0.5399878498096816,inflation shock,0
2025-07-16,4.34,4.5,4.46,0.58,0.05,2.49,2.41,3.0,-0.51062,6659273.0,3398822.0,197.086,-0.16000000000000014,0.315,2.45,2.3520143949639083,0.09999999999999964,9.5,1.657799226131887,1.7020844643304465,-0.5601676368721944,-0.8419543637367356,inflation shock,0
2025-07-17,4.34,4.5,4.47,0.56,0.06,2.53,2.43,2.91,-0.51062,6659273.0,3398822.0,193.66,-0.16000000000000014,0.31000000000000005,2.48,2.3520143949639083,0.09999999999999964,9.5,1.5645681916682481,1.8748401658295704,-0.657686915485948,-0.5962640923563705,inflation shock,0
2025-07-18,4.3,4.5,4.44,0.56,0.04,2.5,2.41,2.93,-0.51569,6659273.0,3398822.0,199.298,-0.20000000000000018,0.30000000000000004,2.455,2.3520143949639083,0.09999999999999964,9.5,1.4411089383562399,1.527198429006464,-0.9518754108826367,-0.5819991633012875,inflation shock,0
2025-07-21,4.28,4.5,4.38,0.53,-0.03,2.49,2.4,2.89,-0.51569,6659273.0,3398822.0,213.666,-0.21999999999999975,0.25,2.4450000000000003,2.3520143949639083,0.09999999999999964,9.5,1.0432054125227364,1.3633259311364545,-1.1241171653103252,0.18254800223881484,inflation shock,0
2025-07-22,4.28,4.5,4.35,0.52,-0.06,2.47,2.39,2.9,-0.51569,6659273.0,3398822.0,196.374,-0.21999999999999975,0.23,2.43,2.3520143949639083,0.09999999999999964,9.5,0.859783744694746,1.176086414538501,-1.0853664232290823,0.39587186904505284,inflation shock,0
2025-07-23,4.28,4.5,4.4,0.52,-0.01,2.44,2.37,2.83,-0.51569,6657715.0,3362277.0,189.632,-0.21999999999999975,0.255,2.4050000000000002,2.3520143949639083,0.09999999999999964,9.5,0.9984903370773134,0.9027630921063461,-1.1745374322317668,1.3513376018529477,inflation shock,0
2025-07-24,4.3,4.5,4.43,0.52,0.01,2.5,2.45,2.82,-0.51569,6657715.0,3362277.0,132.186,-0.20000000000000018,0.265,2.475,2.3520143949639083,0.09999999999999964,9.5,1.0304397160657663,1.5207882496854257,-1.0208151728330987,1.341974559627763,inflation shock,0
2025-07-25,4.36,4.5,4.4,0.49,-0.02,2.47,2.44,2.84,-0.51992,6657715.0,3362277.0,150.509,-0.13999999999999968,0.235,2.455,2.3520143949639083,0.09999999999999964,9.5,0.7814041078353705,1.2763265130593207,-0.5376698770936275,1.0079944284000792,inflation shock,0
2025-07-28,4.36,4.5,4.42,0.51,0.02,2.47,2.44,2.82,-0.51992,6657715.0,3362277.0,170.463,-0.13999999999999968,0.265,2.455,2.3520143949639083,0.09999999999999964,9.5,0.9657330951574105,1.226544790697474,-0.5608198566850245,1.198349866436495,inflation shock,0
2025-07-29,4.36,4.5,4.34,0.48,-0.06,2.48,2.43,2.86,-0.51992,6657715.0,3362277.0,171.018,-0.13999999999999968,0.21,2.455,1.946555600960087,0.0,9.5,0.8572688874793895,0.6054483298806435,-0.49588552206500913,1.1880258365239778,stable carry,2
2025-07-30,4.32,4.5,4.38,0.44,-0.03,2.48,2.42,2.89,-0.51992,6642578.0,3347414.0,155.481,-0.17999999999999972,0.20500000000000002,2.45,1.946555600960087,0.0,9.5,0.765038389685964,0.5340563613295704,-0.7547102189467231,1.5419515273718687,stable carry,2
2025-07-31,4.39,4.5,4.37,0.43,-0.04,2.46,2.39,2.86,-0.51992,6642578.0,3347414.0,214.445,-0.11000000000000032,0.195,2.425,1.946555600960087,0.0,9.5,0.6555050066485546,0.2943394212328526,-0.2815248901063295,1.1273683202719493,stable carry,2
2025-08-01,4.34,4.5,4.23,0.54,-0.12,2.38,2.33,3.13,-0.52273,6642578.0,3347414.0,97.426,-0.16000000000000014,0.21000000000000002,2.355,3.3741661070110673,0.0,6.0,0.6447380049204267,1.5212707303115265,-0.1426310941311191,1.431844562280146,inflation shock,0
2025-08-04,4.33,4.5,4.22,0.53,-0.13,2.41,2.37,3.02,-0.52273,6642578.0,3347414.0,125.73,-0.16999999999999993,0.2,2.39,3.3741661070110673,0.0,6.0,0.5451454039154565,1.6772613486402022,-0.4414655515375632,1.2204952779129712,inflation shock,0
2025-08-05,4.34,4.5,4.22,0.5,-0.12,2.41,2.36,2.98,-0.52273,6642578.0,3347414.0,84.356,-0.16000000000000014,0.19,2.385,3.3741661070110673,0.0,6.0,0.4541285276521109,1.5089955210922923,-0.4416627909601481,1.3516152717440022,inflation shock,0
2025-08-06,4.34,4.5,4.22,0.53,-0.1,2.4,2.34,2.98,-0.52273,6640843.0,3332492.0,91.966,-0.16000000000000014,0.21500000000000002,2.37,3.3741661070110673,0.0,6.0,0.6012156618140417,1.2825719066875287,-0.4376727864341529,1.1824163393153329,inflation shock,0
2025-08-07,4.35,4.5,4.23,0.51,-0.09,2.41,2.35,2.95,-0.52273,6640843.0,3332492.0,77.961,-0.15000000000000036,0.21000000000000002,2.38,3.3741661070110673,0.0,6.0,0.5437130165910922,1.2912923428709364,-0.4170919776066593,1.1597471047673305,inflation shock,0
2025-08-08,4.35,4.5,4.27,0.51,-0.05,2.46,2.39,2.94,-0.52445,6640843.0,3332492.0,80.303,-0.15000000000000036,0.23,2.425,3.3741661070110673,0.0,6.0,0.6553169603447967,1.6178669822925276,-0.4495241950974134,1.1182625998870834,inflation shock,0
2025-08-11,4.34,4.5,4.27,0.51,-0.07,2.46,2.4,2.94,-0.52445,6640843.0,3332492.0,82.214,-0.16000000000000014,0.22,2.4299999999999997,3.3741661070110673,0.0,6.0,0.564964646316148,1.5921338961465104,-0.5151915776045243,1.0935712885368838,inflation shock,0
2025-08-12,4.36,4.5,4.29,0.57,-0.04,2.43,2.38,2.93,-0.52445,6640843.0,3332492.0,57.492,-0.13999999999999968,0.26499999999999996,2.4050000000000002,3.3741661070110673,0.0,6.0,0.8558114705788845,1.3121822436160526,-0.3751367363655027,1.1323311923895252,inflation shock,0
2025-08-13,4.33,4.5,4.24,0.57,-0.05,2.42,2.37,2.9,-0.52445,6643615.0,3320050.0,57.202,-0.16999999999999993,0.25999999999999995,2.395,3.3741661070110673,0.0,6.0,0.8246436225491554,1.1747268513033662,-0.664370287445647,1.0264658005905234,inflation shock,0
2025-08-14,4.34,4.5,4.29,0.55,-0.01,2.43,2.39,2.89,-0.52445,6643615.0,3320050.0,28.818,-0.16000000000000014,0.27,2.41,3.3741661070110673,0.0,6.0,0.9019669843353716,1.2586164710848577,-0.6016369034976358,1.041055181368856,inflation shock,0
2025-08-15,4.36,4.5,4.33,0.58,0.03,2.42,2.38,2.88,-0.527,6643615.0,3320050.0,33.757,-0.13999999999999968,0.305,2.4,3.3741661070110673,0.0,6.0,1.1793502555519875,1.125247562865767,-0.49351653790512556,1.016628945022397,inflation shock,0
2025-08-18,4.34,4.5,4.34,0.57,0.01,2.42,2.38,2.88,-0.527,6643615.0,3320050.0,38.24,-0.16000000000000014,0.29,2.4,3.3741661070110673,0.0,6.0,1.0501429422947093,1.083536257261632,-0.6549424938463542,0.9997234744792619,inflation shock,0
2025-08-19,4.33,4.5,4.3,0.55,0.0,2.39,2.35,2.9,-0.527,6643615.0,3320050.0,22.344,-0.16999999999999993,0.275,2.37,3.3741661070110673,0.0,6.0,0.9052883255847396,0.7860789076512172,-0.6769225897872033,0.9880336088720417,inflation shock,0
2025-08-20,4.31,4.5,4.29,0.55,-0.01,2.4,2.35,2.94,-0.527,6618415.0,3317292.0,34.999,-0.1900000000000004,0.27,2.375,3.3741661070110673,0.0,6.0,0.855104721883872,0.7964027838927169,-0.7290238988415979,0.6907099585266642,inflation shock,0
2025-08-21,4.32,4.5,4.33,0.54,0.01,2.44,2.39,2.95,-0.527,6618415.0,3317292.0,25.358,-0.17999999999999972,0.275,2.415,3.3741661070110673,0.0,6.0,0.8843501215321732,1.1083910332558833,-0.6033058820588242,0.6942676241835034,inflation shock,0
2025-08-22,4.36,4.5,4.26,0.58,-0.01,2.48,2.41,2.88,-0.52822,6618415.0,3317292.0,36.275,-0.13999999999999968,0.285,2.4450000000000003,3.3741661070110673,0.0,6.0,0.954744185114451,1.3240496878614518,-0.4535206579154412,0.62273557201189,inflation shock,0
2025-08-25,4.37,4.5,4.28,0.55,-0.01,2.49,2.41,2.8,-0.52822,6618415.0,3317292.0,47.567,-0.1299999999999999,0.27,2.45,3.3741661070110673,0.0,6.0,0.7999193036412686,1.3193746211655357,-0.5744652493981232,0.5615909995390764,inflation shock,0
2025-08-26,4.38,4.5,4.26,0.65,-0.02,2.5,2.42,2.78,-0.52822,6618415.0,3317292.0,28.574,-0.1200000000000001,0.315,2.46,3.3741661070110673,0.0,6.0,1.1590199075142535,1.3538416643960085,-0.5347526961995693,0.5773317744193508,inflation shock,0
2025-08-27,4.36,4.5,4.24,0.65,-0.02,2.5,2.43,2.78,-0.52822,6603384.0,3224967.0,34.744,-0.13999999999999968,0.315,2.465,3.3741661070110673,0.0,6.0,1.1078969736715294,1.3457430325905424,-0.6913200525436015,0.31311875305957154,inflation shock,0
2025-08-28,4.34,4.5,4.22,0.6,-0.04,2.49,2.41,2.75,-0.52822,6603384.0,3224967.0,31.966,-0.16000000000000014,0.27999999999999997,2.45,3.3741661070110673,0.0,6.0,0.7813149996837444,1.1808708717101197,-0.925795302501379,0.295799975326067,inflation shock,0
2025-08-29,4.34,4.5,4.23,0.64,0.0,2.47,2.41,2.82,-0.52923,6603384.0,3224967.0,77.898,-0.16000000000000014,0.32,2.4400000000000004,3.3741661070110673,0.0,6.0,1.078512562853895,1.061093070599594,-0.7281008380646647,0.2530199585234683,inflation shock,0
2025-09-01,4.34,4.5,4.23,0.64,0.0,2.47,2.41,2.84,-0.52923,6603384.0,3224967.0,77.898,-0.16000000000000014,0.32,2.4400000000000004,4.599765782029186,0.10000000000000053,2.8999999999999986,0.6600713823484186,1.812256887101799,-0.6581937795844474,0.09354881979597564,inflation shock,0
2025-09-02,4.39,4.5,4.28,0.62,0.08,2.48,2.41,2.92,-0.52923,6603384.0,3224967.0,21.066,-0.11000000000000032,0.35,2.4450000000000003,4.599765782029186,0.10000000000000053,2.8999999999999986,0.8241647213277344,1.740989604659507,0.007209193975903065,0.2606854068747883,inflation shock,0
2025-09-03,4.39,4.5,4.22,0.61,0.04,2.46,2.4,2.88,-0.52923,6602071.0,3181701.0,17.923,-0.11000000000000032,0.325,2.4299999999999997,4.599765782029186,0.10000000000000053,2.8999999999999986,0.585611818963449,1.5209571451073811,-0.10982376543284748,-0.0419108920090839,inflation shock,0
2025-09-04,4.41,4.5,4.17,0.58,0.01,2.44,2.38,2.84,-0.52923,6602071.0,3181701.0,20.128,-0.08999999999999986,0.295,2.41,4.599765782029186,0.10000000000000053,2.8999999999999986,0.32899882925065776,1.2653810613391412,-0.06675256265401679,-0.07084851366719376,inflation shock,0
2025-09-05,4.42,4.5,4.1,0.59,0.03,2.42,2.37,2.83,-0.52942,6602071.0,3181701.0,20.997,-0.08000000000000007,0.31,2.395,4.599765782029186,0.10000000000000053,2.8999999999999986,0.40177915228337163,1.0562834489170931,-0.029332575989077386,-0.09395825338408177,inflation shock,0
2025-09-08,4.4,4.5,4.05,0.56,-0.05,2.41,2.35,2.84,-0.52942,6602071.0,3181701.0,19.416,-0.09999999999999964,0.255,2.38,4.599765782029186,0.10000000000000053,2.8999999999999986,-0.03558236942454167,0.8518449793481437,-0.16811670643423451,-0.10367841804674176,inflation shock,0
2025-09-09,4.4,4.5,4.08,0.54,-0.02,2.43,2.36,2.87,-0.52942,6602071.0,3181701.0,22.915,-0.09999999999999964,0.26,2.395,4.599765782029186,0.10000000000000053,2.8999999999999986,-0.03305671085670948,0.9338846528035538,-0.07077110479842046,-0.13708775847364962,inflation shock,0
2025-09-10,4.39,4.5,4.04,0.5,-0.05,2.41,2.35,2.84,-0.52942,6605962.0,3160774.0,29.4,-0.11000000000000032,0.225,2.38,4.599765782029186,0.10000000000000053,2.8999999999999986,-0.3346353175001882,0.7399753765810086,-0.25736457234364735,-0.5734331453880358,stable carry,2
2025-09-11,4.41,4.5,4.01,0.49,-0.07,2.41,2.34,2.78,-0.52942,6605962.0,3160774.0,26.897,-0.08999999999999986,0.21,2.375,4.599765782029186,0.10000000000000053,2.8999999999999986,-0.4890348341941852,0.6442923659935033,-0.31789457093936435,-0.5559895687446055,stable carry,2
2025-09-12,4.42,4.5,4.06,0.5,-0.02,2.42,2.36,2.79,-0.52959,6605962.0,3160774.0,17.331,-0.08000000000000007,0.24,2.3899999999999997,4.599765782029186,0.10000000000000053,2.8999999999999986,-0.3053459037806279,0.7463827027298807,-0.21021598154844737,-0.5195973828387297,stable carry,2
2025-09-15,4.51,4.5,4.05,0.51,-0.01,2.41,2.37,2.75,-0.52959,6605962.0,3160774.0,16.954,0.009999999999999787,0.25,2.39,4.599765782029186,0.10000000000000053,2.8999999999999986,-0.28705228442692693,0.6990995933698502,0.24829082026366564,-0.5131952684253188,stable carry,2
2025-09-16,4.39,4.5,4.04,0.53,0.0,2.42,2.37,2.79,-0.52959,6605962.0,3160774.0,18.817,-0.11000000000000032,0.265,2.395,4.599765782029186,0.10000000000000053,2.8999999999999986,-0.24976516629967285,0.699400489921254,-0.4989300318083405,-0.49881430267883364,stable carry,2
2025-09-17,4.38,4.5,4.06,0.54,0.04,2.43,2.38,2.79,-0.52959,6608597.0,3073355.0,13.963,-0.1200000000000001,0.29000000000000004,2.4050000000000002,4.599765782029186,0.10000000000000053,2.8999999999999986,-0.17802006101776904,0.7540874228748848,-0.5642259230590823,-0.8196387153737646,inflation shock,0
2025-09-18,4.14,4.25,4.11,0.54,0.08,2.44,2.38,2.71,-0.52959,6608597.0,3073355.0,13.707,-0.11000000000000032,0.31,2.41,4.599765782029186,0.10000000000000053,2.8999999999999986,-0.27186683431634634,0.7628428413323148,-0.7964477930973225,-0.808740308944004,inflation shock,0
2025-09-19,4.14,4.25,4.14,0.57,0.11,2.43,2.39,2.72,-0.52818,6608597.0,3073355.0,11.363,-0.11000000000000032,0.33999999999999997,2.41,4.599765782029186,0.10000000000000053,2.8999999999999986,-0.09316571270640783,0.7426822819362212,-0.6752124828627996,-0.8142676049010223,stable carry,2
2025-09-22,4.14,4.25,4.15,0.54,0.15,2.42,2.37,2.69,-0.52818,6608597.0,3073355.0,14.173,-0.11000000000000032,0.34500000000000003,2.395,4.599765782029186,0.10000000000000053,2.8999999999999986,-0.09860792839235392,0.5333702832483541,-0.7327987326834199,-0.8253578743449029,stable carry,2
2025-09-23,4.12,4.25,4.12,0.59,0.12,2.42,2.37,2.71,-0.52818,6608597.0,3073355.0,14.402,-0.1299999999999999,0.355,2.395,4.599765782029186,0.10000000000000053,2.8999999999999986,-0.032273857065794775,0.475267852526182,-0.7591867832668777,-0.8421160904743354,stable carry,2
2025-09-24,4.13,4.25,4.16,0.59,0.14,2.42,2.38,2.7,-0.52818,6608395.0,3002218.0,29.172,-0.1200000000000001,0.365,2.4,4.599765782029186,0.10000000000000053,2.8999999999999986,0.017995873187154048,0.49357342466073295,-0.6737510366251703,1.10630439800892,stable carry,2
2025-09-25,4.18,4.25,4.18,0.54,0.14,2.42,2.38,2.76,-0.52818,6608395.0,3002218.0,25.369,-0.07000000000000028,0.34,2.4,4.599765782029186,0.10000000000000053,2.8999999999999986,-0.16617937682251124,0.4537322750296017,-0.04402337847051744,0.9270195899343959,stable carry,2
2025-09-26,4.16,4.25,4.2,0.57,0.18,2.42,2.38,2.75,-0.52681,6608395.0,3002218.0,48.073,-0.08999999999999986,0.375,2.4,2.602550096399847,0.10000000000000053,-6.600000000000001,-0.8831933308250638,-0.6289366130424883,-0.1864534169904836,0.7716442981345533,growth scare,1
2025-09-29,4.13,4.25,4.15,0.52,0.11,2.41,2.35,2.74,-0.52681,6608395.0,3002218.0,56.22,-0.1200000000000001,0.315,2.38,2.602550096399847,0.10000000000000053,-6.600000000000001,-1.1499102252818674,-0.9490763458492849,-0.44814542919777517,0.6948524705029332,growth scare,1
2025-09-30,4.24,4.25,4.16,0.56,0.14,2.42,2.36,2.8,-0.52681,6608395.0,3002218.0,49.071,-0.009999999999999787,0.35000000000000003,2.3899999999999997,2.602550096399847,0.10000000000000053,-6.600000000000001,-0.8079176605362147,-0.8056108149794595,0.5785612223279119,0.5928589228823766,growth scare,1
2025-10-01,4.2,4.25,4.12,0.57,0.11,2.39,2.35,2.81,-0.52681,6587119.0,2966094.0,10.179,-0.04999999999999982,0.33999999999999997,2.37,2.602550096399847,0.10000000000000053,-8.100000000000001,-0.8999163839599703,-1.140657571279514,0.30105979946226613,-0.47453459305459544,growth scare,1
2025-10-02,4.2,4.25,4.1,0.55,0.08,2.37,2.34,2.81,-0.52681,6587119.0,2966094.0,8.436,-0.04999999999999982,0.315,2.355,2.602550096399847,0.10000000000000053,-8.100000000000001,-0.9877565944534669,-1.3750085346751375,0.28770775241782215,-0.46300253237207684,growth scare,1
2025-10-03,4.18,4.25,4.13,0.55,0.1,2.38,2.33,2.8,-0.5249,6587119.0,2966094.0,25.392,-0.07000000000000028,0.325,2.355,2.602550096399847,0.10000000000000053,-8.100000000000001,-0.8516659936823419,-1.3411851881628516,0.22129579446805958,-0.4843488708722532,growth scare,1
2025-10-06,4.15,4.25,4.18,0.58,0.16,2.38,2.34,2.76,-0.5249,6587119.0,2966094.0,21.776,-0.09999999999999964,0.37,2.36,2.602550096399847,0.10000000000000053,-8.100000000000001,-0.5076094854251345,-1.2359426572348564,-0.12589449322370427,-0.4680564152232199,growth scare,1
2025-10-07,4.14,4.25,4.14,0.57,0.13,2.39,2.35,2.82,-0.5249,6587119.0,2966094.0,4.622,-0.11000000000000032,0.35,2.37,2.602550096399847,0.10000000000000053,-8.100000000000001,-0.5996493722597656,-1.0672331869331169,0.04979730266626912,-0.42705345834203995,growth scare,1
2025-10-08,4.12,4.25,4.13,0.55,0.12,2.39,2.35,2.84,-0.5249,6590815.0,2998471.0,5.231,-0.1299999999999999,0.335,2.37,2.602550096399847,0.10000000000000053,-8.100000000000001,-0.6588711970904443,-1.051966524111276,0.00803868110314581,-0.4235583915568715,growth scare,1
2025-10-09,4.13,4.25,4.14,0.54,0.11,2.39,2.34,2.95,-0.5249,6590815.0,2998471.0,4.496,-0.1200000000000001,0.325,2.365,2.602550096399847,0.10000000000000053,-8.100000000000001,-0.6885729332058746,-1.1204679051241628,0.5227693689213027,-0.3943238951437384,growth scare,1
2025-10-10,4.15,4.25,4.05,0.53,0.03,2.35,2.3,3.18,-0.52201,6590815.0,2998471.0,4.124,-0.09999999999999964,0.28,2.325,2.602550096399847,0.10000000000000053,-8.100000000000001,-0.9480378679215461,-1.6731982466450575,1.661615413667166,-0.3375873129749,funding stress,3
2025-10-13,4.15,4.25,4.05,0.53,0.03,2.35,2.3,3.18,-0.52201,6590815.0,2998471.0,4.124,-0.09999999999999964,0.28,2.325,2.602550096399847,0.10000000000000053,-8.100000000000001,-0.9206222031675789,-1.6093374691168072,1.5636321920051746,-0.311156036836525,funding stress,3
2025-10-14,4.19,4.25,4.03,0.55,0.01,2.33,2.3,3.11,-0.52201,6590815.0,2998471.0,3.516,-0.05999999999999961,0.28,2.315,2.602550096399847,0.10000000000000053,-8.100000000000001,-0.8986166397072347,-1.6753141762005126,1.612517485506906,-0.2948200462563042,funding stress,3
2025-10-15,4.29,4.25,4.05,0.55,0.02,2.33,2.29,2.95,-0.52201,6596454.0,3019028.0,5.484,0.040000000000000036,0.28500000000000003,2.31,2.602550096399847,0.10000000000000053,-8.100000000000001,-0.8434266773866615,-1.6668251365966757,1.80523991246234,0.19390825444736404,funding stress,3
2025-10-16,4.3,4.25,3.99,0.58,-0.03,2.29,2.28,3.04,-0.52201,6596454.0,3019028.0,6.96,0.04999999999999982,0.27499999999999997,2.285,2.602550096399847,0.10000000000000053,-8.100000000000001,-0.8885308213092226,-1.9049398026953324,2.052500821135552,0.183423360217465,funding stress,3
2025-10-17,4.18,4.25,4.02,0.56,0.02,2.29,2.27,3.04,-0.51758,6596454.0,3019028.0,4.102,-0.07000000000000028,0.29000000000000004,2.2800000000000002,2.602550096399847,0.10000000000000053,-8.100000000000001,-0.7728592589711898,-1.866890179997299,1.671183171978856,0.2119225331017164,funding stress,3
2025-10-20,4.16,4.25,4.0,0.54,0.03,2.28,2.26,2.99,-0.51758,6596454.0,3019028.0,5.931,-0.08999999999999986,0.28500000000000003,2.2699999999999996,2.602550096399847,0.10000000000000053,-8.100000000000001,-0.7894264036195967,-1.8836171520785931,1.3486880075891117,0.206204025015284,funding stress,3
2025-10-21,4.23,4.25,3.98,0.53,0.02,2.3,2.28,2.97,-0.51758,6596454.0,3019028.0,4.699,-0.019999999999999574,0.275,2.29,2.602550096399847,0.10000000000000053,-8.100000000000001,-0.8386034689840894,-1.611758589359435,1.6939307694093895,0.21358169259252593,funding stress,3
2025-10-22,4.21,4.25,3.97,0.52,0.01,2.32,2.29,3.01,-0.51758,6589533.0,2933037.0,4.005,-0.040000000000000036,0.265,2.3049999999999997,2.602550096399847,0.10000000000000053,-8.100000000000001,-0.8922120450263611,-1.4232047175864597,1.6309335543288175,-0.2181486727340093,funding stress,3
2025-10-23,4.24,4.25,4.01,0.53,0.06,2.42,2.3,2.96,-0.51758,6589533.0,2933037.0,6.941,-0.009999999999999787,0.29500000000000004,2.36,2.602550096399847,0.10000000000000053,-8.100000000000001,-0.6662479890553458,-0.8188987824469695,1.6257290252645895,-0.22624732884942186,funding stress,3
2025-10-24,4.24,4.25,4.02,0.54,0.09,2.4,2.29,2.88,-0.5138,6589533.0,2933037.0,2.435,-0.009999999999999787,0.315,2.3449999999999998,2.602550096399847,0.10000000000000053,-8.100000000000001,-0.5030357102801281,-0.9699357202003543,1.6379385560253104,-0.15683909093765447,funding stress,3
2025-10-27,4.27,4.25,4.01,0.53,0.12,2.37,2.28,2.8,-0.5138,6589533.0,2933037.0,10.642,0.019999999999999574,0.325,2.325,2.602550096399847,0.10000000000000053,-8.100000000000001,-0.411361711523438,-1.1587824374080933,1.471240608590038,-0.21190261749555864,funding stress,3
2025-10-28,4.31,4.25,3.99,0.52,0.1,2.36,2.28,2.82,-0.5138,6589533.0,2933037.0,14.096,0.05999999999999961,0.31,2.32,2.602550096399847,0.10000000000000053,-8.100000000000001,-0.512837040115966,-1.1789986130737096,1.636725024978837,-0.24468853488569905,funding stress,3
2025-10-29,4.27,4.25,4.08,0.49,0.15,2.37,2.3,2.76,-0.5138,6587034.0,2848021.0,19.504,0.019999999999999574,0.32,2.335,1.1855957065224132,0.10000000000000053,-4.600000000000001,-0.23388285439187084,-1.7525719035653562,1.1527806225692956,0.3085022069599065,funding stress,3
2025-10-30,4.04,4.0,4.11,0.5,0.19,2.38,2.29,2.85,-0.5138,6587034.0,2848021.0,19.166,0.040000000000000036,0.345,2.335,1.1855957065224132,0.10000000000000053,-4.600000000000001,-0.015045153313394436,-1.6594243985759045,1.4507235137024275,0.35481287878676815,funding stress,3
2025-10-31,4.22,4.0,4.11,0.51,0.22,2.4,2.3,2.94,-0.50989,6587034.0,2848021.0,51.802,0.21999999999999975,0.365,2.3499999999999996,1.1855957065224132,0.10000000000000053,-4.600000000000001,0.15657566824782762,-1.418400883699043,2.5784408785563504,-0.8189109986658109,funding stress,3
2025-11-03,4.13,4.0,4.13,0.53,0.15,2.41,2.31,3.04,-0.50989,6587034.0,2848021.0,23.792,0.1299999999999999,0.34,2.3600000000000003,1.1855957065224132,0.10000000000000053,-4.600000000000001,-0.050260665144713466,-1.2401638816353797,2.3104812436939484,0.017180807518338632,funding stress,3
2025-11-04,4.0,4.0,4.1,0.52,0.14,2.38,2.29,3.13,-0.50989,6587034.0,2848021.0,16.983,0.0,0.33,2.335,1.1855957065224132,0.10000000000000053,-4.600000000000001,-0.13144838932908573,-1.4416529409441632,1.9081974654787148,-0.05551578746876096,funding stress,3
2025-11-05,3.91,4.0,4.17,0.54,0.21,2.39,2.3,3.05,-0.50989,6572732.0,2862569.0,12.814,-0.08999999999999986,0.375,2.3449999999999998,1.1855957065224132,0.10000000000000053,-4.600000000000001,0.2606880322627257,-1.2766698522463389,1.2217297432680176,-0.5059440437915258,funding stress,3
2025-11-06,3.92,4.0,4.11,0.54,0.18,2.37,2.28,3.13,-0.50989,6572732.0,2862569.0,10.754,-0.08000000000000007,0.36,2.325,1.1855957065224132,0.10000000000000053,-4.600000000000001,0.12796617814819156,-1.4298702440280504,1.3996145003422455,-0.49942531530464324,funding stress,3
2025-11-07,3.93,4.0,4.11,0.56,0.19,2.36,2.28,3.15,-0.50681,6572732.0,2862569.0,4.903,-0.06999999999999984,0.375,2.32,1.1855957065224132,0.10000000000000053,-4.600000000000001,0.2510398786275503,-1.4249709873510779,1.5478070605889294,-0.25914934872573253,funding stress,3
2025-11-10,3.95,4.0,4.13,0.55,0.18,2.38,2.29,3.02,-0.50681,6572732.0,2862569.0,7.152,-0.04999999999999982,0.365,2.335,1.1855957065224132,0.10000000000000053,-4.600000000000001,0.1653277750194011,-1.2181311205656553,1.2297716490508834,-0.3397506129539803,funding stress,3
2025-11-11,3.95,4.0,4.13,0.55,0.18,2.38,2.29,3.02,-0.50681,6572732.0,2862569.0,7.152,-0.04999999999999982,0.365,2.335,1.1855957065224132,0.10000000000000053,-4.600000000000001,0.1660186296567372,-1.1769530541172692,1.1684513617499246,-0.45434095560061927,funding stress,3
2025-11-12,3.98,4.0,4.08,0.52,0.13,2.37,2.27,3.02,-0.50681,6580462.0,2855030.0,5.886,-0.020000000000000018,0.325,2.3200000000000003,1.1855957065224132,0.10000000000000053,-4.600000000000001,-0.15548227153916305,-1.2889627083448056,1.2487020128586297,-0.1109685390637396,funding stress,3
2025-11-13,4.0,4.0,4.11,0.53,0.15,2.37,2.28,3.09,-0.50681,6580462.0,2855030.0,3.761,0.0,0.34,2.325,1.1855957065224132,0.10000000000000053,-4.600000000000001,-0.019800178793869323,-1.1929603058067149,1.4563963432670703,-0.1984900550318497,funding stress,3
2025-11-14,3.95,4.0,4.14,0.52,0.19,2.38,2.28,3.07,-0.50587,6580462.0,2855030.0,1.559,-0.04999999999999982,0.355,2.33,1.1855957065224132,0.10000000000000053,-4.600000000000001,0.1139284126146259,-1.1008577775075192,1.1588272567083593,0.06271141682450328,funding stress,3
2025-11-17,4.0,4.0,4.13,0.53,0.16,2.37,2.28,3.13,-0.50587,6580462.0,2855030.0,3.172,0.0,0.34500000000000003,2.325,1.1855957065224132,0.10000000000000053,-4.600000000000001,0.041109092694993354,-1.1154319865920608,1.4715181449567327,-0.06512291270899952,funding stress,3
2025-11-18,3.94,4.0,4.12,0.54,0.18,2.36,2.27,3.2,-0.50587,6580462.0,2855030.0,0.905,-0.06000000000000005,0.36,2.315,1.1855957065224132,0.10000000000000053,-4.600000000000001,0.17868357261976828,-1.188080421914656,1.2846320961580318,0.06510394387914738,funding stress,3
2025-11-19,3.91,4.0,4.13,0.55,0.18,2.36,2.27,3.17,-0.50587,6555283.0,2888643.0,1.129,-0.08999999999999986,0.365,2.315,1.1855957065224132,0.10000000000000053,-4.600000000000001,0.23211274264648632,-1.1569389834600887,1.0149570861534964,0.16272097161297167,funding stress,3
2025-11-20,3.91,4.0,4.1,0.55,0.16,2.34,2.24,3.17,-0.50587,6555283.0,2888643.0,6.52,-0.08999999999999986,0.35500000000000004,2.29,1.1855957065224132,0.10000000000000053,-4.600000000000001,0.16720099378885203,-1.4056436738094265,0.9583567344485062,-0.574140097173427,funding stress,3
2025-11-21,3.93,4.0,4.06,0.55,0.16,2.32,2.24,3.19,-0.50666,6555283.0,2888643.0,2.503,-0.06999999999999984,0.35500000000000004,2.2800000000000002,1.1855957065224132,0.10000000000000053,-4.600000000000001,0.3197457619176005,-1.4763847541187316,1.0138145039559745,0.037380806248803355,funding stress,3
2025-11-24,3.96,4.0,4.04,0.58,0.13,2.3,2.23,3.15,-0.50666,6555283.0,2888643.0,1.077,-0.040000000000000036,0.355,2.2649999999999997,1.1855957065224132,0.10000000000000053,-4.600000000000001,0.3216096767305889,-1.5983899620620652,1.0294906089767373,0.22555587846217484,funding stress,3
2025-11-25,4.01,4.0,4.01,0.58,0.11,2.27,2.22,3.1,-0.50666,6555283.0,2888643.0,2.314,0.009999999999999787,0.345,2.245,1.1855957065224132,0.10000000000000053,-4.600000000000001,0.2131323854744427,-1.7646890312604016,1.1363427121603868,-0.023560890052686134,funding stress,3
2025-11-26,4.05,4.0,4.0,0.55,0.08,2.29,2.23,3.0,-0.50666,6552419.0,2896586.0,2.217,0.04999999999999982,0.315,2.26,1.1855957065224132,0.10000000000000053,-4.600000000000001,-0.13896675720297527,-1.5366408128996,1.0858915905627213,0.9545582638042105,funding stress,3
2025-11-27,4.05,4.0,4.0,0.55,0.08,2.29,2.23,3.0,-0.50666,6552419.0,2896586.0,2.217,0.04999999999999982,0.315,2.26,0.0,0.0,-1.5,2.689194220584911,-1.8970061701977161,1.0467115831234832,0.9015513068064536,funding stress,3
2025-11-28,4.12,4.0,4.02,0.55,0.14,2.29,2.23,2.95,-0.51004,6552419.0,2896586.0,7.561,0.1200000000000001,0.34500000000000003,2.26,0.0,0.0,-1.5,2.179617348682005,-1.8186199005556418,1.093589748156391,0.7639167982831788,funding stress,3
2025-12-01,4.12,4.0,4.09,0.55,0.28,2.31,2.24,2.94,-0.51004,6552419.0,2896586.0,3.24,0.1200000000000001,0.41500000000000004,2.2750000000000004,2.2215431881770886,0.0,-2.200000000000003,2.3281120624251153,-0.7983835839378974,1.0150107754783515,0.9826280388921189,funding stress,3
2025-12-02,4.01,4.0,4.09,0.58,0.32,2.3,2.24,2.92,-0.51004,6552419.0,2896586.0,5.62,0.009999999999999787,0.44999999999999996,2.27,2.2215431881770886,0.0,-2.200000000000003,2.3377819745188253,-0.8132914480696058,0.45917296103739824,0.06947045909184135,stable carry,2
2025-12-03,3.95,4.0,4.06,0.57,0.34,2.29,2.24,2.89,-0.51004,6535781.0,2858284.0,2.514,-0.04999999999999982,0.45499999999999996,2.265,2.2215431881770886,0.0,-2.200000000000003,2.1958352467358067,-0.8237798435147312,0.10901235073594288,-0.12749917330190644,stable carry,2
2025-12-04,3.92,4.0,4.11,0.59,0.4,2.33,2.26,2.88,-0.51004,6535781.0,2858284.0,2.233,-0.08000000000000007,0.495,2.295,2.2215431881770886,0.0,-2.200000000000003,2.311368697939972,-0.4670619939069808,-0.06312221249749829,-0.003376747671878446,stable carry,2
2025-12-05,3.93,4.0,4.14,0.58,0.43,2.34,2.26,2.85,-0.51509,6535781.0,2858284.0,1.485,-0.06999999999999984,0.505,2.3,2.2215431881770886,0.0,-2.200000000000003,2.206173014056369,-0.3839942642502906,-0.2859180333112856,0.16684839973017787,stable carry,2
2025-12-08,3.95,4.0,4.17,0.6,0.44,2.32,2.26,2.89,-0.51509,6535781.0,2858284.0,1.703,-0.04999999999999982,0.52,2.29,2.2215431881770886,0.0,-2.200000000000003,2.1414221083678275,-0.4630790162743125,-0.11901688514180668,0.1053107941211291,stable carry,2
2025-12-09,3.93,4.0,4.18,0.57,0.45,2.32,2.26,2.89,-0.51509,6535781.0,2858284.0,3.211,-0.06999999999999984,0.51,2.29,2.2215431881770886,0.0,-2.200000000000003,1.9607372071191451,-0.4314226397567454,-0.2275100987353097,-0.09475273738681306,stable carry,2
2025-12-10,3.9,4.0,4.13,0.59,0.44,2.32,2.25,2.91,-0.51509,6539303.0,2932112.0,5.045,-0.10000000000000009,0.515,2.285,2.2215431881770886,0.0,-2.200000000000003,1.8842417063733254,-0.45511719207865947,-0.3382206319175803,0.21424432979404381,stable carry,2
2025-12-11,3.66,3.75,4.14,0.62,0.48,2.32,2.25,2.88,-0.51509,6539303.0,2932112.0,2.874,-0.08999999999999986,0.55,2.285,2.2215431881770886,0.0,-2.200000000000003,1.9522098896520939,-0.4223969483420595,-0.3800719767318686,0.44694418456009366,stable carry,2
2025-12-12,3.67,3.75,4.19,0.67,0.56,2.32,2.26,2.91,-0.52133,6539303.0,2932112.0,0.838,-0.08000000000000007,0.615,2.29,2.2215431881770886,0.0,-2.200000000000003,2.1035122465911953,-0.3296721399171384,-0.5512146715952042,0.651149651635253,stable carry,2
2025-12-15,3.75,3.75,4.18,0.67,0.53,2.29,2.25,2.91,-0.52133,6539303.0,2932112.0,2.601,0.0,0.6000000000000001,2.27,2.2215431881770886,0.0,-2.200000000000003,1.9258903639105833,-0.5290043878099998,-0.2069318303511427,0.20594397392771482,stable carry,2
2025-12-16,3.69,3.75,4.15,0.67,0.51,2.25,2.23,2.98,-0.52133,6539303.0,2932112.0,1.554,-0.06000000000000005,0.5900000000000001,2.24,2.2215431881770886,0.0,-2.200000000000003,1.8116182293474665,-0.8323013037941236,-0.3487564432457851,0.4641626714603744,stable carry,2
2025-12-17,3.69,3.75,4.16,0.67,0.52,2.26,2.24,2.99,-0.52133,6556861.0,2959044.0,10.361,-0.06000000000000005,0.595,2.25,2.2215431881770886,0.0,-2.200000000000003,1.7764863988078627,-0.6544214358906657,-0.3511993614858526,-0.2319955039383975,stable carry,2
2025-12-18,3.66,3.75,4.12,0.66,0.5,2.26,2.24,2.95,-0.52133,6556861.0,2959044.0,11.708,-0.08999999999999986,0.5800000000000001,2.25,2.2215431881770886,0.0,-2.200000000000003,1.693345864044814,-0.5923249374300169,-0.6147806504094309,-0.12591711589472845,stable carry,2
2025-12-19,3.66,3.75,4.16,0.68,0.54,2.27,2.24,2.9,-0.52987,6556861.0,2959044.0,3.047,-0.08999999999999986,0.6100000000000001,2.255,2.2215431881770886,0.0,-2.200000000000003,1.7099707089993899,-0.5110101639103064,-1.1405834356147573,1.0921811581202878,stable carry,2
2025-12-22,3.68,3.75,4.17,0.73,0.53,2.25,2.23,2.88,-0.52987,6556861.0,2959044.0,1.523,-0.06999999999999984,0.63,2.24,2.2215431881770886,0.0,-2.200000000000003,1.687317552898022,-0.6690081529772487,-1.104803281512018,1.3809476118933421,stable carry,2
2025-12-23,3.66,3.75,4.18,0.7,0.53,2.24,2.24,2.83,-0.52987,6556861.0,2959044.0,5.893,-0.08999999999999986,0.615,2.24,2.2215431881770886,0.0,-2.200000000000003,1.5647292887271405,-0.6424124236888166,-1.3224212347003255,0.69744848645971,stable carry,2
2025-12-24,3.66,3.75,4.15,0.68,0.46,2.24,2.24,2.84,-0.52987,6581231.0,2955581.0,4.803,-0.08999999999999986,0.5700000000000001,2.24,2.2215431881770886,0.0,-2.200000000000003,1.3713908434671902,-0.6083677630204356,-1.2836659158854793,2.2664944152768847,stable carry,2
2025-12-25,3.66,3.75,4.15,0.68,0.46,2.24,2.24,2.84,-0.52987,6581231.0,2955581.0,4.803,-0.08999999999999986,0.5700000000000001,2.24,2.2215431881770886,0.0,-2.200000000000003,1.321279092638431,-0.5716333450797919,-1.2726209644599817,1.9629758954404963,stable carry,2
2025-12-26,3.76,3.75,4.14,0.68,0.5,2.22,2.23,2.86,-0.54022,6581231.0,2955581.0,20.339,0.009999999999999787,0.5900000000000001,2.225,2.2215431881770886,0.0,-2.200000000000003,1.3294550660071363,-0.716895574300275,-1.1190995135309005,1.3081028200275084,stable carry,2
2025-12-29,3.77,3.75,4.12,0.67,0.44,2.23,2.22,2.87,-0.54022,6581231.0,2955581.0,10.551,0.020000000000000018,0.555,2.225,2.2215431881770886,0.0,-0.7000000000000028,1.3844041764196666,-0.6736310092232334,-0.9943614521036199,1.6506955231537104,stable carry,2
2025-12-30,3.71,3.75,4.14,0.69,0.49,2.25,2.24,2.84,-0.54022,6581231.0,2955581.0,12.605,-0.040000000000000036,0.59,2.245,2.2215431881770886,0.0,-0.7000000000000028,1.4317717862506514,-0.39749100136610516,-1.317479500487599,1.397626357156185,stable carry,2
2025-12-31,3.87,3.75,4.18,0.71,0.51,2.26,2.25,2.81,-0.54022,6640618.0,2957410.0,105.993,0.1200000000000001,0.61,2.255,2.2215431881770886,0.0,-0.7000000000000028,1.4339549167103607,-0.24970303375121078,-0.6077164223034783,0.24174214412400197,stable carry,2
2026-01-01,3.87,3.75,4.18,0.71,0.51,2.26,2.25,2.81,-0.54022,6640618.0,2957410.0,105.993,0.1200000000000001,0.61,2.255,2.9218873377149013,-0.10000000000000053,2.799999999999997,2.399703904728382,0.2672387909520633,-0.5822455803174215,0.338720815709926,stable carry,2
2026-01-02,3.75,3.75,4.19,0.72,0.54,2.28,2.25,2.83,-0.54947,6640618.0,2957410.0,5.667,0.0,0.63,2.2649999999999997,2.9218873377149013,-0.10000000000000053,2.799999999999997,2.298364996013641,0.4030414133695195,-1.2901138878896197,2.0447588209633714,stable carry,2
2026-01-05,3.7,3.75,4.17,0.71,0.53,2.29,2.26,2.81,-0.54947,6640618.0,2957410.0,6.485,-0.04999999999999982,0.62,2.275,2.9218873377149013,-0.10000000000000053,2.799999999999997,2.1412039502324376,0.5371405182747122,-1.4975751197588483,1.8385573497847638,stable carry,2
2026-01-06,3.66,3.75,4.18,0.71,0.55,2.3,2.27,2.79,-0.54947,6640618.0,2957410.0,2.582,-0.08999999999999986,0.63,2.285,2.9218873377149013,-0.10000000000000053,2.799999999999997,2.0540492604590086,0.6689249740516184,-1.6593073635192208,1.6506448633605872,stable carry,2
2026-01-07,3.65,3.75,4.15,0.68,0.53,2.3,2.27,2.79,-0.54947,6573602.0,2996379.0,4.582,-0.10000000000000009,0.605,2.285,2.9218873377149013,-0.10000000000000053,2.799999999999997,1.8913568251580835,0.6640147483965528,-1.6246770844046337,0.8638043430929571,stable carry,2
2026-01-08,3.64,3.75,4.19,0.7,0.57,2.31,2.27,2.76,-0.54947,6573602.0,2996379.0,3.083,-0.10999999999999988,0.635,2.29,2.9218873377149013,-0.10000000000000053,2.799999999999997,1.8817541576039138,0.7211504156044677,-1.6733207410235529,0.8598942155947569,stable carry,2
2026-01-09,3.64,3.75,4.18,0.64,0.56,2.32,2.28,2.74,-0.55795,6573602.0,2996379.0,3.28,-0.10999999999999988,0.6000000000000001,2.3,2.9218873377149013,-0.10000000000000053,2.799999999999997,1.7135453860649428,0.8435585587653214,-1.8297495816586695,0.8105473361201146,inflation shock,0
2026-01-12,3.64,3.75,4.19,0.65,0.52,2.36,2.29,2.74,-0.55795,6573602.0,2996379.0,3.402,-0.10999999999999988,0.585,2.325,2.9218873377149013,-0.10000000000000053,2.799999999999997,1.6067961891691347,1.1609734877298605,-1.741687913742447,0.776407031693919,inflation shock,0
2026-01-13,3.65,3.75,4.18,0.65,0.51,2.37,2.3,2.75,-0.55795,6573602.0,2996379.0,3.277,-0.10000000000000009,0.5800000000000001,2.335,2.9218873377149013,-0.10000000000000053,2.799999999999997,1.5330607646142065,1.270197003120062,-1.5890422760021554,0.731966165347837,inflation shock,0
2026-01-14,3.64,3.75,4.15,0.64,0.48,2.36,2.29,2.76,-0.55795,6581700.0,3049630.0,3.223,-0.10999999999999988,0.56,2.325,2.9218873377149013,-0.10000000000000053,2.799999999999997,1.4251011764693153,1.119466249765332,-1.5381776146082917,0.8451707020362019,inflation shock,0
2026-01-15,3.66,3.75,4.17,0.61,0.49,2.36,2.29,2.71,-0.55795,6581700.0,3049630.0,2.003,-0.08999999999999986,0.55,2.325,2.9218873377149013,-0.10000000000000053,2.799999999999997,1.3481424725587632,1.1287225085896855,-1.5049295263391311,0.8626134493171351,inflation shock,0
2026-01-16,3.65,3.75,4.24,0.65,0.57,2.39,2.33,2.65,-0.56332,6581700.0,3049630.0,1.222,-0.10000000000000009,0.61,2.3600000000000003,2.9218873377149013,-0.10000000000000053,2.799999999999997,1.465323702666849,1.5841971097059373,-1.7134531630569139,0.8319428262181239,inflation shock,0
2026-01-19,3.65,3.75,4.24,0.65,0.57,2.39,2.33,2.65,-0.56332,6581700.0,3049630.0,1.222,-0.10000000000000009,0.61,2.3600000000000003,2.9218873377149013,-0.10000000000000053,2.799999999999997,1.4200338664703718,1.5479099172339716,-1.6392124433815727,0.819052270292744,inflation shock,0
2026-01-20,3.64,3.75,4.3,0.7,0.6,2.4,2.33,2.73,-0.56332,6581700.0,3049630.0,3.506,-0.10999999999999988,0.6499999999999999,2.365,2.9218873377149013,-0.10000000000000053,2.799999999999997,1.4867211939238736,1.570841340568898,-1.43952457663077,0.7066636483186081,inflation shock,0
2026-01-21,3.63,3.75,4.26,0.66,0.56,2.42,2.34,2.69,-0.56332,6584580.0,2954903.0,3.344,-0.1200000000000001,0.6100000000000001,2.38,2.9218873377149013,-0.10000000000000053,2.799999999999997,1.3254376932009413,1.697688944560162,-1.5238264656554115,0.7488821542814662,inflation shock,0
2026-01-22,3.64,3.75,4.26,0.65,0.55,2.42,2.31,2.64,-0.56332,6584580.0,2954903.0,2.058,-0.10999999999999988,0.6000000000000001,2.365,2.9218873377149013,-0.10000000000000053,2.799999999999997,1.2511964508405198,1.468131872889117,-1.5283245969085695,0.8121475746313482,inflation shock,0
2026-01-23,3.65,3.75,4.24,0.64,0.54,2.46,2.32,2.68,-0.56606,6584580.0,2954903.0,0.927,-0.10000000000000009,0.5900000000000001,2.3899999999999997,2.9218873377149013,-0.10000000000000053,2.799999999999997,1.179905602457499,1.7119356598433755,-1.3928706107712072,0.7746179232248677,inflation shock,0
2026-01-26,3.66,3.75,4.22,0.66,0.55,2.45,2.32,2.69,-0.56606,6584580.0,2954903.0,1.489,-0.08999999999999986,0.605,2.385,2.9218873377149013,-0.10000000000000053,2.799999999999997,1.181404913948317,1.6091293643037603,-1.2693759302783338,0.7910855237615494,inflation shock,0
2026-01-27,3.66,3.75,4.24,0.71,0.57,2.47,2.34,2.71,-0.56606,6584580.0,2954903.0,1.253,-0.08999999999999986,0.6399999999999999,2.4050000000000002,2.9218873377149013,-0.10000000000000053,2.799999999999997,1.2410643054669341,1.7534124243253255,-1.1803044098623359,0.7775585352859489,inflation shock,0
2026-01-28,3.64,3.75,4.26,0.7,0.58,2.5,2.36,2.72,-0.56606,6587568.0,2901600.0,1.103,-0.10999999999999988,0.6399999999999999,2.4299999999999997,2.9218873377149013,-0.10000000000000053,2.799999999999997,1.2005799694191233,1.910971699509592,-1.2262027549917163,0.8734275396112089,inflation shock,0
2026-01-29,3.65,3.75,4.24,0.71,0.57,2.52,2.35,2.77,-0.56606,6587568.0,2901600.0,2.852,-0.10000000000000009,0.6399999999999999,2.435,2.9218873377149013,-0.10000000000000053,2.799999999999997,1.1624179514951172,1.8403594245326917,-1.0314890406577315,0.8337115244294583,inflation shock,0
2026-01-30,3.68,3.75,4.26,0.74,0.59,2.53,2.36,2.8,-0.56677,6587568.0,2901600.0,9.629,-0.06999999999999984,0.665,2.445,2.9218873377149013,-0.10000000000000053,2.799999999999997,1.1964617025962092,1.8149650329808424,-0.7882061092709312,0.8044174125013906,inflation shock,0
2026-02-02,3.69,3.75,4.29,0.72,0.6,2.52,2.35,2.81,-0.56677,6587568.0,2901600.0,10.415,-0.06000000000000005,0.6599999999999999,2.435,2.9218873377149013,-0.10000000000000053,2.799999999999997,1.1453223494551155,1.6367314627137237,-0.6860566392891588,0.7419804831819156,inflation shock,0
2026-02-03,3.69,3.75,4.28,0.71,0.59,2.53,2.36,2.85,-0.56677,6587568.0,2901600.0,1.785,-0.06000000000000005,0.6499999999999999,2.445,2.9218873377149013,-0.10000000000000053,2.799999999999997,1.0819807467334566,1.6358694589060967,-0.5709679236727648,0.7742905786353688,inflation shock,0
2026-02-04,3.65,3.75,4.29,0.72,0.6,2.51,2.35,2.86,-0.56677,6605909.0,2925170.0,2.414,-0.10000000000000009,0.6599999999999999,2.4299999999999997,2.9218873377149013,-0.10000000000000053,2.799999999999997,1.0806536459677563,1.4434028712924243,-0.7304067549361601,1.050896321865238,inflation shock,0
2026-02-05,3.65,3.75,4.21,0.74,0.54,2.48,2.32,2.97,-0.56677,6605909.0,2925170.0,1.748,-0.10000000000000009,0.64,2.4,2.9218873377149013,-0.10000000000000053,2.799999999999997,0.9904894566961756,1.1617946184743468,-0.44467061971927374,1.020112306498195,inflation shock,0
2026-02-06,3.64,3.75,4.22,0.72,0.54,2.5,2.34,2.87,-0.56698,6605909.0,2925170.0,3.111,-0.10999999999999988,0.63,2.42,2.9218873377149013,-0.10000000000000053,2.799999999999997,0.9311214079585901,1.2734438368941645,-0.705726056268629,0.9127581665063303,inflation shock,0
2026-02-09,3.63,3.75,4.22,0.74,0.53,2.5,2.35,2.84,-0.56698,6605909.0,2925170.0,1.306,-0.1200000000000001,0.635,2.425,2.9218873377149013,-0.10000000000000053,2.799999999999997,0.9202192505280543,1.2630733209799505,-0.7955751575433375,0.9564277788735124,inflation shock,0
2026-02-10,3.65,3.75,4.16,0.71,0.47,2.47,2.32,2.86,-0.56698,6605909.0,2925170.0,1.447,-0.10000000000000009,0.59,2.395,2.9218873377149013,-0.10000000000000053,2.799999999999997,0.7464101420641648,1.004127484721142,-0.6097103639470137,0.9259313928245493,inflation shock,0
2026-02-11,3.65,3.75,4.18,0.66,0.48,2.49,2.32,2.84,-0.56698,6622382.0,2939557.0,1.048,-0.10000000000000009,0.5700000000000001,2.4050000000000002,2.9218873377149013,-0.10000000000000053,2.799999999999997,0.6519392102113423,1.044048274112624,-0.6357559757321721,1.0235536414855415,inflation shock,0
2026-02-12,3.65,3.75,4.09,0.62,0.39,2.45,2.29,2.92,-0.56698,6622382.0,2939557.0,2.844,-0.10000000000000009,0.505,2.37,2.9218873377149013,-0.10000000000000053,2.799999999999997,0.3935667378515609,0.7622045802067697,-0.37982104865537036,0.9005116155892131,inflation shock,0
2026-02-13,3.66,3.75,4.04,0.64,0.36,2.42,2.27,2.95,-0.56539,6622382.0,2939557.0,0.377,-0.08999999999999986,0.5,2.3449999999999998,2.9218873377149013,-0.10000000000000053,2.799999999999997,0.3424892098474987,0.5589459313933456,-0.168699582038619,0.9566475264027229,stable carry,2
2026-02-16,3.66,3.75,4.04,0.64,0.36,2.42,2.27,2.94,-0.56539,6622382.0,2939557.0,0.377,-0.08999999999999986,0.5,2.3449999999999998,2.9218873377149013,-0.10000000000000053,2.799999999999997,0.3086197267164504,0.5377980113642297,-0.1523794979535505,0.9513470090001773,stable carry,2
2026-02-17,3.71,3.75,4.05,0.62,0.36,2.39,2.26,2.94,-0.56539,6622382.0,2939557.0,0.441,-0.040000000000000036,0.49,2.325,2.9218873377149013,-0.10000000000000053,2.799999999999997,0.2308399981586823,0.3695551660177736,0.1508778534856055,0.8693384562744414,stable carry,2
2026-02-18,3.73,3.75,4.09,0.62,0.39,2.43,2.29,2.86,-0.56539,6613395.0,2949804.0,0.856,-0.020000000000000018,0.505,2.3600000000000003,2.9218873377149013,-0.10000000000000053,2.799999999999997,0.24534363653657032,0.6067586006397474,0.00391590944004024,0.8677505473569836,stable carry,2
2026-02-19,3.67,3.75,4.08,0.61,0.39,2.43,2.29,2.88,-0.56539,6613395.0,2949804.0,0.632,-0.08000000000000007,0.5,2.3600000000000003,2.9218873377149013,-0.10000000000000053,2.799999999999997,0.14977327143978844,0.6119666507052961,-0.21684165271547293,0.9427908963650747,stable carry,2
2026-02-20,3.66,3.75,4.08,0.6,0.39,2.43,2.28,2.86,-0.56294,6613395.0,2949804.0,0.496,-0.08999999999999986,0.495,2.355,2.9218873377149013,-0.10000000000000053,2.799999999999997,0.0472173622001365,0.6268077725184354,-0.28409909918516435,0.8962509020126034,stable carry,2
2026-02-23,3.66,3.75,4.03,0.6,0.34,2.4,2.26,2.95,-0.56294,6613395.0,2949804.0,0.877,-0.08999999999999986,0.47,2.33,2.9218873377149013,-0.10000000000000053,2.799999999999997,-0.14050550116701777,0.41822609782270165,0.071416181364569,0.7697701567021045,stable carry,2
2026-02-24,3.67,3.75,4.03,0.61,0.35,2.4,2.26,2.97,-0.56294,6613395.0,2949804.0,0.917,-0.08000000000000007,0.48,2.33,2.9218873377149013,-0.10000000000000053,2.799999999999997,-0.11367738838901871,0.3974297456160944,0.22253574656572786,0.8121156531877535,stable carry,2
2026-02-25,3.67,3.75,4.05,0.6,0.36,2.42,2.28,2.94,-0.56294,6613797.0,2965765.0,1.159,-0.08000000000000007,0.48,2.3499999999999996,2.9218873377149013,-0.10000000000000053,2.799999999999997,-0.14311697114293595,0.5266774575727173,0.11555443769264917,0.8177009248383315,stable carry,2
2026-02-26,3.67,3.75,4.05,0.6,0.34,2.43,2.28,2.98,-0.56294,6613797.0,2965765.0,3.796,-0.08000000000000007,0.47,2.355,0.6851238278104521,-0.10000000000000053,3.5,-0.1092007477110805,-2.1603461248139086,0.25476836450179113,0.6068086934981788,stable carry,2
2026-02-27,3.67,3.75,4.05,0.59,0.3,2.4,2.25,2.98,-0.56294,6613797.0,2965765.0,16.318,-0.08000000000000007,0.44499999999999995,2.325,0.6851238278104521,-0.10000000000000053,3.5,-0.24478270850585662,-2.031860226960212,0.2460475812265744,0.5216233363599745,stable carry,2
