date,DGS3MO,DGS2,DGS10,T10Y2Y,T10YIE,bond_total_ret_1d,cash_ret_1d,brp_excess_1d,brp_excess_fwd_21d,level_10y,slope_2s10s,breakeven_10y,real_yield_proxy,level_z_6m,slope_z_6m,real_yield_z_6m,avg_rx_21d,cp_fitted_avg_rx,cp_score,cp_score_z_6m,slope_regime,real_yield_regime
2024-04-23,5.45,4.86,4.61,-0.25,2.41,0.0010329365079364899,0.00021626984126984128,0.0008166666666666486,0.014550197535095734,4.61,-0.25,2.41,2.2,1.618843853288219,2.847689203430414,1.597287754157581,0.00664753765217251,0.007203220534146765,0.12952420127193592,1.4783600145165663,Q1 flat/inv,Q4 high
2024-04-24,5.46,4.89,4.65,-0.24,2.41,-0.003215476190476193,0.00021666666666666668,-0.0034321428571428597,0.014542894797370977,4.65,-0.24,2.41,2.24,1.7611349272988788,2.7581254961654813,1.8034415374485364,0.005676859972855976,0.005069996406065064,0.12739097714385422,1.0348338305937872,Q1 flat/inv,Q4 high
2024-04-25,5.47,4.96,4.7,-0.26,2.42,-0.0040634920634920494,0.00021706349206349206,-0.004280555555555542,0.01975210348494672,4.7,-0.26,2.42,2.2800000000000002,1.93114432326387,2.15695335926385,1.9763633312256923,0.008487362042898312,0.008247068923656259,0.13056804966144542,1.5877411553461873,Q1 flat/inv,Q4 high
2024-04-26,5.46,4.96,4.67,-0.29,2.43,0.0027353174603174813,0.00021666666666666668,0.0025186507936508147,0.01713875778286645,4.67,-0.29,2.43,2.2399999999999998,1.688030106758189,1.4654045033934278,1.6215306812225174,0.007357015160778764,0.009088308150638325,0.1314092888884275,1.6728149918614288,Q1 flat/inv,Q4 high
2024-04-29,5.45,4.97,4.63,-0.34,2.41,0.0035837301587301616,0.00021626984126984128,0.0033674603174603203,0.006750761680902218,4.63,-0.34,2.41,2.2199999999999998,1.423329369099498,0.41340850008788993,1.4317600446556256,0.002944904668485749,0.01077083410538865,0.13309181484317784,1.8861094915991763,Q1 flat/inv,Q4 high
2024-04-30,5.46,5.04,4.69,-0.35,2.41,-0.004913888888888931,0.00021666666666666668,-0.005130555555555598,0.005883688578154857,4.69,-0.35,2.41,2.2800000000000002,1.6695008170625725,0.1999076278141817,1.7613669949897397,0.0031291259172765997,0.01129078634222394,0.13361176708001313,1.881359638239553,Q1 flat/inv,Q4 high
2024-05-01,5.46,4.96,4.63,-0.33,2.38,0.0052837301587302,0.00021666666666666668,0.005067063492063533,0.005880497725620882,4.63,-0.33,2.38,2.25,1.317993980855159,0.6179778779660663,1.5054618873521897,0.002504247399744231,0.009275008396988221,0.13159598913477738,1.4737623469785504,Q1 flat/inv,Q4 high
2024-05-02,5.46,4.87,4.58,-0.29,2.37,0.004431746031746018,0.00021666666666666668,0.0042150793650793505,0.005022630622742165,4.58,-0.29,2.37,2.21,1.0374672553165276,1.4307353716921365,1.2090614355296163,0.0015132701800797082,0.009742172785980385,0.13206315352376957,1.5021355181958533,Q1 flat/inv,Q4 high
2024-05-03,5.45,4.81,4.5,-0.31,2.35,0.006978571428571435,0.00021626984126984128,0.006762301587301594,0.0067206442014736325,4.5,-0.31,2.35,2.15,0.6168086316851294,0.9858188221433604,0.8006881165692735,0.0022822762199391578,0.0067535895062501294,0.12907457024403932,0.9694129780340377,Q1 flat/inv,Q4 high
2024-05-06,5.45,4.82,4.49,-0.33,2.35,0.0010281746031745851,0.00021626984126984128,0.0008119047619047438,0.012722322926651191,4.49,-0.33,2.35,2.14,0.5577433050799281,0.5537417464474628,0.723636057858046,0.005636199011247149,0.00799313571346369,0.13031411645125285,1.154967470048436,Q1 flat/inv,Q4 high
2024-05-07,5.45,4.82,4.47,-0.35,2.32,0.0018773809523809915,0.00021626984126984128,0.00166111111111115,0.014438813730578155,4.47,-0.35,2.32,2.15,0.4481617756732151,0.12463902879509631,0.7777835682663172,0.006948057713055261,0.007662213912697724,0.12998319465048688,1.0752593647965383,Q1 flat/inv,Q4 high
2024-05-08,5.45,4.84,4.48,-0.36,2.31,-0.0006722222222222796,0.00021626984126984128,-0.0008884920634921209,0.016161792416906434,4.48,-0.36,2.31,2.1700000000000004,0.4949203242411835,-0.09054503546980719,0.8954551237014541,0.008317359435923584,0.006651114819120257,0.12897209555690942,0.8871431515088831,Q1 flat/inv,Q4 high
2024-05-09,5.46,4.8,4.45,-0.35,2.32,0.0027265873015873228,0.00021666666666666668,0.002509920634920656,0.0005840873566002021,4.45,-0.35,2.32,2.1300000000000003,0.3325260457892716,0.12640240048123877,0.6204122819282892,-0.0008517199560303083,0.00512725442649381,0.12744823516428297,0.618200907349845,Q1 flat/inv,Q4 high
2024-05-10,5.47,4.87,4.5,-0.37,2.34,-0.004071428571428557,0.00021706349206349206,-0.004288492063492049,0.001438765528442935,4.5,-0.37,2.34,2.16,0.592388972918298,-0.31086955966509466,0.8094150619433442,0.0006675986802401373,0.007367524669389558,0.12968850540717872,0.9859049233557177,Q1 flat/inv,Q4 high
2024-05-13,5.45,4.85,4.48,-0.37,2.33,0.0018777777777777415,0.00021626984126984128,0.0016615079365079003,0.006553380892917283,4.48,-0.37,2.33,2.1500000000000004,0.47956629907712023,-0.3078619296967985,0.7318761389400956,0.003230676764867591,0.006268555820913957,0.12858953655870314,0.7850679173158773,Q1 flat/inv,Q4 high
2024-05-14,5.44,4.81,4.45,-0.36,2.33,0.0027265873015873228,0.0002158730158730159,0.002510714285714307,0.010830561145722735,4.45,-0.36,2.33,2.12,0.31410648572788663,-0.0832306054489734,0.523097007354905,0.00549417389263482,0.006321777367627512,0.1286427581054167,0.7829953414258651,Q1 flat/inv,Q4 high
2024-05-15,5.45,4.73,4.36,-0.37,2.31,0.00782301587301586,0.00021626984126984128,0.007606746031746019,0.00911060763156538,4.36,-0.37,2.31,2.0500000000000003,-0.1756084821959075,-0.30625610284760535,0.04618008642444811,0.00431324799749074,0.004609635676412149,0.12693061641420134,0.4809111025869302,Q1 flat/inv,Q3
2024-05-16,5.45,4.78,4.38,-0.4,2.31,-0.00152619047619044,0.00021626984126984128,-0.001742460317460281,0.014278639344614596,4.38,-0.4,2.31,2.07,-0.06494703621144134,-0.9729879779229414,0.18194841075203996,0.0075083950182242894,0.003553391940851386,0.12587437267864054,0.29376732530655697,Q1 flat/inv,Q3
2024-05-17,5.46,4.83,4.42,-0.41,2.32,-0.0032246031746031773,0.00021666666666666668,-0.003441269841269844,0.010795285830813428,4.42,-0.41,2.32,2.1,0.1558649773460348,-1.1766182004260526,0.38601926608558856,0.005442598765020923,0.005760617537639651,0.12808159827542884,0.6739992881749035,Q1 flat/inv,Q4 high
2024-05-20,5.45,4.82,4.44,-0.38,2.33,-0.0015238095238095629,0.00021626984126984128,-0.001740079365079404,0.01769946550714851,4.44,-0.38,2.33,2.1100000000000003,0.2655372227417592,-0.49060286934029107,0.45131239749728264,0.009092891244127797,0.007829014645207105,0.1301499953829963,1.0221624826102278,Q1 flat/inv,Q4 high
2024-05-21,5.45,4.82,4.41,-0.41,2.32,0.002725000000000021,0.00021626984126984128,0.0025087301587301794,0.015090079039560635,4.41,-0.41,2.32,2.0900000000000003,0.09544898695178664,-1.1535777524852473,0.3081332733514632,0.007990370175766029,0.005076955487634177,0.12739793622542334,0.5302682776309736,Q1 flat/inv,Q4 high
2024-05-22,5.45,4.86,4.43,-0.43,2.33,-0.001524206349206313,0.00021626984126984128,-0.0017404761904761543,0.014212760382270869,4.43,-0.43,2.33,2.0999999999999996,0.2075398764956125,-1.5641798474005753,0.37548504373274966,0.008039130280185089,0.00849623017866008,0.13081721091644924,1.1176138998844345,Q1 flat/inv,Q4 high
2024-05-23,5.46,4.91,4.47,-0.44,2.3,-0.0032226190476190505,0.00021666666666666668,-0.003439285714285717,0.017677737708321133,4.47,-0.44,2.3,2.17,0.43289819370513577,-1.7318899808931456,0.8622830589523516,0.010501207699183506,0.005405790773581304,0.12772677151137046,0.5635593170129743,Q1 flat/inv,Q4 high
2024-05-24,5.46,4.93,4.46,-0.47,2.32,0.0010269841269841089,0.00021666666666666668,0.0008103174603174422,0.01679961256940328,4.46,-0.47,2.32,2.14,0.37191784800765654,-2.2774565138356535,0.6410796045218574,0.010176069811388171,0.008147211677161537,0.13046819241495072,1.0355813147374644,Q1 flat/inv,Q4 high
2024-05-27,5.46,4.93,4.46,-0.47,2.32,0.00017698412698412697,0.00021666666666666668,-3.968253968253971e-05,0.018525142669253314,4.46,-0.47,2.32,2.14,0.3687409884710379,-2.175260824970734,0.6342771849026716,0.011224975265563698,0.008147211677161537,0.13046819241495072,1.0194502266090628,Q1 flat/inv,Q4 high
2024-05-28,5.46,4.94,4.54,-0.4,2.34,-0.006619841269841276,0.00021666666666666668,-0.006836507936507943,0.017639126827887798,4.54,-0.4,2.34,2.2,0.8262138920961615,-0.716887795067984,1.049711884411356,0.01000864792154932,0.006285548034441091,0.12860652877223022,0.680282340041858,Q1 flat/inv,Q4 high
2024-05-29,5.46,4.96,4.61,-0.35,2.36,-0.005767063492063516,0.00021666666666666668,-0.005983730158730183,0.026364181574577334,4.61,-0.35,2.36,2.2500000000000004,1.2139248271536576,0.32015953421911797,1.3790905608948318,0.01469793364161806,0.007322503016089277,0.12964348375387846,0.8547078180614613,Q1 flat/inv,Q4 high
2024-05-30,5.46,4.92,4.55,-0.37,2.36,0.005280555555555597,0.00021666666666666668,0.00506388888888893,0.015023499450674611,4.55,-0.37,2.36,2.19,0.8525590487944938,-0.09779777216852883,0.9372150408274085,0.009392188163786537,0.005963667896286079,0.12828464863407527,0.6051275995820206,Q1 flat/inv,Q4 high
2024-05-31,5.46,4.89,4.51,-0.38,2.35,0.0035789682539682567,0.00021666666666666668,0.00336230158730159,0.00120464851196517,4.51,-0.38,2.35,2.1599999999999997,0.6123596419560825,-0.30628222226720814,0.7148045328927097,0.002132160552804177,0.006583950294933083,0.12890493103272227,0.7091197263036231,Q1 flat/inv,Q4 high
2024-06-03,5.52,4.82,4.41,-0.41,2.33,0.008674999999999971,0.00021904761904761904,0.008455952380952352,-0.0030304267252158883,4.41,-0.41,2.33,2.08,0.02419019419269124,-0.9306419620069615,0.13950122236170864,-0.00020806243555628149,0.006513035200059497,0.12883401593784866,0.6890712991515168,Q1 flat/inv,Q3
2024-06-04,5.52,4.77,4.33,-0.44,2.31,0.0069718253968254025,0.00021904761904761904,0.006752777777777784,-0.0038726856759464523,4.33,-0.44,2.31,2.02,-0.4458806710626429,-1.5309662718211612,-0.2920764559246873,-0.0007186893566827779,0.0058319086985578195,0.128152889436347,0.5603747419941825,Q1 flat/inv,Q3
2024-06-05,5.51,4.72,4.29,-0.43,2.3,0.003570238095238098,0.00021865079365079363,0.0033515873015873047,-0.007258639149367286,4.29,-0.43,2.3,1.9900000000000002,-0.6772903064629966,-1.296048948721451,-0.5060022656872173,-0.0027075559207212947,0.004298182442648513,0.12661916318043767,0.27876331811633315,Q1 flat/inv,Q3
2024-06-06,5.51,4.72,4.28,-0.44,2.28,0.0010198412698412516,0.00021865079365079363,0.000801190476190458,-0.0013286305415578592,4.28,-0.44,2.28,2.0000000000000004,-0.7294370414114648,-1.4726142847845543,-0.4294122414563347,0.0012382036453609502,0.00323454113108651,0.12555552186887564,0.08307419791903439,Q1 flat/inv,Q3
2024-06-07,5.52,4.87,4.43,-0.44,2.3,-0.012574206349206304,0.00021904761904761904,-0.012793253968253922,0.011622040010918513,4.43,-0.44,2.3,2.13,0.16904583676212634,-1.4419183195892105,0.5223701736065789,0.00870453106884406,0.004927179261914966,0.12724815999970412,0.3926975477055034,Q1 flat/inv,Q4 high
2024-06-10,5.52,4.87,4.47,-0.4,2.31,-0.0032226190476190505,0.00021904761904761904,-0.0034416666666666697,0.01335066702690152,4.47,-0.4,2.31,2.1599999999999997,0.4074086848438204,-0.6123832016383212,0.7365704423836735,0.009135769331635502,0.009109187407164931,0.1314301681449541,1.1515404708038388,Q1 flat/inv,Q4 high
2024-06-11,5.52,4.81,4.39,-0.42,2.27,0.006974206349206355,0.00021904761904761904,0.006755158730158736,0.008193171817749678,4.39,-0.42,2.27,2.1199999999999997,-0.07777995731491623,-1.012495443121037,0.436606689141715,0.006165887034755202,0.004555138289535132,0.1268761190273243,0.3053085031982045,Q1 flat/inv,Q4 high
2024-06-12,5.51,4.75,4.31,-0.44,2.22,0.006971031746031752,0.00021865079365079363,0.0067523809523809585,0.008191559398407836,4.31,-0.44,2.22,2.0899999999999994,-0.5619150217063138,-1.3986824573413903,0.21156475025048901,0.006740968226388813,0.004352158651383414,0.12667313938917257,0.26564001961415107,Q1 flat/inv,Q4 high
2024-06-13,5.51,4.68,4.24,-0.44,2.21,0.006118253968253917,0.00021865079365079363,0.005899603174603123,0.003914277320601569,4.24,-0.44,2.21,2.0300000000000002,-0.9792456381186792,-1.3728042887964576,-0.23691002933491156,0.004513675955583986,0.0037056353844096834,0.1260266161221989,0.1434315090179928,Q1 flat/inv,Q3
2024-06-14,5.51,4.67,4.2,-0.47,2.17,0.0035666666666666694,0.00021865079365079363,0.003348015873015876,-0.0037688093580272143,4.2,-0.47,2.17,2.0300000000000002,-1.2058548344525795,-1.9257615265688302,-0.23535994326208506,0.0016829444342118193,0.0024260817858980377,0.12474706252368721,-0.09751448803986563,Q1 flat/inv,Q3
2024-06-17,5.52,4.75,4.28,-0.47,2.22,-0.006630158730158736,0.00021904761904761904,-0.006849206349206355,0.00821930494761484,4.28,-0.47,2.22,2.06,-0.7095175358214891,-1.8711020868111627,-0.007545831730158527,0.007711959491176548,0.005047384892545803,0.127368365630335,0.39763043890342736,Q1 flat/inv,Q3
2024-06-18,5.5,4.69,4.22,-0.47,2.21,0.005267460317460359,0.00021825396825396825,0.005049206349206391,0.003937927940335003,4.22,-0.47,2.21,2.01,-1.0638057481771765,-1.8208590128800495,-0.3868382062947523,0.005528654932827501,0.002983566770237339,0.1253045475080265,0.003449015877426181,Q1 flat/inv,Q3
2024-06-19,5.5,4.69,4.22,-0.47,2.21,0.00016746031746031745,0.00021825396825396825,-5.079365079365081e-05,0.0005115976735307068,4.22,-0.47,2.21,2.01,-1.0502331207969906,-1.774467819178235,-0.38417894771204353,0.003433705930170717,0.002983566770237339,0.1253045475080265,0.0034284304121217127,Q1 flat/inv,Q3
2024-06-20,5.5,4.7,4.25,-0.45,2.25,-0.0023813492063492273,0.00021825396825396825,-0.0025996031746031954,-0.0011983145236808164,4.25,-0.45,2.25,2.0,-0.8573537132277631,-1.3668792556184253,-0.4580783944236142,0.0025059447467957567,0.0022980473875240937,0.12461902812531327,-0.12834817783086894,Q1 flat/inv,Q3
2024-06-21,5.49,4.7,4.25,-0.45,2.23,0.00016865079365079366,0.00021785714285714287,-4.920634920634921e-05,-0.002048241617527576,4.25,-0.45,2.23,2.02,-0.8486503751047794,-1.3440440469029251,-0.3009925979478581,0.0019066115396645746,0.0022980473875240937,0.12461902812531327,-0.12758748534225783,Q1 flat/inv,Q3
2024-06-24,5.5,4.71,4.25,-0.46,2.22,0.00016865079365079366,0.00021825396825396825,-4.960317460317459e-05,-0.0011926883936418317,4.25,-0.46,2.22,2.03,-0.8402077931079126,-1.5043011414535872,-0.2216417280986865,0.0032356454784215963,0.003660633183970502,0.12598161392175966,0.1382041691859264,Q1 flat/inv,Q3
2024-06-25,5.49,4.65,4.23,-0.42,2.22,0.0018678571428571065,0.00021785714285714287,0.0016499999999999636,-0.005443428077035462,4.23,-0.42,2.22,2.0100000000000002,-0.9527931196519713,-0.7443398883747493,-0.37605449653950607,0.001932383647109725,0.0010116893960060713,0.12333267013379524,-0.3806072939693805,Q1 flat/inv,Q3
2024-06-26,5.5,4.71,4.32,-0.39,2.26,-0.007478571428571416,0.00021825396825396825,-0.007696825396825384,0.003115263836821705,4.32,-0.39,2.26,2.0600000000000005,-0.39551624757989834,-0.17691268582618985,0.018020998320155742,0.005937615501016594,0.0010261689435040744,0.12334714968129325,-0.3753081365894807,Q1 flat/inv,Q3
2024-06-27,5.49,4.7,4.29,-0.41,2.26,0.0027202380952381163,0.00021785714285714287,0.0025023809523809734,0.006532764338466729,4.29,-0.41,2.26,2.0300000000000002,-0.5769658065089651,-0.5525555013108581,-0.21857163179257716,0.007609779074419139,0.006470814557611448,0.12879179529540064,0.7010075819056444,Q1 flat/inv,Q3
2024-06-28,5.48,4.71,4.36,-0.35,2.28,-0.005776984126984151,0.00021746031746031747,-0.005994444444444469,0.015171869384572144,4.36,-0.35,2.28,2.0800000000000005,-0.1409996951400846,0.5866992169707513,0.17902846860377583,0.011028759125193976,0.006905877317287007,0.1292268580550762,0.7806791197520652,Q1 flat/inv,Q4 high
2024-07-01,5.47,4.77,4.48,-0.29,2.32,-0.01002222222222223,0.00021706349206349206,-0.010239285714285722,0.027418458251654756,4.48,-0.29,2.32,2.1600000000000006,0.604582476859851,1.6970018783602128,0.8128216514151163,0.0171652658608383,0.008905806404094496,0.13122678714188363,1.164813400014163,Q1 flat/inv,Q4 high
2024-07-02,5.47,4.74,4.43,-0.31,2.3,0.004425793650793711,0.00021706349206349206,0.004208730158730219,0.028280266440967927,4.43,-0.31,2.3,2.13,0.2892141493004455,1.2990465403802696,0.5677857915007305,0.017769207562678902,0.00795795719957032,0.13027893793735948,0.9655496291609359,Q1 flat/inv,Q4 high
2024-07-03,5.47,4.71,4.36,-0.35,2.27,0.006123015873015822,0.00021706349206349206,0.0059059523809523295,0.03088678844214715,4.36,-0.35,2.27,2.0900000000000003,-0.15131553562188693,0.541246497755952,0.24395156136895896,0.020249816192989167,0.008111532031986168,0.13043251276977536,0.9855628149966446,Q1 flat/inv,Q4 high
2024-07-04,5.47,4.71,4.36,-0.35,2.27,0.00017301587301587302,0.00021706349206349206,-4.404761904761904e-05,0.04758986987027018,4.36,-0.35,2.27,2.0900000000000003,-0.15049868813072986,0.5375448956987604,0.24258689156973579,0.030759637104085597,0.008111532031986168,0.13043251276977536,0.9752826166020027,Q1 flat/inv,Q4 high
2024-07-05,5.46,4.6,4.28,-0.32,2.28,0.006969841269841275,0.00021666666666666668,0.006753174603174608,0.0422449146189912,4.28,-0.32,2.28,2.0000000000000004,-0.6553305890533747,1.0945240862158494,-0.48718912421597155,0.02662100840050674,0.006556357816955377,0.12887733855474454,0.6600223555407575,Q1 flat/inv,Q3
2024-07-08,5.46,4.62,4.28,-0.34,2.27,0.00016984126984126986,0.00021666666666666668,-4.682539682539683e-05,0.0315588126093601,4.28,-0.34,2.27,2.0100000000000002,-0.6504758144302674,0.7094346383177719,-0.40297388040672794,0.021383983958512702,0.00821082621435007,0.13053180695213926,0.9808802719790636,Q1 flat/inv,Q3
2024-07-09,5.46,4.62,4.3,-0.32,2.26,-0.0015293650793650432,0.00021666666666666668,-0.0017460317460317098,0.028021562696059547,4.3,-0.32,2.26,2.04,-0.5188432046627925,1.077691774978759,-0.1557488842709907,0.01921128679102754,0.007395597276329546,0.1297165780141187,0.810738946104257,Q1 flat/inv,Q3
2024-07-10,5.46,4.62,4.28,-0.34,2.27,0.0018698412698412335,0.00021666666666666668,0.0016531746031745668,0.0236344378977862,4.28,-0.34,2.27,2.0100000000000002,-0.6428924125059162,0.6922948434163354,-0.4010366360005619,0.016955398090311803,0.006645369811321938,0.1289663505491111,0.6555265575891961,Q1 flat/inv,Q3
2024-07-11,5.44,4.5,4.2,-0.3,2.25,0.006966666666666672,0.0002158730158730159,0.0067507936507936565,0.02102467636496798,4.2,-0.3,2.25,1.9500000000000002,-1.145674092381835,1.4319303148921765,-0.8903617788297318,0.013899945600963698,0.0029535257197426945,0.12527450645753185,-0.0863151539305487,Q1 flat/inv,Q2
2024-07-12,5.43,4.45,4.18,-0.27,2.24,0.001865873015873055,0.00021547619047619047,0.0016503968253968645,0.022757400796165686,4.18,-0.27,2.24,1.9399999999999995,-1.2579582209704723,1.9515079018926043,-0.9639300757368563,0.014749206998711097,0.0005863587673476389,0.12290733950513683,-0.5609802091259569,Q1 flat/inv,Q2
2024-07-15,5.43,4.44,4.23,-0.21,2.27,-0.004082142857142917,0.00021547619047619047,-0.004297619047619107,0.03151357842997156,4.23,-0.21,2.27,1.9600000000000004,-0.9280574205281101,2.9221111964329687,-0.7914429068716734,0.01923779021853585,0.0040607822336714006,0.1263817629714606,0.14286892524169162,Q1 flat/inv,Q3
2024-07-16,5.43,4.43,4.17,-0.26,2.26,0.005265476190476233,0.00021547619047619047,0.005050000000000042,0.02800010209257283,4.17,-0.26,2.26,1.9100000000000001,-1.2963698876771816,1.9754878697118066,-1.1928894592358399,0.017631710097555698,0.002668703588106308,0.12498968432589548,-0.14012111986225936,Q1 flat/inv,Q2
2024-07-17,5.43,4.42,4.16,-0.26,2.26,0.0010150793650793469,0.00021547619047619047,0.0007996031746031564,0.01922668438334714,4.16,-0.26,2.26,1.9000000000000004,-1.3417600818686928,1.9294024092865956,-1.2597259306697932,0.011497130148081404,0.0039697302444081095,0.1262907109821973,0.12569028411202235,Q1 flat/inv,Q2
2024-07-18,5.43,4.46,4.2,-0.26,2.31,-0.0032333333333333363,0.00021547619047619047,-0.0034488095238095267,0.025328799489012798,4.2,-0.26,2.31,1.8900000000000001,-1.075210334759672,1.8864050095992955,-1.324530147705019,0.01480096771257552,0.0026911277369228714,0.12501210847471206,-0.1367515363988909,Q1 flat/inv,Q2
2024-07-19,5.43,4.49,4.25,-0.24,2.32,-0.004081349206349192,0.00021547619047619047,-0.004296825396825382,0.03234889219033973,4.25,-0.24,2.32,1.9300000000000002,-0.7508090656810076,2.1687691325104215,-0.9854045603752988,0.01809922233045243,0.006555348597684335,0.1288763293354735,0.6577249886535071,Q1 flat/inv,Q2
2024-07-22,5.43,4.5,4.26,-0.24,2.3,-0.0006809523809523628,0.00021547619047619047,-0.0008964285714285532,0.0367457976832695,4.26,-0.24,2.3,1.96,-0.6821752443759409,2.1118262430789847,-0.7327171200349676,0.0210887355745982,0.004181531910487507,0.1265025126482767,0.16476151041061968,Q1 flat/inv,Q3
2024-07-23,5.41,4.4,4.25,-0.15,2.29,0.0010186507936507756,0.00021468253968253968,0.0008039682539682359,0.03850101242909771,4.25,-0.15,2.29,1.96,-0.7408179335179594,3.3878188640374742,-0.7274775061833355,0.02209949831709445,0.002207513355809848,0.12452849409359902,-0.24521021732003478,Q1 flat/inv,Q3
2024-07-24,5.4,4.37,4.28,-0.09,2.28,-0.002380158730158751,0.0002142857142857143,-0.002594444444444465,0.0349338416940498,4.28,-0.09,2.28,2.0000000000000004,-0.5449798871638746,3.977856479001641,-0.39413247958966446,0.018663483426243833,-0.0018379256961709445,0.12048305504161824,-1.08061077847883,Q1 flat/inv,Q3
2024-07-25,5.39,4.41,4.27,-0.14,2.28,0.0010194444444445018,0.00021388888888888887,0.0008055555555556129,0.038450748462265684,4.27,-0.14,2.28,1.9899999999999998,-0.605559770588733,3.086176192223831,-0.474595538300582,0.02170916084552963,0.004137564197110921,0.1264585449349001,0.16778636017505882,Q1 flat/inv,Q3
2024-07-26,5.38,4.36,4.2,-0.16,2.27,0.006116666666666615,0.0002134920634920635,0.005903174603174552,0.03139210257856978,4.2,-0.16,2.27,1.9300000000000002,-1.0475196455821623,2.697876407972148,-0.9666070900730589,0.01781490052375024,0.005154968112912939,0.1274759488507021,0.37946497345086866,Q1 flat/inv,Q2
2024-07-29,5.41,4.36,4.17,-0.19,2.25,0.0027154761904762113,0.00021468253968253968,0.0025007936507936714,0.027873021299463157,4.17,-0.19,2.25,1.92,-1.227063057050035,2.2278381345128064,-1.0401678251686273,0.017006463259862277,0.004420864794262402,0.1267418455320516,0.2236388512964092,Q1 flat/inv,Q2
2024-07-30,5.4,4.35,4.15,-0.2,2.25,0.0018646825396825034,0.0002142857142857143,0.001650396825396789,0.02524040890036669,4.15,-0.2,2.25,1.9000000000000004,-1.3388075263742316,2.045280686213044,-1.1938539561673835,0.015986871794790185,0.004291075875389266,0.12661205661317843,0.19525319371635316,Q1 flat/inv,Q2
2024-07-31,5.41,4.29,4.09,-0.2,2.24,0.00526230158730163,0.00021468253968253968,0.00504761904761909,0.017403309039018787,4.09,-0.2,2.24,1.8499999999999996,-1.6938788610992168,1.9992945851360788,-1.584826158425489,0.01166010900132428,0.0024869028709376406,0.12480788360872681,-0.18757849391137904,Q1 flat/inv,Q2
2024-08-01,5.37,4.16,3.99,-0.17,2.2,0.008658333333333304,0.00021309523809523808,0.008445238095238066,0.005351167814659823,3.99,-0.17,2.2,1.79,-2.2660474479788473,2.3194975657346038,-2.033247777849235,0.00418087468905725,-0.0014711035134837291,0.12084987722430546,-1.023646024276463,Q1 flat/inv,Q1 low
2024-08-02,5.29,3.88,3.8,-0.08,2.04,0.016300793650793684,0.00020992063492063494,0.016090873015873048,-0.01068739836700202,3.8,-0.08,2.04,1.7599999999999998,-3.270317260333997,3.2784922720127403,-2.218001572809035,-0.00603191886323343,-0.006225399592640651,0.11609558114514851,-1.994017839526567,Q1 flat/inv,Q1 low
2024-08-05,5.35,3.89,3.78,-0.11,2.07,0.0018500000000000014,0.0002123015873015873,0.001637698412698414,-0.006463178994438591,3.78,-0.11,2.07,1.71,-3.2181548683454033,2.8006993289209876,-2.532685094764736,-0.003500340307502249,-0.004162190922725656,0.11815878981506352,-1.5365213527161148,Q1 flat/inv,Q1 low
2024-08-06,5.34,3.99,3.9,-0.09,2.12,-0.010045238095238104,0.0002119047619047619,-0.010257142857142866,0.009818194686915565,3.9,-0.09,2.12,1.7799999999999998,-2.454946187511873,2.9094383378998026,-1.9446639155734187,0.005787429278452045,-0.004441264496400643,0.11787971624138854,-1.5710506834224873,Q1 flat/inv,Q1 low
2024-08-07,5.34,4.0,3.96,-0.04,2.11,-0.004942857142857146,0.0002119047619047619,-0.0051547619047619085,0.018480058819443396,3.96,-0.04,2.11,1.85,-2.07152093355139,3.296534819619115,-1.3870300603860788,0.009694180656805457,-0.0038246792761108817,0.1184963014616783,-1.4240946281224358,Q1 flat/inv,Q2
2024-08-08,5.34,4.04,3.99,-0.05,2.12,-0.0023916666666666878,0.0002119047619047619,-0.00260357142857145,0.02196349047191701,3.99,-0.05,2.12,1.87,-1.8698584591299765,3.0461522161223065,-1.2203594937246605,0.013151145326526212,-0.0044152745435258045,0.11790570619426338,-1.5245737428811608,Q1 flat/inv,Q2
2024-08-09,5.33,4.05,3.94,-0.11,2.1,0.004406349206349228,0.00021150793650793651,0.004194841269841291,0.01935679916249076,3.94,-0.11,2.1,1.8399999999999999,-2.093233001357174,2.3511830588196965,-1.431779547770653,0.012160874059535615,-0.005373939390106247,0.11694704134768291,-1.6938569298902855,Q1 flat/inv,Q2
2024-08-12,5.33,4.01,3.9,-0.11,2.11,0.003554761904761908,0.00021150793650793651,0.0033432539682539714,0.020224478434462803,3.9,-0.11,2.11,1.79,-2.248984294234161,2.289385928846588,-1.7817216578986348,0.013067610848917059,-0.005044305970461904,0.11727667476732725,-1.6022863109882393,Q1 flat/inv,Q1 low
2024-08-13,5.32,3.93,3.85,-0.08,2.09,0.004402777777777763,0.00021111111111111113,0.004191666666666653,0.015889721751251328,3.85,-0.08,2.09,1.7600000000000002,-2.4395039489455206,2.512243655793397,-1.967857274147349,0.009535854121779984,-0.0066720176874516535,0.1156489630503375,-1.8955994770722608,Q1 flat/inv,Q1 low
2024-08-14,5.32,3.94,3.83,-0.11,2.06,0.0018519841269841284,0.00021111111111111113,0.0016408730158730173,0.011565974158323049,3.83,-0.11,2.06,1.77,-2.4678929389879642,2.1647458318584607,-1.8584094715439838,0.0076951023293823665,-0.005818568821203601,0.11650241191658556,-1.6968405516627438,Q1 flat/inv,Q1 low
2024-08-15,5.34,4.08,3.92,-0.16,2.12,-0.007494444444444432,0.0002119047619047619,-0.007706349206349194,0.02114053902885629,3.92,-0.16,2.12,1.7999999999999998,-1.9730787506630711,1.6544901420645657,-1.6126024255915796,0.014794200131050641,-0.00408471662269172,0.11823626411509745,-1.3363961803461095,Q1 flat/inv,Q1 low
2024-08-16,5.33,4.06,3.89,-0.17,2.08,0.0027043650793650625,0.00021150793650793651,0.002492857142857126,0.02114466990408642,3.89,-0.17,2.08,1.81,-2.0769078980970823,1.5370899195351313,-1.518609614955627,0.01458469785143065,-0.006073921681235522,0.11624705905655365,-1.7037162532046957,Q1 flat/inv,Q1 low
2024-08-19,5.31,4.06,3.86,-0.2,2.07,0.002703174603174624,0.0002107142857142857,0.002492460317460338,0.016803998672858225,3.86,-0.2,2.07,1.79,-2.1731524558654836,1.2373927013194945,-1.6400390926915398,0.012303768667640293,-0.005100066055771957,0.11722091468201723,-1.4924668532093743,Q1 flat/inv,Q1 low
2024-08-20,5.29,3.99,3.82,-0.17,2.07,0.0035515873015873043,0.00020992063492063494,0.0033416666666666694,0.009033240150406727,3.82,-0.17,2.07,1.75,-2.298854351240466,1.4955505289492157,-1.8905227621732383,0.007894084832469459,-0.005503143611026218,0.11681783712676296,-1.5854970025459132,Q1 flat/inv,Q1 low
2024-08-21,5.26,3.92,3.79,-0.13,2.07,0.0027003968253968085,0.00020873015873015873,0.00249166666666665,0.003895117520189904,3.79,-0.13,2.07,1.7200000000000002,-2.366237243877535,1.83261095849195,-2.0541259017192663,0.005002047001493125,-0.00767425628663998,0.1146467244511492,-1.9926676947871524,Q1 flat/inv,Q1 low
2024-08-22,5.28,3.99,3.86,-0.13,2.1,-0.0057968253968253836,0.0002095238095238095,-0.006006349206349193,0.009944415751706362,3.86,-0.13,2.1,1.7599999999999998,-1.9942349024796795,1.7923558404667934,-1.7429947029521082,0.009066655567024299,-0.007435873374390861,0.11488510736339831,-1.9207936789997113,Q1 flat/inv,Q1 low
2024-08-23,5.25,3.9,3.81,-0.09,2.13,0.004401190476190461,0.00020833333333333332,0.004192857142857128,0.00395509481993663,3.81,-0.09,2.13,1.6800000000000002,-2.1645768900753444,2.1050050939008105,-2.242526177749083,0.0048908332306059924,-0.009213864033325275,0.11310711670446388,-2.2438821759408865,Q1 flat/inv,Q1 low
2024-08-26,5.24,3.91,3.82,-0.09,2.15,-0.0006984126984126803,0.00020793650793650794,-0.0009063492063491883,0.005688809291112186,3.82,-0.09,2.15,1.67,-2.071744986776551,2.051098530929482,-2.2602055544439668,0.00663584528493716,-0.009066750697458381,0.11325423004033079,-2.2000362933914897,Q1 flat/inv,Q1 low
2024-08-27,5.23,3.83,3.83,0.0,2.15,-0.0006980158730158926,0.00020753968253968256,-0.0009055555555555752,0.0022726269041896015,3.83,0.0,2.15,1.6800000000000002,-1.9827452789608278,2.745626551078785,-2.147888516936053,0.004166999645655312,-0.012604738026318701,0.10971624271147049,-2.7906984267011508,Q1 flat/inv,Q1 low
2024-08-28,5.21,3.83,3.84,0.01,2.15,-0.0006976190476190295,0.00020674603174603175,-0.0009043650793650613,0.0031477376984927422,3.84,0.01,2.15,1.69,-1.9046454803000705,2.7255499673170043,-2.0538946554757582,0.003380120628218725,-0.017062561237154383,0.10525841950063479,-3.4845210179737323,Q1 flat/inv,Q1 low
2024-08-29,5.22,3.87,3.87,0.0,2.16,-0.0023964285714285923,0.00020714285714285713,-0.0026035714285714494,0.009172198223616316,3.87,0.0,2.16,1.71,-1.750287082861643,2.5539298554999967,-1.9024410887067513,0.0070216716491012954,-0.013151850428515216,0.10916913030927397,-2.7035907179923635,Q1 flat/inv,Q1 low
2024-08-30,5.21,3.91,3.91,0.0,2.15,-0.0032448412698412726,0.00020674603174603175,-0.0034515873015873045,0.007458986507272485,3.91,0.0,2.15,1.7600000000000002,-1.5636595238862736,2.470956763402869,-1.570548171884035,0.005441432287356323,-0.010294130460127282,0.1120268502776619,-2.176929246509205,Q1 flat/inv,Q1 low
2024-09-02,5.21,3.91,3.91,0.0,2.15,0.00015515873015873016,0.00020674603174603175,-5.158730158730159e-05,0.013489924891926602,3.91,0.0,2.15,1.7600000000000002,-1.5466362057661924,2.3932460509866154,-1.5623258245587834,0.008670473911711302,-0.010294130460127282,0.1120268502776619,-2.145559282100535,Q1 flat/inv,Q1 low
2024-09-03,5.19,3.88,3.84,-0.04,2.11,0.006102380952380976,0.00020595238095238096,0.005896428571428595,0.003191365534596163,3.84,-0.04,2.11,1.73,-1.809777393416202,2.02569789582828,-1.737234863434694,0.003614772300106256,-0.010137190404871932,0.11218379033291724,-2.0808362595991756,Q1 flat/inv,Q1 low
2024-09-04,5.18,3.76,3.77,0.01,2.07,0.006099603174603161,0.00020555555555555556,0.005894047619047606,-0.007848412042843584,3.77,0.01,2.07,1.7000000000000002,-2.0519839376914324,2.3433304238844346,-1.898677759796619,-0.0034453938582884756,-0.012637479941824126,0.10968350079596505,-2.4393297998837515,Q1 flat/inv,Q1 low
2024-09-05,5.15,3.75,3.73,-0.02,2.03,0.003548015873015876,0.0002043650793650794,0.0033436507936507967,-0.022166168181962813,3.73,-0.02,2.03,1.7000000000000002,-2.1588017025846926,2.0611195435608285,-1.8661507607518748,-0.012714820823367539,-0.01617386911677174,0.10614711162101743,-2.91582194337675,Q1 flat/inv,Q1 low
2024-09-06,5.13,3.66,3.72,0.06,2.03,0.0009976190476190295,0.00020357142857142856,0.0007940476190476009,-0.027142366054167,3.72,0.06,2.03,1.6900000000000004,-2.1400109450200717,2.571334146757849,-1.8859910394317492,-0.016554076993344415,-0.01562609849238436,0.10669488224540481,-2.726399438524877,Q1 flat/inv,Q1 low
2024-09-09,5.11,3.68,3.7,0.02,2.04,0.0018468253968253984,0.0002027777777777778,0.0016440476190476205,-0.02960137710733329,3.7,0.02,2.04,1.6600000000000001,-2.157814046567214,2.2143089498959303,-2.0200172931731757,-0.017303742765706884,-0.014211716873891084,0.1081092638638981,-2.429938027559418,Q1 flat/inv,Q1 low
2024-09-10,5.06,3.59,3.65,0.06,2.02,0.004394841269841292,0.0002007936507936508,0.004194047619047641,-0.035345644257207265,3.65,0.06,2.02,1.63,-2.2800300387879027,2.4235639506654545,-2.141626712078672,-0.02155203383826908,-0.017420682729748588,0.10490029800804059,-2.8018516741602126,Q1 flat/inv,Q1 low
2024-09-11,5.1,3.62,3.65,0.03,2.04,0.00014484126984126984,0.00020238095238095236,-5.753968253968252e-05,-0.037784545647883284,3.65,0.03,2.04,1.6099999999999999,-2.215690377584012,2.15140864318119,-2.1977263057169654,-0.021582623006411193,-0.01771689957186165,0.10460408116592754,-2.7392402612374904,Q1 flat/inv,Q1 low
2024-09-12,5.06,3.64,3.68,0.04,2.05,-0.002403968253968275,0.0002007936507936508,-0.0026047619047619257,-0.034463088913469636,3.68,0.04,2.05,1.6300000000000003,-2.0523216179552,2.1599156177029486,-2.0318674786804363,-0.019400069874389872,-0.017457332574597945,0.10486364816319124,-2.6263599951327614,Q1 flat/inv,Q1 low
2024-09-13,4.97,3.57,3.66,0.09,2.08,0.0018452380952380966,0.0001972222222222222,0.0016480158730158745,-0.03608256091597085,3.66,0.09,2.08,1.58,-2.070467947713034,2.4202008540832103,-2.254848584395704,-0.021067931592988948,-0.01564338812180771,0.10667759261598145,-2.313888101066547,Q2,Q1 low
2024-09-16,4.96,3.56,3.63,0.07,2.09,0.00269404761904764,0.00019682539682539682,0.0024972222222222435,-0.034417142097602105,3.63,0.07,2.09,1.54,-2.120958552624834,2.2219169586549654,-2.40954447862892,-0.02057342854507361,-0.01748900622787658,0.1048319745099126,-2.490115679803249,Q2,Q1 low
2024-09-17,4.95,3.59,3.65,0.06,2.12,-0.0015551587301587315,0.00019642857142857144,-0.0017515873015873029,-0.031917597108130566,3.65,0.06,2.12,1.5299999999999998,-2.001442397646151,2.1001492535847714,-2.391288409222237,-0.018792140827120073,-0.01569692082474089,0.10662405991304828,-2.2026751615600086,Q1 flat/inv,Q1 low
2024-09-18,4.84,3.61,3.7,0.09,2.12,-0.004103174603174625,0.00019206349206349205,-0.004295238095238117,-0.03355777208103432,3.7,0.09,2.12,1.58,-1.7914718961178595,2.2270338091592348,-2.07340583002154,-0.019700146648109658,-0.016409127128505036,0.10591185360928414,-2.2363620164759737,Q2,Q1 low
2024-09-19,4.8,3.59,3.73,0.14,2.17,-0.00240198412698411,0.00019047619047619048,-0.0025924603174603007,-0.030234250034446415,3.73,0.14,2.17,1.56,-1.6585597228080977,2.457959717713135,-2.127407907190148,-0.018179029080357817,-0.014768688037809813,0.10755229269997936,-1.9784303283592228,Q2,Q1 low
2024-09-20,4.75,3.55,3.73,0.18,2.15,0.000148015873015873,0.0001884920634920635,-4.0476190476190495e-05,-0.03931843532847339,3.73,0.18,2.15,1.58,-1.6284152248012902,2.608241806519453,-1.9815336000068855,-0.023220632415843184,-0.014615597213389536,0.10770538352439965,-1.9172257780933872,Q2,Q1 low
2024-09-23,4.72,3.57,3.75,0.18,2.17,-0.0015511904761904777,0.0001873015873015873,-0.001738492063492065,-0.03847998646084743,3.75,0.18,2.17,1.58,-1.5355175438939939,2.5207546918765042,-1.9409056786790173,-0.023022436490055403,-0.0151031434670518,0.10721783727073737,-1.9351821308665982,Q2,Q1 low
2024-09-24,4.69,3.49,3.74,0.25,2.19,0.0009984126984126803,0.00018611111111111112,0.0008123015873015692,-0.04256152287190269,3.74,0.25,2.19,1.5500000000000003,-1.5389142519740182,2.813882026502226,-2.039134444390014,-0.026211430813268332,-0.018392015956221225,0.10392896478156795,-2.2710957967464,Q2,Q1 low
2024-09-25,4.69,3.53,3.79,0.26,2.18,-0.00409960317460316,0.00018611111111111112,-0.004285714285714271,-0.035981578208665675,3.79,0.26,2.18,1.6099999999999999,-1.3527189557742938,2.7581767169630926,-1.7079895245125907,-0.022961860285160608,-0.016894050809802413,0.10542692992798676,-2.0407156023596835,Q2,Q1 low
2024-09-26,4.68,3.6,3.79,0.19,2.16,0.00015039682539682542,0.0001857142857142857,-3.531746031746027e-05,-0.03925644516305304,3.79,0.19,2.16,1.63,-1.3298087433091403,2.3016051637540476,-1.5803646818597004,-0.023817670944858822,-0.012295908126633392,0.11002507261115577,-1.4707786758541033,Q2,Q1 low
2024-09-27,4.68,3.55,3.75,0.2,2.15,0.0035488095238095266,0.0001857142857142857,0.003363095238095241,-0.04495657747225179,3.75,0.2,2.15,1.6,-1.4326723502270762,2.2855841844415483,-1.6910327419301603,-0.02750373229677148,-0.01185537055602412,0.11046561018176505,-1.3968591202866025,Q2,Q1 low
2024-09-30,4.73,3.66,3.81,0.15,2.18,-0.004948809523809527,0.0001876984126984127,-0.00513650793650794,-0.04002228045320093,3.81,0.15,2.18,1.63,-1.2212269386091188,1.9719156909001565,-1.5195623598751624,-0.023854729167765674,-0.009238172591100519,0.11308280814668864,-1.0760023904662905,Q2,Q1 low
2024-10-01,4.71,3.61,3.74,0.13,2.19,0.0060984126984126846,0.0001869047619047619,0.005911507936507922,-0.046514674489230766,3.74,0.13,2.19,1.5500000000000003,-1.4174629863663795,1.82600992947561,-1.8540962811954205,-0.028061675657535545,-0.011139469312011513,0.11118151142577766,-1.2756667523731626,Q2,Q1 low
2024-10-02,4.69,3.63,3.79,0.16,2.21,-0.00409960317460316,0.00018611111111111112,-0.004285714285714271,-0.04159104976565214,3.79,0.16,2.21,1.58,-1.23927178135665,1.9334945473375473,-1.6797195893090073,-0.02606940165814469,-0.011157615654549868,0.11116336508323932,-1.2593847635580384,Q2,Q1 low
2024-10-03,4.68,3.7,3.85,0.15,2.21,-0.004947222222222226,0.0001857142857142857,-0.005132936507936512,-0.04403448994186583,3.85,0.15,2.21,1.6400000000000001,-1.0346487660057961,1.8417450569001887,-1.3789265071152963,-0.026702307503840794,-0.00812321062981039,0.11419777010797878,-0.8972367752605528,Q2,Q1 low
2024-10-04,4.73,3.93,3.98,0.05,2.23,-0.010892063492063482,0.0001876984126984127,-0.011079761904761894,-0.02834556723329276,3.98,0.05,2.23,1.75,-0.6146317198268623,1.3159486200702695,-0.8601486567372356,-0.016032280973118644,-0.0063053676369615175,0.11601561310082764,-0.6787695503486478,Q1 flat/inv,Q1 low
2024-10-07,4.77,3.99,4.03,0.04,2.27,-0.004090079365079387,0.00018928571428571426,-0.004279365079365101,-0.020004962956326155,4.03,0.04,2.27,1.7600000000000002,-0.4467458693819463,1.2448868515874776,-0.8014046805452257,-0.012733904443187238,-0.0017001611124165539,0.1206208196253726,-0.1459641341237304,Q1 flat/inv,Q1 low
2024-10-08,4.75,3.98,4.04,0.06,2.27,-0.0006896825396825216,0.0001884920634920635,-0.0008781746031745852,-0.032539358903129874,4.04,0.06,2.27,1.77,-0.40346870137617724,1.322090484305121,-0.7426092712005273,-0.01875558239073872,-0.004927286898091798,0.1173936938396974,-0.5059295156367147,Q1 flat/inv,Q1 low
2024-10-09,4.75,3.99,4.06,0.07,2.29,-0.0015388888888888527,0.0001884920634920635,-0.0017273809523809162,-0.02177466517297938,4.06,0.07,2.29,1.7699999999999996,-0.3275257978887855,1.3482907040878724,-0.7298465329815595,-0.012673236271559751,-0.004480671237947098,0.11784030949984206,-0.4443745267298757,Q2,Q1 low
2024-10-10,4.75,3.98,4.09,0.11,2.33,-0.0023876984126984338,0.0001884920634920635,-0.002576190476190497,-0.018414434920116733,4.09,0.11,2.33,1.7599999999999998,-0.21974600514619438,1.516253081903249,-0.7631972121302906,-0.012581599724460305,-0.004712545205687202,0.11760843553210194,-0.4609492432809772,Q2,Q1 low
2024-10-11,4.73,3.95,4.08,0.13,2.33,0.0010119047619047438,0.0001876984126984127,0.0008242063492063311,-0.019238695207071936,4.08,0.13,2.33,1.75,-0.24010839140546855,1.5825783232092279,-0.7966423007514803,-0.013517934084525868,-0.004671173453082433,0.11764980728470674,-0.4459983909987506,Q2,Q1 low
2024-10-14,4.73,3.95,4.08,0.13,2.33,0.00016190476190476192,0.0001876984126984127,-2.579365079365077e-05,-0.030099851957043896,4.08,0.13,2.33,1.75,-0.2281769836755142,1.55231147318849,-0.7834591232341295,-0.01919609122114296,-0.004671173453082433,0.11764980728470674,-0.4359640670408846,Q2,Q1 low
2024-10-15,4.73,3.95,4.03,0.08,2.28,0.004409920634920621,0.0001876984126984127,0.004222222222222208,-0.03502349880136455,4.03,0.08,2.28,1.7500000000000004,-0.3816401954252911,1.289581622389024,-0.7703942353040083,-0.020090430040956102,-0.004846233236449754,0.11747474750133943,-0.4461150363056875,Q2,Q1 low
2024-10-16,4.72,3.93,4.02,0.09,2.27,0.0010095238095238668,0.0001873015873015873,0.0008222222222222795,-0.035003386223608636,4.02,0.09,2.27,1.7499999999999996,-0.40308548751964346,1.3157305835948803,-0.7574118168001245,-0.021269299943253373,-0.0064912484995328645,0.11582973223825631,-0.626936759578745,Q2,Q1 low
2024-10-17,4.74,3.96,4.09,0.13,2.3,-0.005787698412698436,0.00018809523809523813,-0.005975793650793674,-0.029186239728026378,4.09,0.13,2.3,1.79,-0.15402763046964493,1.4792562783022507,-0.5548190636240948,-0.017651024963150155,-0.006644111099001981,0.11567686963878718,-0.634270829460819,Q2,Q1 low
2024-10-18,4.73,3.95,4.08,0.13,2.31,0.0010119047619047438,0.0001876984126984127,0.0008242063492063311,-0.029169134060673303,4.08,0.13,2.31,1.77,-0.17395451613866308,1.4528969222832873,-0.6388196378900397,-0.017767867156144763,-0.004940323013518849,0.11738065772427034,-0.42425197003346277,Q2,Q1 low
2024-10-21,4.73,4.02,4.19,0.17,2.31,-0.009183730158730185,0.0001876984126984127,-0.009371428571428597,-0.017450371216426744,4.19,0.17,2.31,1.8800000000000003,0.223244972456681,1.6076964102914795,-0.09126704157296146,-0.011816672519229068,-0.0009244659773574304,0.12139651476043173,0.057837175584758066,Q2,Q2
2024-10-22,4.72,4.03,4.2,0.17,2.33,-0.0006833333333333151,0.0001873015873015873,-0.0008706349206349024,-0.018277213416129885,4.2,0.17,2.33,1.87,0.2737385240894088,1.5765702405200908,-0.12804617612711966,-0.011998899234756739,-0.005020468372747611,0.11730051236504156,-0.4152984227823891,Q2,Q2
2024-10-23,4.73,4.07,4.24,0.17,2.31,-0.0032317460317460344,0.0001876984126984127,-0.003419444444444447,-0.016584844057356017,4.24,0.17,2.31,1.9300000000000002,0.4355380535720879,1.5466414774302202,0.18632610239835695,-0.011049484452148359,-0.0028299214464305444,0.11949105929135861,-0.14199873367148805,Q2,Q2
2024-10-24,4.7,4.07,4.21,0.14,2.3,0.0027170634920635132,0.0001865079365079365,0.0025305555555555767,-0.017411169870742187,4.21,0.14,2.3,1.9100000000000001,0.34378492984445463,1.384818947717502,0.1004756701399263,-0.011781973781934246,-0.004376531773391312,0.11794444896439786,-0.3172640723534452,Q2,Q2
2024-10-25,4.73,4.11,4.25,0.14,2.29,-0.003231349206349209,0.0001876984126984127,-0.003419047619047622,-0.0022643221399134337,4.25,0.14,2.29,1.96,0.5052367825692122,1.3608289015070958,0.3696339044425991,-0.0036647610784830377,-0.00046889733362279196,0.12185208340416637,0.16747412024863068,Q2,Q3
2024-10-28,4.7,4.12,4.28,0.16,2.29,-0.002380158730158751,0.0001865079365079365,-0.0025666666666666876,-0.002259953895762931,4.28,0.16,2.29,1.9900000000000002,0.62694048336023,1.4250522574620632,0.5342404140400004,-0.002915977078810536,-0.001663536903843632,0.12065744383394554,0.02984140275051733,Q2,Q3
2024-10-29,4.7,4.11,4.28,0.17,2.3,0.00016984126984126986,0.0001865079365079365,-1.6666666666666647e-05,0.0019988941236449126,4.28,0.17,2.3,1.9800000000000004,0.6372378567437703,1.4433280726493214,0.4918833985963859,-0.0005936915754642274,0.0005720921825606018,0.12289307292034977,0.3131159212806629,Q2,Q3
2024-10-30,4.67,4.15,4.29,0.14,2.34,-0.0006797619047618866,0.0001853174603174603,-0.0008650793650793469,0.0028556314050803213,4.29,0.14,2.34,1.9500000000000002,0.6838559061100132,1.287582823815314,0.3460305373323019,0.0005816561130753729,0.0012068202925190896,0.12352780103030829,0.3997771739996839,Q2,Q2
2024-10-31,4.64,4.16,4.28,0.12,2.33,0.0010198412698412516,0.00018412698412698412,0.0008357142857142676,0.007982999651634707,4.28,0.12,2.33,1.9500000000000002,0.6562079205926629,1.1793412001477352,0.35830852634563026,0.003752887378824858,-0.0012376471830816693,0.1210833335547075,0.1048837074827741,Q2,Q2
2024-11-01,4.61,4.21,4.37,0.16,2.33,-0.007476587301587289,0.00018293650793650796,-0.007659523809523797,0.014911977669148336,4.37,0.16,2.33,2.04,1.0029288652253625,1.3334387648422537,0.8430352530814328,0.006553243540142484,-0.0011110242082180422,0.12120995652957113,0.12723377720324336,Q2,Q3
2024-11-04,4.65,4.17,4.31,0.14,2.28,0.005271031746031788,0.00018452380952380955,0.0050865079365079785,0.006301074826447148,4.31,0.14,2.28,2.03,0.7855498690930983,1.224846121196689,0.8003257386400682,0.0021839632227182966,-0.0009804035698626201,0.12134057716792654,0.15269603917769767,Q2,Q3
2024-11-05,4.64,4.19,4.26,0.07,2.27,0.004419047619047605,0.00018412698412698412,0.00423492063492062,0.005450185537609375,4.26,0.07,2.27,1.9899999999999998,0.6048832107941746,0.9019108264081026,0.5968769939387504,0.0030397350763183275,-0.004800112269800677,0.1175208684679885,-0.31769044246699607,Q2,Q3
2024-11-06,4.64,4.27,4.42,0.15,2.38,-0.013424603174603186,0.00018412698412698412,-0.01360873015873017,0.02109932901637381,4.42,0.15,2.38,2.04,1.2243813478802092,1.2341564199190267,0.8735286952004602,0.00980658594700467,-0.003925509385007242,0.11839547135278192,-0.19794802480751747,Q2,Q3
2024-11-07,4.63,4.21,4.31,0.1,2.33,0.009521031746031772,0.00018373015873015874,0.009337301587301613,0.013334489365193955,4.31,0.1,2.33,1.9799999999999995,0.8022468424037553,0.9981963865173361,0.5526271166166503,0.006469473448037885,-0.0027465384320217168,0.11957444230576746,-0.04117905393671576,Q2,Q3
2024-11-08,4.63,4.26,4.3,0.04,2.35,0.0010206349206349024,0.00018373015873015874,0.0008369047619047436,0.008156606696426946,4.3,0.04,2.35,1.9499999999999997,0.7677813408423125,0.7213991789233193,0.39634375348190376,0.004992468549179627,-0.00030256030174502513,0.12201842043604415,0.2741510496911714,Q1 flat/inv,Q2
2024-11-11,4.63,4.26,4.3,0.04,2.35,0.0001706349206349206,0.00018373015873015874,-1.3095238095238128e-05,0.006442077242399672,4.3,0.04,2.35,1.9499999999999997,0.7743655197964423,0.7087900204195926,0.4049818634688353,0.0042088973630948255,-0.00030256030174502513,0.12201842043604415,0.2814416727662959,Q1 flat/inv,Q2
2024-11-12,4.63,4.34,4.43,0.09,2.35,-0.01087420634920634,0.00018373015873015874,-0.0110579365079365,0.014258423324260187,4.43,0.09,2.35,2.0799999999999996,1.2809384353990259,0.9160164892817662,1.1205821408215708,0.00835170945859182,0.0013249560404301197,0.12364593677821928,0.499383595610817,Q2,Q3
2024-11-13,4.6,4.27,4.44,0.17,2.35,-0.0006738095238095813,0.00018253968253968252,-0.0008563492063492638,0.00993386936247416,4.44,0.17,2.35,2.0900000000000003,1.3173802766292082,1.2520896278975713,1.1754784665383389,0.005355630487690591,-0.000627448565495764,0.12169353217229342,0.2547295654716355,Q2,Q4 high
2024-11-14,4.61,4.34,4.43,0.09,2.33,0.001025793650793708,0.00018293650793650796,0.0008428571428572002,0.0021964125555771685,4.43,0.09,2.33,2.0999999999999996,1.2785067602696552,0.8821226074215726,1.2303747922550998,0.0022764315331929496,0.0014542144864322926,0.12377519522422147,0.5348265802233019,Q2,Q4 high
2024-11-15,4.6,4.31,4.43,0.12,2.33,0.00017579365079365078,0.00018253968253968252,-6.74603174603174e-06,0.003058863737976151,4.43,0.12,2.33,2.0999999999999996,1.2819063771346135,1.0013741370784424,1.238859950404509,0.0018133997209923516,0.004006988202070572,0.12632796893985976,0.8697940395647124,Q2,Q4 high
2024-11-18,4.63,4.29,4.42,0.13,2.34,0.0010253968253968071,0.00018373015873015874,0.0008416666666666483,0.0013581467843709317,4.42,0.13,2.34,2.08,1.246257052279477,1.031908394084879,1.1351071893227245,0.0007790796669013756,0.0023616681564731234,0.12468264889426228,0.6654711421757459,Q2,Q3
2024-11-19,4.62,4.27,4.39,0.12,2.34,0.0027242063492063703,0.00018333333333333334,0.0025408730158730367,-0.009703435643662718,4.39,0.12,2.34,2.05,1.1345569122024548,0.9729509414626,0.9778387089534901,-0.006005041165805027,0.001144211462352468,0.12346519220014164,0.5167494239956522,Q2,Q3
2024-11-20,4.62,4.31,4.41,0.1,2.35,-0.0015250000000000391,0.00018333333333333334,-0.0017083333333333724,-0.013917508550463278,4.41,0.1,2.35,2.06,1.224153049012497,0.8678841939881846,1.0489701049352766,-0.00693557544494641,0.0034965703186310426,0.12581755105642023,0.8329663365689219,Q2,Q3
2024-11-21,4.63,4.34,4.43,0.09,2.34,-0.001524206349206313,0.00018373015873015874,-0.0017079365079364717,-0.00800408929455824,4.43,0.09,2.34,2.09,1.3209515706605124,0.8085860847605009,1.2393408660917327,-0.003486523612741769,0.004204803736630014,0.1265257844744192,0.9336091125879241,Q2,Q4 high
2024-11-22,4.63,4.37,4.41,0.04,2.34,0.0018749999999999637,0.00018373015873015874,0.001691269841269805,-0.01558923086196046,4.41,0.04,2.34,2.0700000000000003,1.2544409599899238,0.5669310158578591,1.1403500831776283,-0.0065780079688998825,0.004060838119218035,0.12638181885700717,0.9184076144804489,Q1 flat/inv,Q3
2024-11-25,4.62,4.21,4.27,0.06,2.29,0.012069444444444492,0.00018333333333333334,0.011886111111111158,-0.027186478621226525,4.27,0.06,2.29,1.9799999999999995,0.7085717614097005,0.6471202289538611,0.6393865195320543,-0.012795450017053497,-0.0012181809797989496,0.12110279975799025,0.2243471405011461,Q1 flat/inv,Q3
2024-11-26,4.61,4.21,4.3,0.09,2.28,-0.0023793650793651005,0.00018293650793650796,-0.0025623015873016083,-0.024670836415485394,4.3,0.09,2.28,2.02,0.83631541794537,0.7737696745421484,0.8758518434804229,-0.011924423115412527,-0.0040814780902327374,0.11823950264755646,-0.14937117465782604,Q2,Q3
2024-11-27,4.6,4.19,4.25,0.06,2.26,0.004418650793650779,0.00018253968253968252,0.004236111111111097,-0.027962173610975003,4.25,0.06,2.26,1.9900000000000002,0.637639159648527,0.6210310765487006,0.7041233317450275,-0.013765967380770391,-0.00037529361525850957,0.12194568712253068,0.35942413492224323,Q1 flat/inv,Q3
2024-11-28,4.6,4.19,4.25,0.06,2.26,0.00016865079365079366,0.00018253968253968252,-1.3888888888888859e-05,-0.03125322382678335,4.25,0.06,2.26,1.9900000000000002,0.639526008699612,0.6088444570891298,0.704123331745025,-0.015240561513447234,-0.00037529361525850957,0.12194568712253068,0.3657189887988008,Q1 flat/inv,Q3
2024-11-29,4.58,4.13,4.18,0.05,2.26,0.00611587301587304,0.00018174603174603174,0.005934126984127008,-0.031230699754115285,4.18,0.05,2.26,1.92,0.3589561777926504,0.5488357012561141,0.3022331342590483,-0.015006343121290863,-0.0012217066842455104,0.12109927405354365,0.255979470102479,Q1 flat/inv,Q2
2024-12-02,4.51,4.17,4.19,0.02,2.26,-0.000683730158730216,0.00017896825396825398,-0.0008626984126984701,-0.0328643458142527,4.19,0.02,2.26,1.9300000000000006,0.41029093439432257,0.3910238247589563,0.3728985397107681,-0.014743386902065803,-0.00268835141650392,0.11963262932128527,0.06430315487948453,Q1 flat/inv,Q2
2024-12-03,4.49,4.17,4.23,0.06,2.28,-0.00323214285714286,0.0001781746031746032,-0.0034103174603174633,-0.02953466668710876,4.23,0.06,2.28,1.9500000000000006,0.5870520280840829,0.5749487162062094,0.505557067167642,-0.013215037519815545,-0.0031458208562421264,0.11917515988154705,0.015058556486723745,Q1 flat/inv,Q2
2024-12-04,4.47,4.13,4.19,0.06,2.29,0.003566269841269844,0.00017738095238095238,0.003388888888888892,-0.031990831752502794,4.19,0.06,2.29,1.9000000000000004,0.4306247725091447,0.5627907300329353,0.22136886304236517,-0.01489267230714375,-0.004260797259746207,0.11806018347804295,-0.13058457934521356,Q1 flat/inv,Q2
2024-12-05,4.46,4.15,4.17,0.02,2.25,0.0018654761904762297,0.00017698412698412697,0.0016884920634921026,-0.03609136460755369,4.17,0.02,2.25,1.92,0.3531447732120148,0.3492254178766493,0.35160728414889175,-0.016707006382235056,-0.004293280958660772,0.11802769977912839,-0.12612249251168622,Q1 flat/inv,Q2
2024-12-06,4.42,4.1,4.15,0.05,2.24,0.0018646825396825034,0.00017539682539682538,0.0016892857142856781,-0.039354120408688374,4.15,0.05,2.24,1.9100000000000001,0.27309565502757954,0.489471454580766,0.2982061469526328,-0.018618352954362982,-0.004951423061849397,0.11736955767593978,-0.20948909425269832,Q1 flat/inv,Q2
2024-12-09,4.42,4.13,4.2,0.07,2.27,-0.004083333333333319,0.00017539682539682538,-0.004258730158730144,-0.039333284231009055,4.2,0.07,2.27,1.9300000000000002,0.48189451748798284,0.5812815983496692,0.42551349824581963,-0.018625980211090028,-0.002162963466946055,0.12015801727084312,0.18822435361945844,Q2,Q2
2024-12-10,4.41,4.15,4.22,0.07,2.29,-0.0015325396825396462,0.000175,-0.0017075396825396462,-0.03767182754357324,4.22,0.07,2.29,1.9299999999999997,0.5681909476695053,0.5698586188030106,0.4340406328999597,-0.0174563481512732,-0.0011949567202291789,0.12112602401755998,0.3334918476236049,Q2,Q2
2024-12-11,4.38,4.15,4.26,0.11,2.3,-0.003230952380952384,0.0001738095238095238,-0.003404761904761908,-0.035183300421449064,4.26,0.11,2.3,1.96,0.7334957005464525,0.77509497160548,0.62074313457591,-0.016117215846909505,-0.003356317245074514,0.11896466349271466,0.03436289211612427,Q2,Q3
2024-12-12,4.35,4.18,4.32,0.14,2.32,-0.0049285714285714705,0.00017261904761904762,-0.005101190476190518,-0.037648093011463206,4.32,0.14,2.32,2.0000000000000004,0.9783415566537347,0.9315140660286484,0.8662170312334296,-0.01919780923552496,-0.0005803925872954752,0.12174058815049368,0.4344564940583034,Q2,Q3
2024-12-13,4.34,4.25,4.4,0.15,2.33,-0.006625396825396831,0.00017222222222222224,-0.006797619047619053,-0.032674857534369564,4.4,0.15,2.33,2.0700000000000003,1.3003055262215446,0.9793850956806761,1.2863264184336338,-0.01643647107204076,0.0010812701310202455,0.1234022508688094,0.6735668501267424,Q2,Q3
2024-12-16,4.37,4.25,4.39,0.14,2.32,0.0010242063492064066,0.00017341269841269843,0.0008507936507937082,-0.032659449345390563,4.39,0.14,2.32,2.07,1.2486394421340117,0.9149298421877021,1.2803763433403406,-0.015909742785497553,0.0018994992940750688,0.12422048003186423,0.7911505275219258,Q2,Q3
2024-12-17,4.38,4.25,4.4,0.15,2.31,-0.0006753968253968828,0.0001738095238095238,-0.0008492063492064065,-0.021911725681231498,4.4,0.15,2.31,2.0900000000000003,1.278827652068792,0.9675829738507543,1.394108563235708,-0.009485551671819392,0.0018904412633376777,0.12421142200112686,0.793336973830738,Q2,Q4 high
2024-12-18,4.36,4.35,4.5,0.15,2.32,-0.008321428571428542,0.00017301587301587302,-0.008494444444444416,-0.009284647762507516,4.5,0.15,2.32,2.18,1.6642508121914463,0.9602235284483387,1.9088757803699563,-0.0015771643521248619,0.003941036243801377,0.12626201698159056,1.0803060694703666,Q2,Q4 high
2024-12-19,4.35,4.32,4.57,0.25,2.29,-0.005768650793650817,0.00017261904761904762,-0.005941269841269864,-0.0033319754987317395,4.57,0.25,2.29,2.2800000000000002,1.918633472221236,1.556470721722977,2.4500229909874496,-0.0003974128160601353,0.0021396943244816335,0.12446067506227083,0.8212304471109703,Q2,Q4 high
2024-12-20,4.34,4.3,4.52,0.22,2.29,0.00442936507936514,0.00017222222222222224,0.004257142857142918,-0.0075609403398550785,4.52,0.22,2.29,2.2299999999999995,1.6946196668561826,1.3659420453576783,2.1160899599076073,-0.0027473999601536035,0.002788586224551637,0.1251095669623408,0.9224775740766943,Q2,Q4 high
2024-12-23,4.36,4.3,4.59,0.29,2.32,-0.005767857142857167,0.00017301587301587302,-0.00594087301587304,0.0018055445779075175,4.59,0.29,2.32,2.27,1.94481676615393,1.7854957001601142,2.302894935166689,0.001291443616186453,0.0032425033168447803,0.12556348405463397,0.9969300458114435,Q2,Q4 high
2024-12-24,4.4,4.29,4.59,0.3,2.35,0.00018214285714285712,0.00017460317460317462,7.539682539682498e-06,-0.0007558643618076986,4.59,0.3,2.35,2.2399999999999998,1.9298566127892174,1.8206349775951618,2.1136379936107197,8.280681745236572e-05,0.002004449540927933,0.1243254302787171,0.8353154607261762,Q2,Q4 high
2024-12-25,4.4,4.29,4.59,0.3,2.35,0.00018214285714285712,0.00017460317460317462,7.539682539682498e-06,-0.0050133242036430195,4.59,0.3,2.35,2.2399999999999998,1.9094901783135703,1.7968205510607949,2.090037755599177,-0.0014859200387205877,0.002004449540927933,0.1243254302787171,0.8497204798192386,Q2,Q4 high
2024-12-26,4.35,4.3,4.58,0.28,2.35,0.0010317460317460136,0.00017261904761904762,0.000859126984126966,-0.004163397786517796,4.58,0.28,2.35,2.23,1.8457550335768358,1.6565593140996104,2.0071312094295006,-0.001175131643725512,0.0078859983366672,0.13020697907445636,1.7145623316003311,Q2,Q4 high
2024-12-27,4.31,4.31,4.62,0.31,2.34,-0.0032166666666666693,0.00017103174603174602,-0.003387698412698415,0.007764627029814404,4.62,0.31,2.34,2.2800000000000002,1.9683309960094955,1.8331477081337444,2.243519981427463,0.005139807236584433,0.007991771602100295,0.13031275233988948,1.7306672087968449,Q2,Q4 high
2024-12-30,4.37,4.24,4.55,0.31,2.31,0.006130555555555579,0.00017341269841269843,0.0059571428571428805,7.700010592574585e-05,4.55,0.31,2.31,2.2399999999999998,1.677706128533672,1.8140375793000942,1.9858916033142149,0.0011500247058928888,0.004427069619724666,0.12674805035751385,1.2134050766390607,Q2,Q4 high
2024-12-31,4.37,4.25,4.58,0.33,2.34,-0.0023682539682539894,0.00017341269841269843,-0.0025416666666666877,0.002643700245766949,4.58,0.33,2.34,2.24,1.7623900409238857,1.927355821098611,1.9498738698722415,0.0014315926216141683,0.0061284273330606265,0.1284494080708498,1.472615724462143,Q2,Q4 high
2025-01-01,4.37,4.25,4.58,0.33,2.34,0.00018174603174603174,0.00017341269841269843,8.33333333333331e-06,0.005209596439913531,4.58,0.33,2.34,2.24,1.7362820362451774,1.9084553589437026,1.9184567843495344,0.0029519933753367677,0.0061284273330606265,0.1284494080708498,1.477584557967968,Q2,Q4 high
2025-01-02,4.36,4.25,4.57,0.32,2.34,0.0010313492063491882,0.00017301587301587302,0.0008583333333333151,-0.0007843726976465046,4.57,0.32,2.34,2.2300000000000004,1.6743715702227464,1.8309258798053012,1.8349711192239817,0.00024628068785808286,0.006676647778959932,0.12899762851674912,1.5588203606405084,Q2,Q4 high
2025-01-03,4.34,4.28,4.6,0.32,2.34,-0.0023674603174602634,0.00017222222222222224,-0.0025396825396824855,0.005194255360877611,4.6,0.32,2.34,2.26,1.7510253925757935,1.814252369549593,1.948816750620028,0.0026012463235879158,0.005123672737786078,0.12744465347557526,1.321831597880931,Q2,Q4 high
2025-01-06,4.35,4.28,4.62,0.34,2.34,-0.0015166666666667058,0.00017261904761904762,-0.0016892857142857534,0.00862621225005892,4.62,0.34,2.34,2.2800000000000002,1.78750836582392,1.9257988155908856,2.0049503856740962,0.0044692578434066725,0.007355822114891525,0.12967680285268068,1.6292412842375679,Q2,Q4 high
2025-01-07,4.35,4.3,4.67,0.37,2.38,-0.004064682539682525,0.00017261904761904762,-0.004237301587301573,0.02071218761558107,4.67,0.37,2.38,2.29,1.9249983312040644,2.089807028017159,2.009872344902821,0.01031849456881957,0.007068385658902637,0.12938936639669185,1.5760278443973188,Q3,Q4 high
2025-01-08,4.35,4.28,4.67,0.39,2.4,0.0001853174603174603,0.00017261904761904762,1.2698412698412695e-05,0.018962607136558503,4.67,0.39,2.4,2.27,1.8837448261992125,2.190339769988959,1.8696368951690345,0.008453000978577126,0.008068756604137306,0.1303897373419265,1.7015933264033496,Q3,Q4 high
2025-01-09,4.35,4.27,4.68,0.41,2.39,-0.0006642857142856962,0.00017261904761904762,-0.0008369047619047438,0.016345582628166207,4.68,0.41,2.39,2.2899999999999996,1.8769343482577696,2.2870862359730335,1.9230398656273844,0.006068584830230291,0.008168253861708497,0.13048923459949768,1.6995631892184966,Q3,Q4 high
2025-01-10,4.36,4.4,4.77,0.37,2.43,-0.007460714285714274,0.00017301587301587302,-0.007633730158730147,0.022449767679834143,4.77,0.37,2.43,2.3399999999999994,2.1289980861238917,1.9913653729263932,2.107969409662181,0.011500183281001386,0.005251581507180858,0.12757256224497004,1.2733247224685937,Q3,Q4 high
2025-01-13,4.37,4.4,4.79,0.39,2.45,-0.001509920634920674,0.00017341269841269843,-0.0016833333333333726,0.021566892042919016,4.79,0.39,2.45,2.34,2.1421764297033374,2.0959702223330328,2.0568025558594725,0.011225410538255699,0.007877740225147561,0.13019872096293672,1.6442053400179433,Q3,Q4 high
2025-01-14,4.36,4.37,4.78,0.41,2.44,0.0010396825396825214,0.00017301587301587302,0.0008666666666666484,0.013726289844940637,4.78,0.41,2.44,2.3400000000000003,2.060845881256644,2.19720700895702,2.0099058488677146,0.00594278606225413,0.006075818636075758,0.1283967993738649,1.3807650319645326,Q3,Q4 high
2025-01-15,4.35,4.27,4.66,0.39,2.42,0.010384920634920643,0.00017261904761904762,0.010212301587301595,0.012009389121741288,4.66,0.39,2.42,2.24,1.6448442872174258,2.0194544942350183,1.5279807298645345,0.004018791028586699,0.008188361344606376,0.13050934208239556,1.6610136112852374,Q3,Q4 high
2025-01-16,4.34,4.23,4.61,0.38,2.42,0.004432936507936493,0.00017222222222222224,0.004260714285714271,0.012003771669800123,4.61,0.38,2.42,2.1900000000000004,1.4647334642406324,1.9096235490917175,1.28676231009452,0.004054541288159042,0.005605900210159248,0.12792688094794843,1.2794194993763066,Q3,Q4 high
2025-01-17,4.34,4.27,4.61,0.34,2.41,0.00018293650793650796,0.00017222222222222224,1.071428571428572e-05,0.0119981303792572,4.61,0.34,2.41,2.2,1.4447267846573846,1.6146772195474113,1.3158342312234046,0.004943355275308636,0.004285257437376205,0.1266062381751654,1.0935807752420277,Q2,Q4 high
2025-01-20,4.34,4.27,4.61,0.34,2.41,0.00018293650793650796,0.00017222222222222224,1.071428571428572e-05,0.005090811425829312,4.61,0.34,2.41,2.2,1.4228562135978928,1.5913383485893298,1.297401319907004,0.0015698884597594165,0.004285257437376205,0.1266062381751654,1.0957873712518826,Q2,Q4 high
2025-01-21,4.36,4.29,4.57,0.28,2.38,0.003581349206349209,0.00017301587301587302,0.003408333333333336,0.0033813303831986326,4.57,0.28,2.38,2.1900000000000004,1.2794660802067488,1.1746628282464011,1.2357213650641163,0.001480607256532118,0.004143090219207501,0.1264640709569967,1.076480106888701,Q2,Q4 high
2025-01-22,4.36,4.29,4.6,0.31,2.4,-0.0023674603174602634,0.00017301587301587302,-0.0025404761904761364,0.008526376316340283,4.6,0.31,2.4,2.1999999999999997,1.3514202491889868,1.3651427500973163,1.2612465507103319,0.003880746888090396,0.007167284614449876,0.12948826535223906,1.4922976635572638,Q2,Q4 high
2025-01-23,4.36,4.29,4.65,0.36,2.42,-0.00406547619047625,0.00017301587301587302,-0.004238492063492123,0.019748474956808607,4.65,0.36,2.42,2.2300000000000004,1.4788202456274662,1.690087733372541,1.3697156148532497,0.009334194195407666,0.0073344569909555846,0.12965543772874477,1.5007857117117076,Q3,Q4 high
2025-01-24,4.35,4.27,4.63,0.36,2.43,0.001883730158730198,0.00017261904761904762,0.0017111111111111504,0.01974073963662313,4.63,0.36,2.43,2.1999999999999997,1.3928436590989421,1.6687316871134914,1.2188387979155342,0.009693682758498825,0.006643452520650989,0.12896443325844015,1.3852501993049322,Q3,Q4 high
2025-01-27,4.32,4.17,4.53,0.36,2.4,0.008679761904761876,0.00017142857142857143,0.008508333333333305,0.01973227356164308,4.53,0.36,2.4,2.1300000000000003,1.0724560761443074,1.6393559945172755,0.9011083721005508,0.009655767380929051,0.0018381214124191247,0.12415910215020831,0.7116982593873048,Q3,Q4 high
2025-01-28,4.31,4.19,4.55,0.36,2.42,-0.0015194444444444081,0.00017103174603174602,-0.0016904761904761542,0.02581821479599299,4.55,0.36,2.42,2.13,1.1155298656713517,1.6135899727928416,0.8868718948623732,0.01254910185785697,0.00689987589457336,0.12922085663236255,1.3868999982897856,Q3,Q4 high
2025-01-29,4.31,4.21,4.55,0.34,2.4,0.00018055555555555555,0.00017103174603174602,9.523809523809528e-06,0.022307780396180907,4.55,0.34,2.4,2.15,1.0977727602956135,1.4522747203021515,0.9588038868571112,0.011559869647087991,0.006578808467035069,0.12889978920482426,1.321728362832053,Q2,Q4 high
2025-01-30,4.3,4.18,4.52,0.34,2.38,0.0027293650793651005,0.0001706349206349206,0.00255873015873018,0.0240349295542294,4.52,0.34,2.38,2.1399999999999997,0.991325310966423,1.4276250338617984,0.9030298576405766,0.012683617539946299,0.00439606678412488,0.12671704752191404,1.0120534865200947,Q2,Q4 high
2025-01-31,4.31,4.22,4.58,0.36,2.42,-0.00491825396825401,0.00017103174603174602,-0.005089285714285756,0.03630554163341782,4.58,0.36,2.42,2.16,1.1541711115609803,1.5386653869014928,0.9758677429481588,0.01863038105906848,0.0052159831387047495,0.12753696387649394,1.107309320611288,Q3,Q4 high
2025-02-03,4.34,4.26,4.54,0.28,2.45,0.003580158730158733,0.00017222222222222224,0.003407936507936511,0.027484625075682955,4.54,0.28,2.45,2.09,1.0174861352060343,0.9735061765768195,0.6657324682519613,0.01568689601940293,0.003810005086275131,0.1261309858240643,0.9054848645614174,Q2,Q4 high
2025-02-04,4.33,4.21,4.52,0.31,2.44,0.0018793650793651185,0.00017182539682539683,0.0017075396825397217,0.02047573123819091,4.52,0.31,2.44,2.0799999999999996,0.942278546047468,1.1667317016909684,0.6129516767646355,0.011170446666556665,0.0026104724641071164,0.1249314532018963,0.7348628623584952,Q2,Q3
2025-02-05,4.33,4.17,4.43,0.26,2.42,0.007825793650793639,0.00017182539682539683,0.007653968253968242,0.011832536881086701,4.43,0.26,2.42,2.01,0.6596930565733868,0.8038644608782993,0.3045183547200135,0.007679710934610044,0.002909579055080491,0.12523055979286968,0.7637632460071305,Q2,Q3
2025-02-06,4.34,4.21,4.45,0.24,2.42,-0.0015234126984127376,0.00017222222222222224,-0.0016956349206349599,0.010962845463525932,4.45,0.24,2.42,2.0300000000000002,0.7075301798530608,0.6508131335719657,0.3822645419784282,0.007685593165576136,0.003546124615340901,0.12586710535313006,0.8372092098424845,Q2,Q3
2025-02-07,4.35,4.29,4.49,0.2,2.42,-0.0032218253968253996,0.00017261904761904762,-0.0033944444444444473,0.023065202038992597,4.49,0.2,2.42,2.0700000000000003,0.8153426886008428,0.3519880132461618,0.5455200986428563,0.015429871141073739,0.002394868730456856,0.12471584946824603,0.6753949589842159,Q2,Q3
2025-02-10,4.35,4.28,4.51,0.23,2.44,-0.0015210317460317097,0.00017261904761904762,-0.0016936507936507572,0.019560195759030907,4.51,0.23,2.44,2.07,0.8619086932726132,0.5587906834178519,0.5367197604626314,0.013179549708312022,0.005639735390291639,0.12796071612808083,1.09135263283799,Q2,Q3
2025-02-11,4.35,4.29,4.54,0.25,2.46,-0.002369841269841291,0.00017261904761904762,-0.0025424603174603387,0.018679480545013127,4.54,0.25,2.46,2.08,0.9378096444870415,0.6993177985805754,0.5701870942596416,0.011912631069992574,0.006577781143764255,0.12889876188155344,1.1972040021829438,Q2,Q3
2025-02-12,4.35,4.36,4.62,0.26,2.46,-0.006616666666666673,0.00017261904761904762,-0.00678928571428572,0.030037137129845307,4.62,0.26,2.46,2.16,1.1623355359201346,0.7674562743188195,0.9008346386554015,0.019125264591580975,0.003919604703358559,0.12624058544114775,0.8343255182142639,Q2,Q4 high
2025-02-13,4.34,4.31,4.52,0.21,2.44,0.008679365079365123,0.00017222222222222224,0.0085071428571429,0.01783442602017373,4.52,0.21,2.44,2.0799999999999996,0.84484317784147,0.36333128779042606,0.5451812696322755,0.012129797100668836,0.002854748655181427,0.1251757293929706,0.6829741179426772,Q2,Q3
2025-02-14,4.34,4.26,4.47,0.21,2.43,0.004427380952380938,0.00017222222222222224,0.004255158730158716,0.013505964246141942,4.47,0.21,2.43,2.0399999999999996,0.6799686476038187,0.3495013067528793,0.36349149819308224,0.008998241884156431,0.00024846799593200575,0.12256944873372118,0.331793008584683,Q2,Q3
2025-02-17,4.34,4.26,4.47,0.21,2.43,0.00017738095238095238,0.00017222222222222224,5.158730158730143e-06,0.015227491442611617,4.47,0.21,2.43,2.0399999999999996,0.6675927855984465,0.33594455257567574,0.35297806496746603,0.010254728802426859,0.00024846799593200575,0.12256944873372118,0.3228407907217292,Q2,Q3
2025-02-18,4.34,4.29,4.55,0.26,2.45,-0.00661944444444445,0.00017222222222222224,-0.006791666666666672,0.02567707269307559,4.55,0.26,2.45,2.0999999999999996,0.8997071177769902,0.7402499770180282,0.6024582920355267,0.01573340889919809,0.0029988689562502613,0.12531984969403942,0.6753727385016518,Q2,Q4 high
2025-02-19,4.34,4.28,4.53,0.25,2.45,0.0018797619047618685,0.00017222222222222224,0.0017075396825396462,0.0247923943353873,4.53,0.25,2.45,2.08,0.8243018306266713,0.6435375977698192,0.5036062750665277,0.015512090883111326,0.001923842329300901,0.12424482306709007,0.5210487683016585,Q2,Q3
2025-02-20,4.33,4.28,4.5,0.22,2.45,0.0027285714285714495,0.00017182539682539683,0.0025567460317460528,0.021295167845991978,4.5,0.22,2.45,2.05,0.7184215317289152,0.3771470406984385,0.36097798403424675,0.014175575289783558,0.002229244472076619,0.12455022520986578,0.5497888386141598,Q2,Q3
2025-02-21,4.32,4.19,4.42,0.23,2.42,0.006975396825396831,0.00017142857142857143,0.006803968253968259,0.006584256238594791,4.42,0.23,2.42,2.0,0.4575814842751854,0.45091896579116636,0.1302523065224161,0.005788105151910941,-0.0008257693904984986,0.12149521134729067,0.12346031942694427,Q2,Q3
2025-02-24,4.31,4.13,4.4,0.27,2.42,0.0018746031746031382,0.00017103174603174602,0.0017035714285713922,0.007436919907995735,4.4,0.27,2.42,1.9800000000000004,0.38440741020741187,0.7833523260653064,0.033653027126530295,0.005994749757328947,-0.001773629588444292,0.1205473511493449,-0.015638151607581603,Q2,Q3
2025-02-25,4.3,4.07,4.3,0.23,2.38,0.008670634920634964,0.0001706349206349206,0.008500000000000044,-0.004490324905008227,4.3,0.23,2.38,1.92,0.05963686114190573,0.42352610147922054,-0.24064022751104566,-0.0001480240567806281,-0.0023548366504522467,0.11996614408733693,-0.10491400161383743,Q2,Q2
2025-02-26,4.31,4.05,4.25,0.2,2.36,0.004418650793650779,0.00017103174603174602,0.004247619047619033,-0.011250125409205237,4.25,0.2,2.36,1.8900000000000001,-0.11007497795926505,0.14572801939729385,-0.3823046349035487,-0.0030587609786684074,-0.004356633849944058,0.11796434688784511,-0.39036580404890936,Q2,Q2
2025-02-27,4.32,4.07,4.29,0.22,2.37,-0.0032297619047619076,0.00017142857142857143,-0.003401190476190479,0.0014423078007604162,4.29,0.22,2.37,1.92,0.004615901275636915,0.3120491049281563,-0.256747488693927,0.0034852522993794313,-0.0017048045072938778,0.1206161762304953,-0.033780023169790764,Q2,Q2
2025-02-28,4.32,3.99,4.24,0.25,2.38,0.004418253968253954,0.00017142857142857143,0.0042468253968253825,0.0005913715292265413,4.24,0.25,2.38,1.8600000000000003,-0.17227636623565531,0.5698462665850729,-0.5367462145145256,0.002058022572302803,-0.005315372185832806,0.1170056085519564,-0.5622238976965294,Q2,Q2
2025-03-03,4.35,3.96,4.16,0.2,2.36,0.006965079365079371,0.00017261904761904762,0.006792460317460324,-0.0011023816769841779,4.16,0.2,2.36,1.8000000000000003,-0.45171263731420025,0.1047007059729347,-0.8170814601003425,0.0012368456377532574,-0.0043339474888828,0.11798703324890637,-0.4419721153967031,Q2,Q1 low
2025-03-04,4.34,3.96,4.22,0.26,2.35,-0.0049325396825396495,0.00017222222222222224,-0.0051047619047618715,0.0014666837174887128,4.22,0.26,2.35,1.8699999999999997,-0.2705109338736119,0.6420739831519713,-0.5088101930684731,0.0015489698050240232,-0.0029637489353737945,0.11935723180241538,-0.2597124718196164,Q2,Q2
2025-03-05,4.35,3.99,4.28,0.29,2.34,-0.0049301587301587724,0.00017261904761904762,-0.00510277777777782,0.018630431216402652,4.28,0.29,2.34,1.9400000000000004,-0.08678208295212263,0.9046048379516916,-0.20005082346737335,0.013031995827710715,-0.003746730145985644,0.11857425059180352,-0.3999849905565211,Q2,Q2
2025-03-06,4.34,3.96,4.29,0.33,2.34,-0.0006797619047618866,0.00017222222222222224,-0.0008519841269841088,0.023838416289065308,4.29,0.33,2.34,1.9500000000000002,-0.07133620540920743,1.2564182419803758,-0.16812748766717717,0.014590330504950016,-0.00453790465478171,0.11778307608300746,-0.5482782273725676,Q2,Q2
2025-03-07,4.34,3.99,4.32,0.33,2.33,-0.0023785714285714495,0.00017222222222222224,-0.0025507936507936715,0.0142039322297726,4.32,0.33,2.33,1.9900000000000002,0.01649103489748243,1.2377328606279245,0.006802447850148654,0.010536310004393114,-0.0037016713068375173,0.11861930943095166,-0.4475111152781397,Q2,Q3
2025-03-10,4.33,3.89,4.22,0.33,2.31,0.008667460317460362,0.00017182539682539683,0.008495634920634964,-0.0038054483526059448,4.22,0.33,2.31,1.9099999999999997,-0.36571360180047613,1.2175693790125506,-0.39240052179506996,0.0022659562022966373,-0.005310927360781037,0.11701005337700815,-0.730213404723731,Q2,Q2
2025-03-11,4.34,3.94,4.28,0.34,2.31,-0.0049301587301587724,0.00017222222222222224,-0.0051023809523809945,-0.005511532170443994,4.28,0.34,2.31,1.9700000000000002,-0.169227950642747,1.2893252690019532,-0.12124963942227553,-0.001995203769753634,-0.004326072807824932,0.11799490792996424,-0.6050334341469569,Q2,Q3
2025-03-12,4.35,4.01,4.32,0.31,2.33,-0.0032285714285714313,0.00017261904761904762,-0.003401190476190479,-0.007210210872362577,4.32,0.31,2.33,1.9900000000000002,-0.039848914790993936,0.995503517975204,-0.04156510496061374,-4.3045578045664346e-05,-4.9869230910853934e-05,0.12227111150687833,0.08819938866783442,Q2,Q3
2025-03-13,4.34,3.94,4.27,0.33,2.29,0.0044194444444445044,0.00017222222222222224,0.004247222222222282,-0.01816365485457645,4.27,0.33,2.29,1.9799999999999995,-0.2565748120367763,1.1627171246588857,-0.10988759159715407,-0.007512144686022393,-0.004587208644146135,0.11773377209364304,-0.7228241852078745,Q2,Q3
2025-03-14,4.33,4.02,4.31,0.29,2.3,-0.0032289682539682566,0.00017182539682539683,-0.0034007936507936534,-0.00639617625276041,4.31,0.29,2.3,2.01,-0.11929171125706468,0.779051472062792,0.02618712848993225,0.0004452925294138769,-0.0018662692033764028,0.12045471153441278,-0.2696966837085608,Q2,Q3
2025-03-17,4.34,4.06,4.31,0.25,2.29,0.00017103174603174602,0.00017222222222222224,-1.1904761904762181e-06,-0.0038517507853757017,4.31,0.25,2.29,2.0199999999999996,-0.14145080575128663,0.4022566824708581,0.061512413210206875,0.0026514252480497494,-0.0013412147238759664,0.1209797660139132,-0.1993826641509429,Q2,Q3
2025-03-18,4.34,4.04,4.29,0.25,2.3,0.001870238095238059,0.00017222222222222224,0.0016980158730158367,-0.0004585417871614821,4.29,0.25,2.3,1.9900000000000002,-0.24846416747153371,0.3969452717397021,-0.11876991922926887,0.004608292085760845,-0.0019342156600527238,0.12038676507773645,-0.33891278060946806,Q2,Q3
2025-03-19,4.33,3.99,4.25,0.26,2.31,0.0035686507936507966,0.00017182539682539683,0.0033968253968254,-0.00810213951353323,4.25,0.26,2.31,1.94,-0.4480239252328138,0.4888405031617743,-0.41936487941399847,0.00029737475291091167,-0.003332542229483315,0.11898843850830587,-0.6609531802422793,Q2,Q2
2025-03-20,4.33,3.95,4.24,0.29,2.31,0.00101825396825395,0.00017182539682539683,0.0008464285714285533,-0.008943905761523884,4.24,0.29,2.31,1.9300000000000002,-0.5197104479189449,0.7638522961008358,-0.49961276461312837,-0.0005608472509159853,-0.0027720123617976655,0.1195489683759915,-0.5983816697941101,Q2,Q2
2025-03-21,4.33,3.94,4.25,0.31,2.33,-0.0006813492063491882,0.00017182539682539683,-0.0008531746031745851,-0.01485985286431359,4.25,0.31,2.33,1.92,-0.5039994027938405,0.9370603412748149,-0.5807769459832238,-0.0023235441564414426,-0.002173021725276142,0.12014795901251303,-0.502654729754586,Q2,Q2
2025-03-24,4.33,4.04,4.34,0.3,2.36,-0.0074777777777777655,0.00017182539682539683,-0.007649603174603162,-0.006389434719259362,4.34,0.3,2.36,1.98,-0.11538505952853306,0.8350825791960927,-0.2549285710212679,0.0018686244654286866,-0.0016324899797182102,0.12068849075807096,-0.4144636823853266,Q2,Q3
2025-03-25,4.33,3.96,4.31,0.35,2.35,0.0027210317460317672,0.00017182539682539683,0.0025492063492063705,-0.008076548601730477,4.31,0.35,2.35,1.9599999999999995,-0.28476014160940716,1.273875478774328,-0.39866054956253055,-0.0002640834965956962,-0.003642629977483325,0.11867835076030583,-0.8841602590934068,Q2,Q3
2025-03-26,4.33,3.98,4.35,0.37,2.37,-0.003227380952380955,0.00017182539682539683,-0.003399206349206352,0.002109925197526996,4.35,0.37,2.37,1.9799999999999995,-0.1174434878079811,1.4307941456002935,-0.30794064082224576,0.004913266700426666,-0.0034262826975501315,0.11889469804023904,-0.8701580797666953,Q3,Q3
2025-03-27,4.33,3.97,4.38,0.41,2.39,-0.002376190476190497,0.00017182539682539683,-0.0025480158730158938,0.007248081361394759,4.38,0.41,2.39,1.9899999999999998,0.01172363717931902,1.7561570767054138,-0.274271166353053,0.007271754258317713,-0.00018542310741900825,0.12213555763037015,-0.14539643760455154,Q3,Q3
2025-03-28,4.33,3.89,4.27,0.38,2.37,0.009519444444444471,0.00017182539682539683,0.009347619047619073,0.0029912786235938844,4.27,0.38,2.37,1.8999999999999995,-0.6045189998940457,1.4592129431840997,-0.8968877083079255,0.005168891018298305,-0.00025628690870521664,0.12206469382908393,-0.18012898292052917,Q3,Q2
2025-03-31,4.32,3.89,4.23,0.34,2.38,0.00356785714285707,0.00017142857142857143,0.0033964285714284987,0.0029900833597349455,4.23,0.34,2.38,1.8500000000000005,-0.8469509346070816,1.086053932504935,-1.2472552513350017,0.005783690206488728,-0.003502677475807403,0.11881830326198178,-0.9782108332526281,Q2,Q2
2025-04-01,4.32,3.87,4.17,0.3,2.33,0.005265476190476233,0.00017142857142857143,0.005094047619047661,-0.00041401062663253387,4.17,0.3,2.33,1.8399999999999999,-1.1967215175532886,0.7148470146254834,-1.3281492527455987,0.005018208673100698,-0.0032017288073831196,0.11911925193040607,-0.9000473901342497,Q2,Q2
2025-04-02,4.32,3.91,4.2,0.29,2.32,-0.0023833333333333545,0.00017142857142857143,-0.002554761904761926,-0.004685356594715901,4.2,0.29,2.32,1.8800000000000003,-1.047353802705706,0.6122399325595501,-1.0715244541282456,0.0024699307548322327,-0.0036558878048618126,0.11866509293292736,-1.015914825270101,Q2,Q2
2025-04-03,4.31,3.71,4.06,0.35,2.28,0.01206111111111116,0.00017103174603174602,0.011890079365079414,-0.023132709912829112,4.06,0.35,2.28,1.7799999999999998,-1.8379109734257997,1.1414121073941936,-1.7591375233665032,-0.010514898397932465,-0.002598423941148037,0.11972255679664111,-0.7643625222290125,Q2,Q1 low
2025-04-04,4.28,3.68,4.01,0.33,2.18,0.004409126984126969,0.00016984126984126986,0.0042392857142857,-0.029759067849049213,4.01,0.33,2.18,1.8299999999999996,-2.102336885059851,0.9436562902265376,-1.4290738515288106,-0.013203430012676487,-0.00392050643451386,0.11840047430327531,-1.0916269089718156,Q2,Q1 low
2025-04-07,4.29,3.73,4.15,0.42,2.19,-0.011735317460317508,0.00017023809523809523,-0.011905555555555603,-0.013002816344395473,4.15,0.42,2.19,1.9600000000000004,-1.326575329311742,1.7294335728028942,-0.5511554043306391,-0.005482414796080791,-0.0025482083223313245,0.11977277241545786,-0.762368106140499,Q3,Q3
2025-04-08,4.31,3.71,4.26,0.55,2.22,-0.009180952380952331,0.00017103174603174602,-0.009351984126984077,-0.00025677498863424866,4.26,0.55,2.22,2.0399999999999996,-0.7218929472434163,2.7937214557045285,-0.006786831199171722,-0.0007578016895745034,0.0010795334112027877,0.12340051414899195,0.12088552922718288,Q4 steep,Q3
2025-04-09,4.35,3.91,4.34,0.43,2.27,-0.006627777777777784,0.00017261904761904762,-0.006800396825396831,-0.0028307918009424764,4.34,0.43,2.27,2.07,-0.2852275879988684,1.70596187088133,0.19223338267677734,0.0002468461933969674,-0.0026436893306433507,0.11967729140714582,-0.8106115066996454,Q3,Q3
2025-04-10,4.34,3.84,4.4,0.56,2.19,-0.0049253968253968675,0.00017222222222222224,-0.0050976190476190895,0.002297235783147224,4.4,0.56,2.19,2.2100000000000004,0.04539592434489807,2.7428412592135847,1.1962452422733187,0.0006845874472319675,0.0013972928202863333,0.1237182735580755,0.18297935641312008,Q4 steep,Q4 high
2025-04-11,4.34,3.96,4.48,0.52,2.2,-0.006622222222222228,0.00017222222222222224,-0.00679444444444445,0.0022928556912726475,4.48,0.52,2.2,2.2800000000000002,0.5048849541100605,2.3302994326647894,1.6868890833474044,0.0012376292285484016,3.49403040643681e-05,0.12235592104185353,-0.17659702281642575,Q3,Q4 high
2025-04-14,4.33,3.84,4.38,0.54,2.23,0.008673809523809568,0.00017182539682539683,0.00850198412698417,-0.009573283450911768,4.38,0.54,2.23,2.15,-0.10763579065254598,2.420219549044219,0.7179626112406079,-0.0057643244902058684,-0.0020530754677565988,0.1202679052700326,-0.7213113925525242,Q3,Q4 high
2025-04-15,4.33,3.84,4.35,0.51,2.19,0.0027226190476190688,0.00017182539682539683,0.002550793650793672,-0.015467859325085891,4.35,0.51,2.19,2.1599999999999997,-0.29876505389932523,2.115803494756017,0.7796048993639128,-0.009445267918143234,0.0020909225350901617,0.12441190327287932,0.339718315659266,Q3,Q4 high
2025-04-16,4.33,3.77,4.29,0.52,2.17,0.005270238095238061,0.00017182539682539683,0.005098412698412665,-0.013792555548392302,4.29,0.52,2.17,2.12,-0.6713706763786821,2.137115134266721,0.46736373448243884,-0.008295985972090433,0.0014508862664283917,0.12377186700421756,0.16308371024798826,Q3,Q4 high
2025-04-17,4.34,3.81,4.34,0.53,2.23,-0.0040777777777777635,0.00017222222222222224,-0.0042499999999999856,-0.007876614554932328,4.34,0.53,2.23,2.11,-0.37162196462480407,2.1558682219519176,0.3820897481491573,-0.005587770816009198,0.00160268960741336,0.12392367034520252,0.1940707083228466,Q3,Q4 high
2025-04-18,4.34,3.81,4.34,0.53,2.23,0.00017222222222222224,0.00017222222222222224,0.0,-0.010412566880007164,4.34,0.53,2.23,2.11,-0.37983390895950186,2.100129859754105,0.3717718100311536,-0.006383280202698789,0.00160268960741336,0.12392367034520252,0.18305103308313792,Q3,Q4 high
2025-04-21,4.34,3.75,4.42,0.67,2.22,-0.006624603174603181,0.00017222222222222224,-0.006796825396825403,-0.005312624545029837,4.42,0.67,2.22,2.1999999999999997,0.10560558068898163,3.034382754882689,1.0417997184637355,-0.005088014428719251,9.353753179824897e-05,0.12241451826958744,-0.2147243939813471,Q4 steep,Q4 high
2025-04-22,4.33,3.76,4.41,0.65,2.27,0.0010249999999999819,0.00017182539682539683,0.0008531746031745851,-0.01463173908965566,4.41,0.65,2.27,2.14,0.0374175727333335,2.7734397319400568,0.5758411686557972,-0.008850025507371628,-0.0011864136186347518,0.12113456711915443,-0.5524818141725849,Q4 steep,Q4 high
2025-04-23,4.33,3.81,4.4,0.59,2.29,0.0010246031746031564,0.00017182539682539683,0.0008527777777777596,-0.012108486128265348,4.4,0.59,2.29,2.1100000000000003,-0.030597795944096326,2.2729656226895063,0.33999086171132853,-0.0065637363354354205,-0.0023499669761791186,0.11997101376161004,-0.8499401538662459,Q4 steep,Q4 high
2025-04-24,4.32,3.77,4.32,0.55,2.3,0.006971428571428577,0.00017142857142857143,0.006800000000000006,-0.016287427502588544,4.32,0.55,2.3,2.0200000000000005,-0.5300315695058905,1.9437668613365973,-0.3511983885573432,-0.00902028550990713,-0.0019698793093133604,0.12035110142847581,-0.7420209949138222,Q4 steep,Q3
2025-04-25,4.32,3.74,4.29,0.55,2.27,0.0027202380952381163,0.00017142857142857143,0.0025488095238095448,-0.018791307236638986,4.29,0.55,2.27,2.02,-0.7175141494661057,1.9003577913203011,-0.35639251266393046,-0.010714584984426154,0.002527069481464944,0.12484805021925412,0.42707307915968884,Q4 steep,Q3
2025-04-28,4.32,3.67,4.23,0.56,2.25,0.00526785714285711,0.00017142857142857143,0.005096428571428538,-0.017119270483692474,4.23,0.56,2.25,1.9800000000000004,-1.0792831655762238,1.923097735935572,-0.6582221765659684,-0.010700873663728728,-0.003303309879643973,0.11901767085814519,-1.0906857174664453,Q4 steep,Q3
2025-04-29,4.31,3.65,4.19,0.54,2.23,0.003566269841269844,0.00017103174603174602,0.003395238095238098,-0.023794376413053875,4.19,0.54,2.23,1.9600000000000004,-1.3138855366630464,1.749426742501995,-0.805124897659123,-0.01410933978043133,-0.0013121035389854485,0.12100887719880371,-0.5704314202979747,Q3,Q3
2025-04-30,4.31,3.6,4.17,0.57,2.23,0.0018654761904762297,0.00017103174603174602,0.0016944444444444836,-0.022123646629087085,4.17,0.57,2.23,1.94,-1.4254477135386636,1.9124863653493716,-0.9525369963346777,-0.01350016342116372,-0.002777604312010379,0.1195433764257788,-0.9616737923728428,Q4 steep,Q2
2025-05-01,4.31,3.7,4.25,0.55,2.25,-0.006631349206349212,0.00017103174603174602,-0.006802380952380958,-0.01372082125815066,4.25,0.55,2.25,2.0,-0.9234654801138584,1.7411038126058649,-0.4927811041863863,-0.00801119484651802,-0.001559875837279845,0.12076110490050931,-0.650538661204531,Q4 steep,Q3
2025-05-02,4.33,3.83,4.33,0.5,2.27,-0.006628174603174609,0.00017182539682539683,-0.006800000000000006,-0.011178917514231059,4.33,0.5,2.27,2.06,-0.4357534733270757,1.3854012827021784,-0.0411338604731389,-0.005553521060063573,0.002691864016953399,0.12501284475474256,0.4590452956782399,Q3,Q3
2025-05-05,4.33,3.83,4.36,0.53,2.28,-0.002376984126984148,0.00017182539682539683,-0.0025488095238095448,-0.008642130104694334,4.36,0.53,2.28,2.0800000000000005,-0.2555690337688912,1.5611023564380742,0.1037592131816772,-0.005217954730815355,0.0033470866283530354,0.12566806736614222,0.6237349009054564,Q3,Q4 high
2025-05-06,4.33,3.78,4.3,0.52,2.26,0.005270634920634963,0.00017182539682539683,0.005098809523809566,-0.006119791705755443,4.3,0.52,2.26,2.04,-0.6228887857257009,1.4735601855476947,-0.20814822682354553,-0.003203859903115372,-0.0025479238117613323,0.11977305692602784,-0.9239018534579536,Q3,Q3
2025-05-07,4.34,3.78,4.26,0.48,2.25,0.003569047619047622,0.00017222222222222224,0.0033968253968254,-0.012032429822664503,4.26,0.48,2.25,2.01,-0.8570627650635804,1.1886393123910732,-0.43363431571673305,-0.006736157827201339,-0.0020891172496765587,0.12023186348811261,-0.7941054153888393,Q3,Q3
2025-05-08,4.34,3.9,4.37,0.47,2.29,-0.009176587301587328,0.00017222222222222224,-0.009348809523809551,-0.012030441225032489,4.37,0.47,2.29,2.08,-0.18218678892348675,1.1038962813084736,0.10340003484925682,-0.006888703480966478,0.0014258083533806032,0.12374678909116976,0.1238452277842419,Q3,Q3
2025-05-09,4.34,3.88,4.37,0.49,2.29,0.00017341269841269843,0.00017222222222222224,1.190476190476191e-06,-0.01034421583184757,4.37,0.49,2.29,2.08,-0.17928082577420953,1.219009404118408,0.10463968700107863,-0.005627871130575769,0.0005775187745759858,0.12289849951236516,-0.09701980564132867,Q3,Q3
2025-05-12,4.42,3.98,4.45,0.47,2.29,-0.006623412698412704,0.00017539682539682538,-0.006798809523809529,-0.0018451268659557332,4.45,0.47,2.29,2.16,0.3080946944557878,1.068531728373673,0.7129527067555758,-0.0005437024853588949,0.0017937373111691912,0.12411471804895836,0.22742207241109189,Q3,Q4 high
2025-05-13,4.41,4.02,4.49,0.47,2.32,-0.0032218253968253996,0.000175,-0.0033968253968253994,0.00669306174075332,4.49,0.47,2.32,2.1700000000000004,0.5482232449258474,1.0519790433119014,0.7821011268860318,0.00398480416396238,0.005156477921034547,0.1274774586588237,1.1017058785772949,Q3,Q4 high
2025-05-14,4.41,4.05,4.53,0.48,2.37,-0.003220238095238098,0.000175,-0.003395238095238098,0.014438437697062101,4.53,0.48,2.37,2.16,0.7833852297836298,1.102018288524505,0.6977817277942974,0.008545930041659978,0.00426330144735293,0.12658428218514212,0.8586410046739094,Q3,Q4 high
2025-05-15,4.38,3.96,4.45,0.49,2.34,0.0069765873015873075,0.0001738095238095238,0.0068027777777777835,0.003261949995634136,4.45,0.49,2.34,2.1100000000000003,0.2948158614591011,1.1521358024750374,0.3137010314461626,0.001712694873489015,0.004511396565465869,0.12683237730325503,0.9198086996112786,Q3,Q4 high
2025-05-16,4.37,3.98,4.43,0.45,2.34,0.00187579365079369,0.00017341269841269843,0.0017023809523809914,-0.0027192519095163977,4.43,0.45,2.34,2.09,0.17322241287040757,0.8688158151761608,0.1613837676225923,-0.0003706105427994896,0.0031335379376709327,0.12545451867546006,0.563565824262548,Q3,Q4 high
2025-05-19,4.39,3.97,4.46,0.49,2.36,-0.002373015873015894,0.00017420634920634919,-0.0025472222222222432,0.005805095185361124,4.46,0.49,2.36,2.1,0.3530262844713216,1.1272701018580622,0.23567637925093407,0.003083457371743363,0.0037112656849427605,0.12603224642273192,0.7155957346717888,Q3,Q4 high
2025-05-20,4.38,3.97,4.48,0.51,2.35,-0.0015222222222222614,0.0001738095238095238,-0.0016960317460317851,0.008377586490119332,4.48,0.51,2.35,2.1300000000000003,0.4652333625385383,1.248946539354161,0.45550096198280077,0.003862422687435069,0.004456402443735796,0.12677738318152498,0.8968379188498367,Q3,Q4 high
2025-05-21,4.36,4.0,4.58,0.58,2.35,-0.00831825396825394,0.00017301587301587302,-0.008491269841269813,0.01704169695668975,4.58,0.58,2.35,2.23,1.0573280080282337,1.7044239968861992,1.1986980047706735,0.007931472127974244,0.003985100845090905,0.1263060815828801,0.7608778778453485,Q4 steep,Q4 high
2025-05-22,4.37,4.0,4.54,0.54,2.34,0.003580158730158733,0.00017341269841269843,0.0034067460317460346,0.013576386611547548,4.54,0.54,2.34,2.2,0.8014012533711404,1.4110661982762203,0.9565429175063004,0.006831227806594893,0.006290372640131325,0.12861135337792046,1.3422028598140219,Q3,Q4 high
2025-05-23,4.36,4.0,4.51,0.51,2.33,0.002728968253968275,0.00017301587301587302,0.002555952380952402,0.01443106102254172,4.51,0.51,2.33,2.1799999999999997,0.6079572583703621,1.1889640624837523,0.7930802759944944,0.007939767034946584,0.006063374619969697,0.12838435535775883,1.2623989872055412,Q3,Q4 high
2025-05-26,4.36,4.0,4.51,0.51,2.33,0.00017896825396825398,0.00017301587301587302,5.952380952380955e-06,0.0178827339555308,4.51,0.51,2.33,2.1799999999999997,0.5958991380710172,1.1767053227968225,0.7799065554614322,0.010190354295873946,0.006063374619969697,0.12838435535775883,1.241601726521053,Q3,Q4 high
2025-05-27,4.35,3.92,4.43,0.51,2.32,0.006975793650793656,0.00017261904761904762,0.006803174603174609,0.011839727198684183,4.43,0.51,2.32,2.11,0.09459494931694402,1.1679486474602778,0.23945452880626575,0.007773878509088175,0.003890507702122542,0.12621148843991173,0.669915271273335,Q3,Q4 high
2025-05-28,4.35,3.96,4.47,0.51,2.32,-0.0032226190476190505,0.00017261904761904762,-0.0033952380952380983,0.01789152358663,4.47,0.51,2.32,2.15,0.33145386766488877,1.1563075322163103,0.5335784441312678,0.011408460278114176,-0.0003707021877665251,0.12195027855002263,-0.438169482990781,Q3,Q4 high
2025-05-29,4.36,3.92,4.43,0.51,2.32,0.0035757936507936536,0.00017301587301587302,0.0034027777777777806,0.011827979202401306,4.43,0.51,2.32,2.11,0.07198746789875515,1.1453591740343856,0.21687250969052888,0.007430182342387082,0.0052921393675502415,0.12761312010533943,1.0156027994625512,Q3,Q4 high
2025-05-30,4.36,3.89,4.41,0.52,2.34,0.0018749999999999637,0.00017301587301587302,0.0017019841269840907,0.014403861723182337,4.41,0.52,2.34,2.0700000000000003,-0.06567883750544107,1.2133420749443642,-0.10081759998634726,0.008225883006946405,0.002416484253451534,0.12473746499124072,0.25468560559711856,Q3,Q3
2025-06-02,4.44,3.94,4.46,0.52,2.33,-0.0040730158730158585,0.0001761904761904762,-0.004249206349206335,0.01700407758795635,4.46,0.52,2.33,2.13,0.2373950334088115,1.204955309872807,0.35279074058363424,0.008411726258729596,0.007142881629774722,0.12946386236756388,1.4755760153506814,Q3,Q4 high
2025-06-03,4.43,3.96,4.46,0.5,2.32,0.00017698412698412697,0.00017579365079365078,1.190476190476191e-06,0.013528671422269493,4.46,0.5,2.32,2.14,0.2260167328654527,1.0423402365611143,0.4199550874994786,0.007544648519824275,0.00830316736552203,0.13062414810331122,1.7444463113383661,Q3,Q4 high
2025-06-04,4.44,3.87,4.37,0.5,2.31,0.007823412698412685,0.0001761904761904762,0.007647222222222209,0.0015178258066706625,4.37,0.5,2.31,2.06,-0.3638981758446866,1.0338261512021398,-0.21654207675182735,7.332757420155785e-05,0.00322933905148165,0.12555031978927084,0.41023546308292597,Q3,Q3
2025-06-05,4.44,3.92,4.4,0.48,2.29,-0.0023753968253968465,0.0001761904761904762,-0.0025515873015873225,0.004085980400856363,4.4,0.48,2.29,2.1100000000000003,-0.17735410996999373,0.8642155737033309,0.16902256738211616,0.0021403874251181656,0.005221826051589384,0.12754280678937857,0.9170890221696145,Q3,Q4 high
2025-06-06,4.43,4.04,4.51,0.47,2.31,-0.009171031746031696,0.00017579365079365078,-0.009346825396825346,0.009269116624192972,4.51,0.47,2.31,2.1999999999999997,0.5299208254887313,0.7718071993326017,0.8680711868796208,0.006364137301215619,0.007161068825299072,0.12948204956308826,1.4010992411625836,Q3,Q4 high
2025-06-09,4.44,4.01,4.49,0.48,2.31,0.001878174603174567,0.0001761904761904762,0.0017019841269840907,0.005829531972257149,4.49,0.48,2.31,2.18,0.39466091310590096,0.8410374926223985,0.7016688692087119,0.00409125535737844,0.0066805721149764685,0.12900155285276566,1.2562404062542536,Q3,Q4 high
2025-06-10,4.45,4.01,4.47,0.46,2.29,0.0018773809523809915,0.0001765873015873016,0.00170079365079369,0.010964370205140407,4.47,0.46,2.29,2.1799999999999997,0.26017451431635286,0.6646385722968926,0.6935065183568846,0.006649714437119837,0.005532412999022851,0.127853393736812,0.9476161966849898,Q3,Q4 high
2025-06-11,4.45,3.94,4.41,0.47,2.27,0.005274999999999966,0.0001765873015873016,0.005098412698412665,0.004957715469686337,4.41,0.47,2.27,2.14,-0.13139158642333543,0.7364073281647578,0.3749939860821777,0.00324644109447106,0.003170225805871618,0.1254912065436608,0.3345838840940818,Q3,Q4 high
2025-06-12,4.46,3.9,4.36,0.46,2.25,0.004423015873015858,0.00017698412698412697,0.004246031746031731,-0.006133840781818178,4.36,0.46,2.25,2.1100000000000003,-0.4500505454946615,0.6400690495218767,0.14338634515484092,-0.00228728078626188,0.004329281908920901,0.1266502626467101,0.6327924352086908,Q3,Q4 high
2025-06-13,4.45,3.96,4.41,0.45,2.28,-0.004074999999999986,0.0001765873015873016,-0.0042515873015872875,-0.0018749602795847756,4.41,0.45,2.28,2.1300000000000003,-0.1162651191045269,0.5429733880436243,0.3132392324262338,0.00021904706399305493,0.006412519008142187,0.12873349974593135,1.155487790494096,Q3,Q4 high
2025-06-16,4.43,3.97,4.46,0.49,2.3,-0.0040730158730158585,0.00017579365079365078,-0.004248809523809509,-0.003582989111847557,4.46,0.49,2.3,2.16,0.2141195141766778,0.8738121231959142,0.5584545373285977,-0.0014351641703767906,0.008992743215520876,0.13131372395331004,1.782330035586881,Q3,Q4 high
2025-06-17,4.42,3.94,4.39,0.45,2.31,0.006124206349206373,0.00017539682539682538,0.005948809523809548,-0.006114537670840565,4.39,0.45,2.31,2.0799999999999996,-0.234893862701985,0.5172951019587786,-0.06903571050149591,-0.0015944173851536077,0.00676391114947919,0.12908489188726835,1.2037455743775303,Q3,Q3
2025-06-18,4.42,3.94,4.38,0.44,2.31,0.0010238095238095056,0.00017539682539682538,0.0008484126984126802,-0.007804696069811968,4.38,0.44,2.31,2.07,-0.2909764925340253,0.4216078301792512,-0.1395391749827526,-0.002661879871952378,0.004112759226764129,0.12643373996455332,0.5306144784044006,Q3,Q3
2025-06-19,4.42,3.94,4.38,0.44,2.31,0.0001738095238095238,0.00017539682539682538,-1.58730158730157e-06,-0.005262510832233415,4.38,0.44,2.31,2.07,-0.2812434145371698,0.41271908702868215,-0.1294007871561908,-0.0008276368884813324,0.004112759226764129,0.12643373996455332,0.5258141214787742,Q3,Q3
2025-06-20,4.39,3.9,4.38,0.48,2.33,0.0001738095238095238,0.00017420634920634919,-3.9682539682537894e-07,-0.00017230386694958673,4.38,0.48,2.33,2.05,-0.2718310578960106,0.7485386644773334,-0.2822851550992193,0.000901996451080166,0.0037220866194556113,0.12604306735724477,0.4393969123866058,Q3,Q3
2025-06-23,4.38,3.84,4.34,0.5,2.3,0.003572222222222225,0.0001738095238095238,0.003398412698412701,-0.0010230363068072178,4.34,0.5,2.3,2.04,-0.526735260967721,0.9088244216420144,-0.3521200304293542,4.463172744409447e-05,0.006676723408382101,0.1289977041461713,1.195535260515876,Q3,Q3
2025-06-24,4.38,3.75,4.3,0.55,2.29,0.0035706349206349234,0.0001738095238095238,0.0033968253968253994,-0.00866324723786389,4.3,0.55,2.29,2.01,-0.7821118418928544,1.3215546063282915,-0.5885609693113314,-0.0048815561685383365,0.002097414952990456,0.12441839569077963,0.03497157514289217,Q4 steep,Q3
2025-06-25,4.38,3.74,4.29,0.55,2.28,0.001020238095238077,0.0001738095238095238,0.0008464285714285533,-0.012038902955635453,4.29,0.55,2.28,2.0100000000000002,-0.8354639253074675,1.2992919386319857,-0.5767001227253548,-0.007036941968937248,-0.0004818085670855454,0.12183917217070364,-0.6109029836961174,Q4 steep,Q3
2025-06-26,4.39,3.7,4.26,0.56,2.28,0.00271904761904764,0.00017420634920634919,0.0025448412698412907,-0.012034599274659157,4.26,0.56,2.28,1.98,-1.0208806887683926,1.3614915747486036,-0.8143940655009457,-0.007790408429397958,0.002917463653889618,0.1252384443916788,0.26583222008680407,Q4 steep,Q3
2025-06-27,4.39,3.73,4.29,0.56,2.29,-0.0023797619047619257,0.00017420634920634919,-0.002553968253968275,-0.01118496123752166,4.29,0.56,2.29,2.0,-0.8056870688145648,1.3380327001097194,-0.6340559363683821,-0.007064780329399854,0.00496525943719614,0.1272862401749853,0.798024527193426,Q4 steep,Q3
2025-06-30,4.41,3.72,4.24,0.52,2.29,0.004418253968253954,0.000175,0.004243253968253954,-0.008660919371106628,4.24,0.52,2.29,1.9500000000000002,-1.1252223659114273,0.9815514518604836,-1.0417428139793214,-0.005811794192405987,0.005684327464110656,0.12800530820189981,0.9811576143615369,Q3,Q2
2025-07-01,4.4,3.78,4.26,0.48,2.29,-0.0015309523809523447,0.00017460317460317462,-0.0017055555555555192,-0.010350692362027679,4.26,0.48,2.29,1.9699999999999998,-0.9753672122560548,0.6313807267775304,-0.8591090985106279,-0.006311931866507291,0.002507265767654948,0.12482824650544411,0.1745464683723553,Q3,Q3
2025-07-02,4.41,3.78,4.3,0.52,2.3,-0.0032293650793650823,0.000175,-0.003404365079365082,-0.006112606681205943,4.3,0.52,2.3,2.0,-0.6919891760244725,0.9583802071899495,-0.5895409050656363,-0.004600082524769442,0.004178963754582293,0.12649994449237148,0.6179726253897274,Q3,Q3
2025-07-03,4.42,3.88,4.35,0.47,2.33,-0.004077380952380938,0.00017539682539682538,-0.004252777777777763,0.010062037158086718,4.35,0.47,2.33,2.0199999999999996,-0.33606654695302474,0.5284418188891624,-0.4031192914066392,0.0067016863592684285,0.006523140062122845,0.12884412079991203,1.2388685347737067,Q3,Q3
2025-07-04,4.42,3.88,4.35,0.47,2.33,0.00017261904761904762,0.00017539682539682538,-2.777777777777761e-06,0.010921114008092557,4.35,0.47,2.33,2.0199999999999996,-0.3227530773859967,0.5238282632927359,-0.3901973034953274,0.00735118996578391,0.006523140062122845,0.12884412079991203,1.2485849306942407,Q3,Q3
2025-07-07,4.42,3.9,4.4,0.5,2.35,-0.004075396825396886,0.00017539682539682538,-0.004250793650793711,0.015246678649627152,4.4,0.5,2.35,2.0500000000000003,0.0524892117027452,0.7674463991324779,-0.10403903096208358,0.008644002386596957,0.0071373412698525485,0.1294583220076417,1.4000968707801686,Q3,Q3
2025-07-08,4.42,3.9,4.42,0.52,2.35,-0.0015246031746031384,0.00017539682539682538,-0.0016999999999999637,0.01697734954182801,4.42,0.52,2.35,2.07,0.2268973903635395,0.9245330006603714,0.10165259371609396,0.009674928064277761,0.007934724663738457,0.13025570540152764,1.6088935356372718,Q3,Q3
2025-07-09,4.42,3.86,4.34,0.48,2.33,0.006972222222222228,0.00017539682539682538,0.006796825396825403,0.009223040463077984,4.34,0.48,2.33,2.01,-0.3612995562764637,0.5823792010639793,-0.45129980466992226,0.005436875003128131,0.005015442802185105,0.12733642353997426,0.847120101542785,Q3,Q3
2025-07-10,4.42,3.86,4.35,0.49,2.34,-0.0006773809523809342,0.00017539682539682538,-0.0008527777777777596,0.006639185683257888,4.35,0.49,2.34,2.01,-0.26907508721495466,0.6586882611742938,-0.43890247330838356,0.003927028665816347,0.004865788260125514,0.1271867689979147,0.821906743499189,Q3,Q3
2025-07-11,4.41,3.9,4.43,0.53,2.37,-0.006624206349206355,0.000175,-0.006799206349206355,0.013551333004847715,4.43,0.53,2.37,2.0599999999999996,0.3822390089146654,0.9808202052453635,0.061917074375507454,0.007115893258126976,0.0072403550225807745,0.12956133576036993,1.4421336083742051,Q3,Q3
2025-07-14,4.42,3.9,4.43,0.53,2.39,0.00017579365079365078,0.00017539682539682538,3.9682539682540604e-07,0.011820308534854527,4.43,0.53,2.39,2.0399999999999996,0.3988927684406787,0.9660020478646664,-0.12409112411781376,0.0069420508754144935,0.00628901567576215,0.1286099964135513,1.182059704316364,Q3,Q3
2025-07-15,4.42,3.95,4.5,0.55,2.41,-0.005771428571428595,0.00017539682539682538,-0.00594682539682542,0.022232860953795997,4.5,0.55,2.41,2.09,0.9863170124427713,1.1150476409307852,0.3856910409342172,0.01273079654922642,0.007789720272046663,0.13011070100983585,1.5568318169742656,Q4 steep,Q4 high
2025-07-16,4.41,3.88,4.46,0.58,2.41,0.00357698412698413,0.000175,0.00340198412698413,0.014410331607944409,4.46,0.58,2.41,2.05,0.6697165878226277,1.3417790196242865,-0.004818968771452997,0.007670795340062479,0.006310997510545369,0.12863197824833456,1.1618203301874024,Q4 steep,Q3
2025-07-17,4.41,3.91,4.47,0.56,2.43,-0.0006726190476190294,0.000175,-0.0008476190476190295,0.011811258139026556,4.47,0.56,2.43,2.0399999999999996,0.7699121529106321,1.1569019111436465,-0.09403557329833798,0.006769584434136562,0.008115649965756283,0.13043663070354544,1.6240938374747569,Q4 steep,Q3
2025-07-18,4.4,3.88,4.44,0.56,2.41,0.002726190476190422,0.00017460317460317462,0.0025515873015872475,0.008366880209797289,4.44,0.56,2.41,2.0300000000000002,0.5430200351126472,1.1389075304250664,-0.1824668432024851,0.004577760375722095,0.007918830917957254,0.13023981165574644,1.5690453764652417,Q4 steep,Q3
2025-07-21,4.41,3.85,4.38,0.53,2.4,0.005273809523809566,0.000175,0.005098809523809566,0.006656673201925459,4.38,0.53,2.4,1.98,0.04711733275987112,0.8786860933690448,-0.6878349556624522,0.003865834289802153,0.004995394663050934,0.12731637540084012,0.819090831658679,Q3,Q3
2025-07-22,4.41,3.83,4.35,0.52,2.39,0.0027226190476190688,0.000175,0.002547619047619069,0.004945815795127357,4.35,0.52,2.39,1.9599999999999995,-0.2038117159552874,0.7848869264417859,-0.8825574413648918,0.0028951817215324646,0.007121621409476392,0.12944260214726555,1.3501075831528961,Q3,Q3
2025-07-23,4.41,3.88,4.4,0.52,2.37,-0.004075396825396886,0.000175,-0.004250396825396885,0.00580736777895655,4.4,0.52,2.37,2.0300000000000002,0.24876495365276058,0.7734605379860817,-0.14381447202574862,0.00333614775552825,0.006924183747066243,0.1292451644848554,1.2990998559220817,Q3,Q3
2025-07-24,4.42,3.91,4.43,0.52,2.45,-0.002374206349206295,0.00017539682539682538,-0.0025496031746031207,0.0144070619769055,4.43,0.52,2.45,1.9799999999999995,0.5283646193455596,0.7614779446483722,-0.6555498435800083,0.009102241872237482,0.008976803638428371,0.13129778437621753,1.80954515865286,Q3,Q3
2025-07-25,4.42,3.91,4.4,0.49,2.44,0.0027246031746031205,0.00017539682539682538,0.002549206349206295,0.010092544907480197,4.4,0.49,2.44,1.9600000000000004,0.2699609908228307,0.506220089548638,-0.8518431678919492,0.006397363642112278,0.008873811531735498,0.13119479226952468,1.7548336147450856,Q3,Q3
2025-07-28,4.4,3.91,4.42,0.51,2.44,-0.0015246031746031384,0.00017460317460317462,-0.001699206349206313,0.013542714561922265,4.42,0.51,2.44,1.98,0.4682840549845988,0.6603028838286118,-0.6293489750910818,0.009156442959788102,0.005235208755928922,0.1275561894937181,0.8343361825063564,Q3,Q3
2025-07-29,4.4,3.86,4.34,0.48,2.43,0.006972222222222228,0.00017460317460317462,0.006797619047619053,0.00839272124425737,4.34,0.48,2.43,1.9099999999999997,-0.25146090507916413,0.40332266558990976,-1.3459761867314632,0.007346451090547554,0.00523961671655207,0.12756059745434123,0.8310122361400358,Q3,Q2
2025-07-30,4.41,3.94,4.38,0.44,2.42,-0.003226190476190479,0.000175,-0.0034011904761904787,0.013570097171627504,4.38,0.44,2.42,1.96,0.12933050104209282,0.0650810924021197,-0.809078337467442,0.010432223283898045,0.007009430768490199,0.12933041150627939,1.2610164166203666,Q3,Q3
2025-07-31,4.41,3.94,4.37,0.43,2.39,0.0010234126984126804,0.000175,0.0008484126984126803,0.011844183026446627,4.37,0.43,2.39,1.98,0.04070458619946797,-0.02916489664013356,-0.5961591067137995,0.010281102281699137,0.00823365624804906,0.13055463698583825,1.542866563284182,Q3,Q3
2025-08-01,4.35,3.69,4.23,0.54,2.33,0.012067857142857116,0.00017261904761904762,0.011895238095238068,-9.060495333839758e-05,4.23,0.54,2.33,1.9000000000000004,-1.2438159418169965,0.8762230996702363,-1.4120054000236546,0.0019274365712138302,0.004533787713563775,0.12685476845135296,0.6208296526358652,Q3,Q2
2025-08-04,4.35,3.69,4.22,0.53,2.37,0.0010174603174603748,0.00017261904761904762,0.0008448412698413272,-0.00519487272677324,4.22,0.53,2.37,1.8499999999999996,-1.3148933325736005,0.7806404430348908,-1.8867577508550426,-0.001383153704827471,0.006792513619888058,0.12911349435767722,1.166530672748842,Q3,Q2
2025-08-05,4.34,3.72,4.22,0.5,2.36,0.00016746031746031745,0.00017222222222222224,-4.761904761904791e-06,-9.762929885509183e-05,4.22,0.5,2.36,1.8599999999999999,-1.2946818811201541,0.5124769250484322,-1.7462960754084405,0.0016517774967126288,0.003984307036285328,0.12630528777407452,0.4774464101908168,Q3,Q2
2025-08-06,4.32,3.69,4.22,0.53,2.34,0.00016746031746031745,0.00017142857142857143,-3.968253968253979e-06,0.0041707737529073415,4.22,0.53,2.34,1.88,-1.2772687882382645,0.758855807959199,-1.5149212837629267,0.003603948029912718,0.002977531009688228,0.1252985117474774,0.23651938179132864,Q3,Q2
2025-08-07,4.32,3.72,4.23,0.51,2.35,-0.0006821428571429145,0.00017142857142857143,-0.0008535714285714859,0.011032765553999013,4.23,0.51,2.35,1.8800000000000003,-1.1775814494311678,0.5725472410372746,-1.4893280368964334,0.007779532563875291,0.0021160135385122902,0.12443699427630145,0.025869191830997548,Q3,Q2
2025-08-08,4.32,3.76,4.27,0.51,2.39,-0.003230555555555483,0.00017142857142857143,-0.0034019841269840546,0.01881935352489395,4.27,0.51,2.39,1.8799999999999994,-0.7842690935182672,0.5606360619254955,-1.4622287546016817,0.011341165577262486,0.0047121783010584395,0.1270331590388476,0.667279377586274,Q3,Q2
2025-08-11,4.34,3.76,4.27,0.51,2.4,0.00016944444444444442,0.00017222222222222224,-2.777777777777815e-06,0.01621458229909525,4.27,0.51,2.4,1.8699999999999997,-0.7712085154236076,0.5487392207459979,-1.5335924342276293,0.009683464775116501,0.003491724963529369,0.12581270570131853,0.35771275247951667,Q3,Q2
2025-08-12,4.33,3.72,4.29,0.57,2.38,-0.001529761904761944,0.00017182539682539683,-0.0017015873015873407,0.021422668613679183,4.29,0.57,2.38,1.9100000000000001,-0.5675534449917131,1.0837547958221898,-1.12380415525213,0.011064329307683748,0.005879449319034613,0.1282004300568238,0.9375092513568382,Q4 steep,Q2
2025-08-13,4.29,3.67,4.24,0.57,2.37,0.004418253968253954,0.00017023809523809523,0.004248015873015859,0.019686939903635667,4.24,0.57,2.37,1.87,-1.0377747595877924,1.0698327359930486,-1.487730588335471,0.009409881202632272,0.003269297826692885,0.12559027856448207,0.28994878499439075,Q4 steep,Q2
2025-08-14,4.3,3.74,4.29,0.55,2.39,-0.004079761904761891,0.0001706349206349206,-0.004250396825396812,0.019686293032375117,4.29,0.55,2.39,1.9,-0.5376671492675777,0.8719769712302985,-1.1766940546684688,0.00967307782102841,0.0053742229713477085,0.12769520370913687,0.8027583924529009,Q4 steep,Q2
2025-08-15,4.3,3.75,4.33,0.58,2.38,-0.003228174603174606,0.0001706349206349206,-0.0033988095238095266,0.024047075160564264,4.33,0.58,2.38,1.9500000000000002,-0.13056165368250033,1.1445591371259118,-0.6834032530057733,0.012131677572589959,0.0045347000681833505,0.12685568080597254,0.5898800965601011,Q4 steep,Q2
2025-08-18,4.33,3.77,4.34,0.57,2.38,-0.0006777777777777596,0.00017182539682539683,-0.0008496031746031564,0.025794356220141142,4.34,0.57,2.38,1.96,-0.024588059543843046,1.0392637415131838,-0.5828740267133182,0.013238847774519799,0.00817402654103283,0.130495007278822,1.461076580281531,Q4 steep,Q3
2025-08-19,4.3,3.75,4.3,0.55,2.35,0.0035706349206349234,0.0001706349206349206,0.003400000000000003,0.020565035806602107,4.3,0.55,2.35,1.9499999999999997,-0.4166750002499954,0.8332445479204453,-0.6763713712521392,0.010312626498341694,0.004838246399811119,0.1271592271376003,0.6315395706481428,Q4 steep,Q2
2025-08-20,4.3,3.74,4.29,0.55,2.35,0.001020238095238077,0.0001706349206349206,0.0008496031746031565,0.0153511515392747,4.29,0.55,2.35,1.94,-0.5156910008855314,0.8239790455086342,-0.7754611358804747,0.007362295210536142,0.007226410905803865,0.12954739164359305,1.199156249288714,Q4 steep,Q2
2025-08-21,4.32,3.79,4.33,0.54,2.39,-0.003228174603174606,0.00017142857142857143,-0.0033996031746031776,0.016223752482608877,4.33,0.54,2.39,1.94,-0.12258671041272876,0.7165323987528412,-0.7823843308928526,0.008743259760873534,0.0067763763290806245,0.1290973570668698,1.0737233642921906,Q3,Q2
2025-08-22,4.27,3.68,4.26,0.58,2.41,0.006119047619047643,0.00016944444444444442,0.005949603174603199,0.00933839925832467,4.26,0.58,2.41,1.8499999999999996,-0.8209572270440467,1.1232810831043767,-1.638593887030219,0.003502437199775721,0.005890570339837892,0.12821155107762708,0.8409800322383406,Q4 steep,Q2
2025-08-25,4.29,3.73,4.28,0.55,2.41,-0.0015301587301587694,0.00017023809523809523,-0.0017003968253968646,0.013654388769378932,4.28,0.55,2.41,1.87,-0.625514782048873,0.7987119115799297,-1.4483419469986605,0.006565935833771262,0.007080323290694968,0.12940130402848413,1.12255997132608,Q4 steep,Q2
2025-08-26,4.28,3.61,4.26,0.65,2.42,0.0018690476190476582,0.00016984126984126986,0.0016992063492063884,0.008483211296120834,4.26,0.65,2.42,1.8399999999999999,-0.8433590912417566,1.8743974778965022,-1.7512412290492945,0.00299586730532279,0.002239662377712087,0.12456064311550125,-0.10242262856004392,Q4 steep,Q2
2025-08-27,4.26,3.59,4.24,0.65,2.43,0.001868253968253932,0.00016904761904761904,0.001699206349206313,0.005055473876427463,4.24,0.65,2.43,1.81,-1.049916442394221,1.8584449994743308,-2.021324942011508,-0.00030215683088492573,0.0002837321849333829,0.12260471292272257,-0.608212644825499,Q4 steep,Q1 low
2025-08-28,4.26,3.62,4.22,0.6,2.41,0.0018674603174603567,0.00016904761904761904,0.0016984126984127376,0.0016417955237572222,4.22,0.6,2.41,1.8099999999999996,-1.2427166521458195,1.292564485113398,-1.9839638187212498,-0.001458509764322985,0.005745324937979135,0.12806630567576832,0.7711766115942076,Q4 steep,Q1 low
2025-08-29,4.23,3.59,4.23,0.64,2.41,-0.0006821428571429145,0.00016785714285714288,-0.0008500000000000574,0.006775374671297026,4.23,0.64,2.41,1.8200000000000003,-1.1320942927094322,1.7138248101437594,-1.8561499393792316,8.745173347021844e-05,0.005635586149601718,0.12795656688739088,0.7310600506545826,Q4 steep,Q1 low
2025-09-01,4.23,3.59,4.23,0.64,2.41,0.00016785714285714288,0.00016785714285714288,0.0,0.005922400515702038,4.23,0.64,2.41,1.8200000000000003,-1.1194238450633176,1.6880158568119974,-1.819234568294155,3.0429445807674328e-05,0.005635586149601718,0.12795656688739088,0.7187031087639284,Q4 steep,Q1 low
2025-09-02,4.2,3.66,4.28,0.62,2.41,-0.004080158730158716,0.0001666666666666667,-0.0042468253968253825,0.013676363808068968,4.28,0.62,2.41,1.87,-0.6253900802738979,1.444374051529791,-1.3489272598173592,0.005015313781793461,0.0070881840452606815,0.12940916478304984,1.0899932059380093,Q4 steep,Q2
2025-09-03,4.18,3.61,4.22,0.61,2.4,0.005267460317460359,0.00016587301587301585,0.005101587301587343,0.010238021138158332,4.22,0.61,2.4,1.8199999999999998,-1.2197420559295964,1.3139566563286196,-1.7773017886955023,0.0030159475574244535,0.0066553115847935995,0.1289762923225828,0.9627394217378847,Q4 steep,Q1 low
2025-09-04,4.16,3.59,4.17,0.58,2.38,0.004415476190476176,0.00016507936507936506,0.004250396825396811,0.0033793150448086368,4.17,0.58,2.38,1.79,-1.6899124522488134,0.9632024297593768,-2.0033613086704256,-0.0007736792928805497,0.00681431884939615,0.12913529958718534,0.9898675587513446,Q4 steep,Q1 low
2025-09-05,4.07,3.51,4.1,0.59,2.37,0.006112698412698437,0.00016150793650793652,0.0059511904761905005,-0.006821968602104588,4.1,0.59,2.37,1.7299999999999995,-2.323163629694109,1.065365699708687,-2.461867530610172,-0.006047718191567385,0.006053861224508933,0.1283748419622981,0.7740385805237254,Q4 steep,Q1 low
2025-09-08,4.1,3.49,4.05,0.56,2.35,0.004410714285714271,0.00016269841269841268,0.004248015873015858,-0.007658197296167341,4.05,0.56,2.35,1.6999999999999997,-2.7062858804906913,0.707606687799513,-2.626463102986743,-0.005417951352852385,0.0027709260711670236,0.1250919068089562,-0.135255140204328,Q4 steep,Q1 low
2025-09-09,4.1,3.54,4.08,0.54,2.36,-0.002388095238095259,0.00016269841269841268,-0.0025507936507936715,-0.004259143524428468,4.08,0.54,2.36,1.7200000000000002,-2.3524803780279755,0.4591278328255777,-2.3800462544408694,-0.0040074805893236766,0.003013639051438227,0.1253346197892274,-0.07836974146390006,Q3,Q1 low
2025-09-10,4.09,3.54,4.04,0.5,2.35,0.0035603174603174633,0.0001623015873015873,0.003398015873015876,-0.008483926144867785,4.04,0.5,2.35,1.69,-2.628439472775179,-0.0600231961346179,-2.54072604888918,-0.005871599479923721,0.0024202272878967035,0.12474120802568589,-0.2547609772654809,Q3,Q1 low
2025-09-11,4.08,3.52,4.01,0.49,2.34,0.0027091269841270052,0.00016190476190476192,0.0025472222222222432,-0.0034198234459483163,4.01,0.49,2.34,1.67,-2.7944353949780254,-0.22049210911566003,-2.6129685774765177,-0.002593952856744402,0.0021813698215464583,0.12450235055933563,-0.33847643641353475,Q3,Q1 low
2025-09-12,4.08,3.56,4.06,0.5,2.36,-0.0040888888888888746,0.00016190476190476192,-0.004250793650793636,0.0008493322494926674,4.06,0.5,2.36,1.6999999999999997,-2.3022545500970444,-0.113059089377529,-2.3140332209027514,-0.00034305493779409127,0.0023335263912891147,0.1246545071290783,-0.31051403677211853,Q3,Q1 low
2025-09-15,4.06,3.54,4.05,0.51,2.37,0.0010107142857142676,0.0001611111111111111,0.0008496031746031565,0.0017028333173874127,4.05,0.51,2.37,1.6799999999999997,-2.3260205813506634,0.0033974996916203894,-2.399535731366555,0.0005831966472308142,0.0034825007686077603,0.12580348150639692,0.006604102656150633,Q3,Q1 low
2025-09-16,4.04,3.51,4.04,0.53,2.37,0.001010317460317442,0.0001603174603174603,0.0008499999999999818,-0.0008566724726186041,4.04,0.53,2.37,1.67,-2.336603445100981,0.2726966298767494,-2.398870033490403,-0.001443543702962448,0.0016785816815146348,0.1239995624193038,-0.5285793187463922,Q3,Q1 low
2025-09-17,4.02,3.52,4.06,0.54,2.38,-0.0015388888888888527,0.0001595238095238095,-0.0016984126984126622,0.005968005266243036,4.06,0.54,2.38,1.6799999999999997,-2.1176976996056878,0.4077254700471904,-2.2614464850414424,0.0033456173707971477,0.00048684274814303485,0.12280782348593221,-0.8996917559071972,Q3,Q1 low
2025-09-18,4.03,3.57,4.11,0.54,2.38,-0.004086904761904822,0.00015992063492063492,-0.004246825396825457,0.007688459457661859,4.11,0.54,2.38,1.7300000000000004,-1.6819459418588243,0.3945897524992968,-1.860292415967732,0.003843481384895034,0.002549389036403532,0.1248703697741927,-0.3069183511364026,Q3,Q1 low
2025-09-19,4.03,3.57,4.14,0.57,2.39,-0.0023857142857142315,0.00015992063492063492,-0.0025456349206348663,0.011992397584505711,4.14,0.57,2.39,1.7499999999999996,-1.418379005666976,0.8446864139759823,-1.6849844306230588,0.005303711393422218,0.003416658190784433,0.1257376389285736,-0.0540520957931441,Q4 steep,Q1 low
2025-09-22,4.0,3.61,4.15,0.54,2.37,-0.0006853174603175178,0.00015873015873015873,-0.0008440476190476765,0.014578022289242844,4.15,0.54,2.37,1.7800000000000002,-1.3235023266922437,0.36454997783195686,-1.457254006938236,0.0072942405975524715,0.004196745272933261,0.12651772601072245,0.17284242037069786,Q3,Q1 low
2025-09-23,4.0,3.53,4.12,0.59,2.37,0.0027134920634920845,0.00015873015873015873,0.002554761904761926,0.012847779611090394,4.12,0.59,2.37,1.75,-1.539559693751507,1.1562300065817164,-1.6489466588606623,0.0060043085819751485,0.0007011012866645627,0.12302208202445374,-0.9183202119466329,Q4 steep,Q1 low
2025-09-24,4.02,3.57,4.16,0.59,2.38,-0.003234920634920638,0.0001595238095238095,-0.0033944444444444473,0.012844488997226315,4.16,0.59,2.38,1.7800000000000002,-1.227412724076324,1.1743042477191499,-1.4320296804730208,0.0055338811132657085,5.156991621782514e-05,0.122372550654007,-1.142781909497675,Q4 steep,Q1 low
2025-09-25,4.04,3.64,4.18,0.54,2.38,-0.001534126984126948,0.0001603174603174603,-0.0016944444444444082,0.013707477235489237,4.18,0.54,2.38,1.7999999999999998,-1.0696645160532594,0.305916437919274,-1.283956951818807,0.007129601569597384,0.002370598071613772,0.12469157880940296,-0.4384817510164148,Q3,Q1 low
2025-09-26,4.02,3.63,4.2,0.57,2.38,-0.0015333333333333724,0.0001595238095238095,-0.001692857142857182,0.01630240192243991,4.2,0.57,2.38,1.8200000000000003,-0.9352104254829887,0.8548893844700467,-1.1520612405502475,0.007887083573995533,0.0012437014706480343,0.12356468220843721,-0.8214436306284798,Q4 steep,Q1 low
2025-09-29,4.04,3.63,4.15,0.52,2.35,0.004414682539682525,0.0001603174603174603,0.004254365079365064,0.013713269832605136,4.15,0.52,2.35,1.8000000000000003,-1.3591352583394283,-0.13109260594345806,-1.2856276164683214,0.006905122484529914,0.0018854262883403472,0.12420640702612952,-0.6429798587568543,Q3,Q1 low
2025-09-30,4.02,3.6,4.16,0.56,2.36,-0.0006849206349206168,0.0001595238095238095,-0.0008444444444444263,0.006793004655485162,4.16,0.56,2.36,1.8000000000000003,-1.2810116434606342,0.6635377375396746,-1.2687625414266777,0.0022720706131286,-0.0004723780735188532,0.12184860266427033,-1.4490024423078607,Q4 steep,Q1 low
2025-10-01,4.01,3.55,4.12,0.57,2.35,0.0035634920634920663,0.0001591269841269841,0.003404365079365082,0.0008073322675651272,4.12,0.57,2.35,1.77,-1.577184386558464,0.8633296150452981,-1.4474187089391612,-0.00120878261362554,-0.0011110450959196938,0.12120993564186948,-1.6457299334578235,Q4 steep,Q1 low
2025-10-02,4.02,3.55,4.1,0.55,2.34,0.0018626984126984519,0.0001595238095238095,0.0017031746031746424,-0.0008909517107584704,4.1,0.55,2.34,1.7599999999999998,-1.700459703692573,0.44174581479804903,-1.4871289241628127,-0.0015689692415529317,-0.00027581024300138424,0.12204517049478779,-1.388453615611895,Q4 steep,Q1 low
2025-10-03,4.03,3.58,4.13,0.55,2.33,-0.0023861111111111322,0.00015992063492063492,-0.002546031746031767,-3.487045382323962e-05,4.13,0.55,2.33,1.7999999999999998,-1.4392112188626751,0.4437972093166952,-1.2008571290055767,-0.00044681518702626864,0.00019504423861646525,0.12251602497640562,-1.2219994815429616,Q4 steep,Q1 low
2025-10-06,4.02,3.6,4.18,0.58,2.34,-0.00408412698412697,0.0001595238095238095,-0.004243650793650779,0.006814570892357721,4.18,0.58,2.34,1.8399999999999999,-1.0344694355851527,1.0529236827585635,-0.9197809506327713,0.0028003137176799836,-0.0013158763447198019,0.12100510439306936,-1.7180707250253213,Q4 steep,Q2
2025-10-07,4.01,3.57,4.14,0.57,2.35,0.0035642857142857173,0.0001591269841269841,0.003405158730158733,-0.002593359404039612,4.14,0.57,2.35,1.7899999999999996,-1.3233002117371846,0.8388068406511442,-1.2417968232237326,-0.0025516427405027397,0.000671140457401187,0.12299212119519035,-1.071389585539155,Q4 steep,Q1 low
2025-10-08,4.01,3.58,4.13,0.55,2.35,0.0010138888888888706,0.0001591269841269841,0.0008547619047618865,0.0016577476300298206,4.13,0.55,2.35,1.7799999999999998,-1.3770839836054394,0.4193761904629497,-1.2895436893744376,0.0008727543982414651,-0.0025981109284891057,0.1197228698093001,-2.1295756671642723,Q4 steep,Q1 low
2025-10-09,4.03,3.6,4.14,0.54,2.34,-0.0006857142857142676,0.00015992063492063492,-0.0008456349206349026,0.0025157191150079502,4.14,0.54,2.34,1.7999999999999998,-1.2825745138415063,0.20968469191297817,-1.134415115542877,0.00179373437594835,-0.0006787034302539463,0.12164227730753523,-1.4752062018681285,Q3,Q1 low
2025-10-10,4.02,3.52,4.05,0.53,2.3,0.007810714285714273,0.0001595238095238095,0.007651190476190464,-0.006809822468807335,4.05,0.53,2.3,1.75,-1.9234706529905827,0.003276323311139818,-1.4497903181114697,-0.0035259180566877034,-0.0034356888111548856,0.11888529192663429,-2.326842097665894,Q3,Q1 low
2025-10-13,4.02,3.52,4.05,0.53,2.3,0.0001607142857142857,0.0001595238095238095,1.1904761904762181e-06,-0.006803881748556511,4.05,0.53,2.3,1.75,-1.8793191247244605,0.0032763233111421097,-1.4243483646568733,-0.00352060246150932,-0.0034356888111548856,0.11888529192663429,-2.2696990432831474,Q3,Q1 low
2025-10-14,4.02,3.48,4.03,0.55,2.3,0.0018599206349205987,0.0001595238095238095,0.0017003968253967892,-0.00426279793256026,4.03,0.55,2.3,1.7300000000000004,-1.9788057383754243,0.45087442023147184,-1.53626946889734,-0.003397606453168912,-0.002351591099399891,0.11996938963838927,-1.9006018413453136,Q4 steep,Q1 low
2025-10-15,4.03,3.5,4.05,0.55,2.29,-0.001539285714285678,0.00015992063492063492,-0.001699206349206313,-0.005108121186488222,4.05,0.55,2.29,1.7599999999999998,-1.7924892069152483,0.4805313614206981,-1.3114901592302488,-0.0034499571683016517,-0.0037824968791730085,0.11853848385861615,-2.315828954753954,Q4 steep,Q1 low
2025-10-16,4.02,3.41,3.99,0.58,2.28,0.0052583333333333,0.0001595238095238095,0.00509880952380949,-0.012695569755883656,3.99,0.58,2.28,1.7100000000000004,-2.1663954557776215,1.1428998322623518,-1.6187901178576543,-0.008477726249131295,-0.003020765336815806,0.11930021540097338,-2.0703012045202365,Q4 steep,Q1 low
2025-10-17,4.0,3.46,4.02,0.56,2.27,-0.0023904761904761365,0.00015873015873015873,-0.002549206349206295,-0.009313967990993256,4.02,0.56,2.27,1.7499999999999996,-1.9073900269444763,0.7007141589199258,-1.3266752389920797,-0.0059407340779209835,-0.0030589567004717932,0.11926202403731738,-2.0688045668264268,Q4 steep,Q1 low
2025-10-20,3.97,3.46,4.0,0.54,2.26,0.0018587301587301224,0.00015753968253968254,0.00170119047619044,-0.010151360594464892,4.0,0.54,2.26,1.7400000000000002,-1.9986279140440408,0.26337584569286837,-1.369529707860839,-0.005825925886750311,-0.004755953784454953,0.11756502695333422,-2.5096286522864233,Q3,Q1 low
2025-10-21,3.96,3.45,3.98,0.53,2.28,0.0018579365079365094,0.00015714285714285713,0.0017007936507936522,-0.012672853289106023,3.98,0.53,2.28,1.7000000000000002,-2.0868353442810212,0.048935018292894934,-1.6040735037030815,-0.0072215634957150665,-0.0027597776880219915,0.11956120304976718,-1.9154639256804027,Q3,Q1 low
2025-10-22,3.96,3.45,3.97,0.52,2.29,0.0010075396825396643,0.00015714285714285713,0.0008503968253968072,-0.010984612376806658,3.97,0.52,2.29,1.6800000000000002,-2.1078422744422527,-0.16780717381836724,-1.700920459810145,-0.006082997802782654,-0.004058615448284203,0.11826236528950497,-2.2723284961086607,Q3,Q1 low
2025-10-23,3.95,3.48,4.01,0.53,2.3,-0.003240873015872981,0.00015674603174603175,-0.0033976190476190126,-0.004211090504294343,4.01,0.53,2.3,1.71,-1.812247400478499,0.059640743953666336,-1.4807165845505796,-0.0016555131741205014,-0.0050862363834501545,0.11723474435433903,-2.541959106653024,Q3,Q1 low
2025-10-24,3.93,3.48,4.02,0.54,2.29,-0.0006904761904761724,0.00015595238095238097,-0.0008464285714285533,-0.0016601169790816136,4.02,0.54,2.29,1.7299999999999995,-1.7138568058224812,0.282612442419505,-1.3292568268049607,-0.0005676771122928389,-0.003248117639120307,0.11907286309866888,-1.9833193687113353,Q3,Q1 low
2025-10-27,3.89,3.48,4.01,0.53,2.28,0.001009126984126966,0.00015436507936507937,0.0008547619047618867,4.052235580183925e-05,4.01,0.53,2.28,1.73,-1.741527390547181,0.05625298206390913,-1.3066605007015397,0.0010122822117984182,-0.005223290806245784,0.11709768993154339,-2.47905035829461,Q3,Q1 low
2025-10-28,3.89,3.47,3.99,0.52,2.28,0.001858333333333297,0.00015436507936507937,0.0017039682539682175,-0.000811511069226719,3.99,0.52,2.28,1.7100000000000004,-1.8283876281117715,-0.16346969924145124,-1.408908998227032,0.0004884878220977641,-0.004813195930527925,0.11750778480726123,-2.293481677761635,Q3,Q1 low
2025-10-29,3.93,3.59,4.08,0.49,2.3,-0.007488095238095226,0.00015595238095238097,-0.007644047619047607,0.006912429168178755,4.08,0.49,2.3,1.7800000000000002,-1.236603538807384,-0.8204742760539037,-0.9500218718664195,0.005172145079322685,-0.0030146341219619843,0.11930634661582719,-1.7876315533902898,Q3,Q1 low
2025-10-30,3.92,3.61,4.11,0.5,2.29,-0.0023869047619047828,0.00015555555555555556,-0.0025424603174603383,0.007771118495599502,4.11,0.5,2.29,1.8200000000000003,-1.0347525704674854,-0.6048439180074772,-0.6865361518287293,0.005193779044236122,-0.003013141792823637,0.11930783894496554,-1.7791159202454796,Q3,Q1 low
2025-10-31,3.89,3.6,4.11,0.51,2.3,0.00016309523809523812,0.00015436507936507937,8.730158730158743e-06,0.0017587237726222234,4.11,0.51,2.3,1.8100000000000005,-1.0189611827799503,-0.3926523066001605,-0.7373780747254643,0.0013852970785190161,-0.0017198206823881013,0.12060116005540107,-1.403782615550938,Q3,Q1 low
2025-11-03,3.98,3.6,4.13,0.53,2.31,-0.001536111111111075,0.00015793650793650795,-0.001694047619047583,0.0034766466121260624,4.13,0.53,2.31,1.8199999999999998,-0.8798914905997804,0.04611678883452248,-0.6622912531608964,0.0023825768622882286,-2.7398400850420224e-05,0.12229358233693875,-0.9350180799359482,Q3,Q1 low
2025-11-04,3.96,3.58,4.1,0.52,2.29,0.0027126984126984335,0.00015714285714285713,0.0025555555555555765,0.003484576738313684,4.1,0.52,2.29,1.8099999999999996,-1.0514040976049503,-0.18748617340456078,-0.7131770572910323,0.002712742580109852,-0.0032405177980492084,0.11908046293973998,-1.7863835289758232,Q3,Q1 low
2025-11-05,3.96,3.63,4.17,0.54,2.3,-0.005784523809523833,0.00015714285714285713,-0.0059416666666666906,0.005213506287763238,4.17,0.54,2.3,1.87,-0.5998368206336735,0.251671617599442,-0.31732472932771305,0.0035297523892107953,-0.0016026649586749764,0.12071831577911417,-1.3184532446839665,Q3,Q2
2025-11-06,3.93,3.57,4.11,0.54,2.28,0.005263095238095205,0.00015595238095238097,0.005107142857142824,-0.002450909152541695,4.11,0.54,2.28,1.8300000000000005,-0.9653115798351967,0.24202839579664645,-0.5635904537223377,-0.0013126283152865158,0.0011077929461174585,0.12342877368390665,-0.5785583975642932,Q3,Q1 low
2025-11-07,3.92,3.55,4.11,0.56,2.28,0.00016309523809523812,0.00015555555555555556,7.539682539682552e-06,-0.004992581236466289,4.11,0.56,2.28,1.8300000000000005,-0.9502014888440772,0.685466669403657,-0.5519859361978319,-0.002914710769128483,-0.0015051709232416777,0.1208158098145475,-1.2634611304804515,Q4 steep,Q1 low
2025-11-10,3.95,3.58,4.13,0.55,2.29,-0.001536111111111075,0.00015674603174603175,-0.0016928571428571067,-0.004132058706671544,4.13,0.55,2.29,1.8399999999999999,-0.8091331895874317,0.4451369812381303,-0.4756162548089966,-0.0026961572689960535,0.0003402478119754193,0.12266122854976458,-0.7605188332065012,Q4 steep,Q2
2025-11-11,3.95,3.58,4.13,0.55,2.29,0.00016388888888888887,0.00015674603174603175,7.142857142857119e-06,0.00012369954102978576,4.13,0.55,2.29,1.8399999999999999,-0.7958101099883033,0.43536698669256113,-0.4645041140163812,-0.00021412065734710672,0.0003402478119754193,0.12266122854976458,-0.7516989468781283,Q4 steep,Q2
2025-11-12,3.95,3.56,4.08,0.52,2.27,0.004411904761904747,0.00015674603174603175,0.004255158730158715,-0.004956953128216071,4.08,0.52,2.27,1.81,-1.1006294685276787,-0.26103443604854176,-0.650567659030467,-0.0019408295449757662,-0.002440759938263204,0.11988022079952597,-1.4677794038951937,Q3,Q1 low
2025-11-13,3.96,3.58,4.11,0.53,2.28,-0.0023869047619047828,0.00015714285714285713,-0.0025440476190476398,-0.006641756787250401,4.11,0.53,2.28,1.8300000000000005,-0.8967428226760766,-0.020325617960785122,-0.505209925639444,-0.0023670251965866845,-0.001891958346567496,0.12042902239122168,-1.3013402885813319,Q3,Q1 low
2025-11-14,3.95,3.62,4.14,0.52,2.28,-0.0023857142857142315,0.00015674603174603175,-0.0025424603174602632,-0.0032319061269555963,4.14,0.52,2.28,1.8599999999999999,-0.6885626890941661,-0.2494335973695088,-0.28814664058325934,-0.00021692489180350416,-0.0006354323466000456,0.12168554839118913,-0.9554631384047758,Q3,Q2
2025-11-17,3.97,3.6,4.13,0.53,2.28,0.0010138888888888706,0.00015753968253968254,0.0008563492063491881,-0.0015198345721017205,4.13,0.53,2.28,1.85,-0.742646093619135,-0.02034326908676906,-0.3439660985467484,0.0007615524703171716,0.00024248297039053401,0.12256346370817972,-0.7128534485297232,Q3,Q2
2025-11-18,3.94,3.58,4.12,0.54,2.27,0.0010134920634920453,0.00015634920634920635,0.000857142857142839,-0.003207411032660953,4.12,0.54,2.27,1.85,-0.7974421677106136,0.20729340179461644,-0.33069211351768946,-0.0003621680419341377,-0.001274035440864546,0.12104694529692464,-1.0942217047416112,Q3,Q2
2025-11-19,3.95,3.58,4.13,0.55,2.27,-0.000686111111111093,0.00015674603174603175,-0.0008428571428571247,0.0010579660027712282,4.13,0.55,2.27,1.8599999999999999,-0.7170013266053799,0.4331908850854621,-0.24786813924352089,0.0018915467778463217,-0.0014197566915520599,0.12090122404623711,-1.1160791347652503,Q4 steep,Q2
2025-11-20,3.94,3.55,4.1,0.55,2.24,0.0027126984126984335,0.00015634920634920635,0.002556349206349227,-0.004885753241188134,4.1,0.55,2.24,1.8599999999999994,-0.9076414883143171,0.42590363229459915,-0.23451654278027254,-0.001290645241925875,-0.002255978261835101,0.12006500247595409,-1.3250246568922843,Q4 steep,Q2
2025-11-21,3.9,3.51,4.06,0.55,2.24,0.003561111111111114,0.00015476190476190475,0.003406349206349209,-0.00909855786386048,4.06,0.55,2.24,1.8199999999999994,-1.1640433207535108,0.4186355460951013,-0.5128679970616541,-0.004095993011562682,-0.0027317502724818477,0.11958923046530731,-1.422856618633694,Q4 steep,Q1 low
2025-11-24,3.91,3.46,4.04,0.58,2.23,0.001860317460317424,0.00015515873015873016,0.0017051587301586937,-0.011612763804401089,4.04,0.58,2.23,1.81,-1.2807331230546912,1.102626114747708,-0.5742979954596621,-0.00563694848980137,-0.0037485153805222327,0.11857246535726693,-1.6545253864250185,Q4 steep,Q1 low
2025-11-25,3.9,3.43,4.01,0.58,2.22,0.0027091269841270052,0.00015476190476190475,0.0025543650793651003,-0.011598937064525654,4.01,0.58,2.22,1.7899999999999996,-1.4647735765738998,1.086724823361133,-0.7095250613298391,-0.006114518625924374,-0.008101731683014368,0.11421924905477482,-2.6703660836342045,Q4 steep,Q1 low
2025-11-26,3.92,3.45,4.0,0.55,2.23,0.0010087301587301406,0.00015555555555555556,0.000853174603174585,-0.012425837850970792,4.0,0.55,2.23,1.77,-1.5107895971699294,0.384334091957955,-0.8466142580422987,-0.006285893787217371,-0.002813377909737097,0.11950760282805208,-1.3304788756804609,Q4 steep,Q1 low
2025-11-27,3.92,3.45,4.0,0.55,2.23,0.00015873015873015873,0.00015555555555555556,3.174603174603167e-06,-0.01156729533380687,4.0,0.55,2.23,1.77,-1.4837326333838181,0.37583513720004136,-0.8329891940110561,-0.005534659640521732,-0.002813377909737097,0.11950760282805208,-1.3095227834423075,Q4 steep,Q1 low
2025-11-28,3.88,3.47,4.02,0.55,2.23,-0.0015404761904761542,0.00015396825396825397,-0.0016944444444444082,-0.00817908679469717,4.02,0.55,2.23,1.7899999999999996,-1.3249719037250507,0.365047527921402,-0.6693446402450016,-0.0036166154248751512,-0.003572489382105054,0.11874849135568412,-1.470296895142317,Q4 steep,Q1 low
2025-12-01,3.81,3.54,4.09,0.55,2.24,-0.005787698412698436,0.0001511904761904762,-0.005938888888888912,-0.0039178586855454466,4.09,0.55,2.24,1.8499999999999996,-0.8341060116015753,0.35327872502449187,-0.19368836733368056,-0.0006259347305712058,-0.002268986360695613,0.12005199437709357,-1.1312417159360344,Q4 steep,Q2
2025-12-02,3.77,3.51,4.09,0.58,2.24,0.0001623015873015873,0.00014960317460317458,1.2698412698412722e-05,-0.007306861132113205,4.09,0.58,2.24,1.8499999999999996,-0.8224807530416279,1.0436465703899087,-0.17726565529482996,-0.003089171534929179,-0.0014253391997989806,0.12089564153799019,-0.9087153706596939,Q4 steep,Q2
2025-12-03,3.72,3.49,4.06,0.57,2.24,0.002711111111111132,0.00014761904761904763,0.0025634920634920845,-0.009832448049606951,4.06,0.57,2.24,1.8199999999999994,-1.0207523258995346,0.7952754643248658,-0.4052058516784319,-0.0046089891905384765,-0.002916403691825775,0.11940457704596341,-1.255351836683381,Q4 steep,Q1 low
2025-12-04,3.71,3.52,4.11,0.59,2.26,-0.004086904761904822,0.00014722222222222223,-0.004234126984127044,-0.0064360832030706475,4.11,0.59,2.26,1.8500000000000005,-0.6529185573933912,1.2546252353768437,-0.14207416616068938,-0.0026021167009132326,-0.0010224355153609366,0.12129854522242824,-0.7798706863128102,Q4 steep,Q2
2025-12-05,3.71,3.56,4.14,0.58,2.26,-0.0023857142857142315,0.00014722222222222223,-0.0025329365079364537,-0.0021863626589157105,4.14,0.58,2.26,1.88,-0.4275396269308638,1.002333948234014,0.127555713217875,0.00012837119858369648,0.001450410745587133,0.12377139148337632,-0.1679289002078524,Q4 steep,Q2
2025-12-08,3.73,3.57,4.17,0.6,2.26,-0.0023845238095238307,0.000148015873015873,-0.002532539682539704,-0.00047645986230145316,4.17,0.6,2.26,1.9100000000000001,-0.19989752249557854,1.4721397311363498,0.4071942735418774,0.0009581581828686798,-0.0004171054165917343,0.12190387532119744,-0.6149424931155463,Q4 steep,Q2
2025-12-09,3.73,3.61,4.18,0.57,2.26,-0.000684126984126966,0.000148015873015873,-0.000832142857142839,0.0029377837136231196,4.18,0.57,2.26,1.92,-0.11283997985741903,0.7262661278341839,0.5248803106480837,0.0029544746237933225,0.0002306296983491385,0.12255161043613831,-0.44317780246988286,Q4 steep,Q2
2025-12-10,3.69,3.54,4.13,0.59,2.25,0.004413888888888874,0.00014642857142857144,0.004267460317460303,-0.004718983802512542,4.13,0.59,2.25,1.88,-0.4694719628905676,1.2068424365818908,0.18348594256665643,-0.0012908960560526351,-0.00562291989765018,0.11669806084013898,-1.860264808711727,Q4 steep,Q2
2025-12-11,3.66,3.52,4.14,0.62,2.25,-0.0006857142857142676,0.00014523809523809525,-0.0008309523809523628,-0.00301750103443683,4.14,0.62,2.25,1.8899999999999997,-0.3838731390497413,1.9391672856676219,0.29174730043477315,-0.0016500133874435704,-0.0016995418299775578,0.12062143890781163,-0.8785941114782293,Q4 steep,Q2
2025-12-12,3.63,3.52,4.19,0.67,2.26,-0.004083730158730219,0.00014404761904761903,-0.004227777777777838,0.0003949235877234417,4.19,0.67,2.26,1.9300000000000006,0.001196256971036993,3.1112362785655088,0.6807677660671586,-0.0004688100503893208,-0.000726012641222934,0.12159496809656625,-0.6290280916101486,Q4 steep,Q2
2025-12-15,3.65,3.51,4.18,0.67,2.25,0.0010158730158730733,0.00014484126984126984,0.0008710317460318035,0.00039412993693001275,4.18,0.67,2.25,1.9299999999999997,-0.06272597860312885,2.9921319389407888,0.6975506304881635,-0.0003489720713919814,-0.0018183950460484433,0.12050258569174072,-0.8852315332483771,Q4 steep,Q2
2025-12-16,3.64,3.48,4.15,0.67,2.23,0.0027146825396824857,0.00014444444444444446,0.0025702380952380413,0.00039293946073931446,4.15,0.67,2.23,1.9200000000000004,-0.28067152919270033,2.8738014475925944,0.6185070350817377,-0.0007655474714314402,-0.0012017987719577239,0.12111918196583146,-0.7210474796798189,Q4 steep,Q2
2025-12-17,3.64,3.49,4.16,0.67,2.24,-0.0006849206349206168,0.00014444444444444446,-0.0008293650793650613,-0.00046175337730644094,4.16,0.67,2.24,1.92,-0.19636617514119795,2.762350560877045,0.6299336271886697,-0.00209007492630834,-0.0007899751681809397,0.12153100556960823,-0.6128999870729436,Q4 steep,Q2
2025-12-18,3.62,3.46,4.12,0.66,2.24,0.0035634920634920663,0.00014365079365079365,0.003419841269841273,-0.009799831241258211,4.12,0.66,2.24,1.88,-0.4932246899212394,2.4532256086095376,0.25637923049041467,-0.006636005480334323,-0.00188346268827691,0.12043751804951226,-0.8777787696441498,Q4 steep,Q2
2025-12-19,3.62,3.48,4.16,0.68,2.24,-0.003234920634920638,0.00014365079365079365,-0.0033785714285714313,-0.006410657698996423,4.16,0.68,2.24,1.92,-0.18046217269624065,2.78511052744056,0.6530876896514932,-0.004874649762524051,-0.0012147615769865228,0.12110621916080266,-0.7041800449100507,Q4 steep,Q2
2025-12-22,3.64,3.44,4.17,0.73,2.23,-0.0006845238095237913,0.00014444444444444446,-0.0008289682539682358,-0.010646500576983072,4.17,0.73,2.23,1.94,-0.09658520128792637,3.6228333852470986,0.857818683429733,-0.006545496803052928,-0.006133412678002437,0.11618756805978674,-1.8679290203852472,Q4 steep,Q2
2025-12-23,3.65,3.48,4.18,0.7,2.24,-0.000684126984126966,0.00014484126984126984,-0.0008289682539682358,-0.0064247314483110406,4.18,0.7,2.24,1.9399999999999995,-0.015906318501028218,2.886908917695063,0.8592115569148707,-0.0043677752808736,-0.004451655184514458,0.1178693255532747,-1.4342141871010332,Q4 steep,Q2
2025-12-24,3.69,3.47,4.15,0.68,2.24,0.0027146825396824857,0.00014642857142857144,0.002568253968253914,-0.008955704592115178,4.15,0.68,2.24,1.9100000000000001,-0.240724507929501,2.4237368759156053,0.5712333304829481,-0.0060069904161194855,-0.0036241731355992624,0.11869680760218992,-1.2155755566502682,Q4 steep,Q2
2025-12-25,3.69,3.47,4.15,0.68,2.24,0.00016468253968253969,0.00014642857142857144,1.8253968253968244e-05,-0.007262865568806827,4.15,0.68,2.24,1.9100000000000001,-0.23227496488696883,2.3494486889303334,0.5825208388688636,-0.005242412321737085,-0.0036241731355992624,0.11869680760218992,-1.1958512959211742,Q4 steep,Q2
2025-12-26,3.64,3.46,4.14,0.68,2.23,0.0010142857142857718,0.00014444444444444446,0.0008698412698413273,-0.006415334228217552,4.14,0.68,2.23,1.9099999999999997,-0.2987833506652335,2.29290654773366,0.5971590627243892,-0.005131287768507032,-0.0021838027128718296,0.12013717802491734,-0.8375662105615704,Q4 steep,Q2
2025-12-29,3.68,3.45,4.12,0.67,2.22,0.0018634920634920272,0.00014603174603174603,0.0017174603174602812,-0.0097924688571912,4.12,0.67,2.22,1.9,-0.4433050769490843,2.0623638396585546,0.5117486293017298,-0.0060768922942019575,-0.0038942111705869698,0.1184267695672022,-1.2284939972114126,Q4 steep,Q2
2025-12-30,3.65,3.45,4.14,0.69,2.24,-0.0015357142857142494,0.00014484126984126984,-0.0016805555555555194,-0.009788922243791864,4.14,0.69,2.24,1.8999999999999995,-0.2735470935115901,2.3636412594326113,0.5321995900049569,-0.006507649480199285,-0.0017937109023269948,0.12052726983546216,-0.711625244464812,Q4 steep,Q2
2025-12-31,3.67,3.47,4.18,0.71,2.25,-0.003234126984126987,0.00014563492063492063,-0.0033797619047619075,-0.004704457739000367,4.18,0.71,2.25,1.9299999999999997,0.060176574361899715,2.6313282993113676,0.8690634795606843,-0.003055253143182357,-0.002848192676445205,0.11947278806134395,-0.9525347584097427,Q4 steep,Q2
2026-01-01,3.67,3.47,4.18,0.71,2.25,0.00016587301587301585,0.00014563492063492063,2.023809523809522e-05,-0.006398202943412046,4.18,0.71,2.25,1.9299999999999997,0.07094180002167852,2.5518691905552213,0.883450691650565,-0.003096022959998379,-0.002848192676445205,0.11947278806134395,-0.9375179748995958,Q4 steep,Q2
2026-01-02,3.65,3.47,4.19,0.72,2.25,-0.000683730158730216,0.00014484126984126984,-0.0008285714285714859,-0.008091307950558213,4.19,0.72,2.25,1.9400000000000004,0.16390359534344898,2.636207683238316,1.0035105746942699,-0.004477609910179669,-0.0025908486404449815,0.1197301320973442,-0.8609924648926016,Q4 steep,Q2
2026-01-05,3.64,3.46,4.17,0.71,2.26,0.0018654761904762297,0.00014444444444444446,0.0017210317460317852,-0.008933102614677339,4.17,0.71,2.26,1.9100000000000001,0.017228996203203086,2.3875238650190886,0.7092810793397595,-0.005302150891400573,-0.001407847601742257,0.12091313313604693,-0.5608891082863957,Q4 steep,Q2
2026-01-06,3.63,3.47,4.18,0.71,2.27,-0.000684126984126966,0.00014404761904761903,-0.000828174603174585,-0.008931141160769963,4.18,0.71,2.27,1.9099999999999997,0.11961471191598332,2.3156027689549177,0.732438984878444,-0.005116391371291453,-0.0011291073044208122,0.12119187343336835,-0.4809960088476158,Q4 steep,Q2
2026-01-07,3.62,3.47,4.15,0.68,2.27,0.0027146825396824857,0.00014365079365079365,0.0025710317460316922,-0.004717152654095509,4.15,0.68,2.27,1.8800000000000003,-0.11602361241323624,1.7840143974010743,0.4313526141215807,-0.0021015322681297425,-0.0029463443743656115,0.11937463636342356,-0.9168071265236388,Q4 steep,Q2
2026-01-08,3.62,3.49,4.19,0.7,2.27,-0.0032337301587301616,0.00014365079365079365,-0.003377380952380955,-0.002164301025529763,4.19,0.7,2.27,1.9200000000000004,0.26237243417368006,2.056715500018805,0.9178696093660037,-0.0010330146281861071,-0.00201134620271165,0.12030963453507752,-0.6713920118386524,Q4 steep,Q2
2026-01-09,3.62,3.54,4.18,0.64,2.28,0.0010158730158730733,0.00014365079365079365,0.0008722222222222796,-0.0030153939530324844,4.18,0.64,2.28,1.9,0.1990011721290088,1.0864467632589256,0.7120104628825752,-0.00041366934836116617,-0.0014527333767814232,0.12086824736100774,-0.5191048817440871,Q4 steep,Q2
2026-01-12,3.67,3.54,4.19,0.65,2.29,-0.000683730158730216,0.00014563492063492063,-0.0008293650793651367,0.00293700439041358,4.19,0.65,2.29,1.9000000000000004,0.32006163781395364,1.2262303344887433,0.7379912080229128,0.00270059056804264,-0.003042864954677149,0.11927811578311202,-0.9107319954230444,Q4 steep,Q2
2026-01-13,3.67,3.53,4.18,0.65,2.3,0.0010158730158730733,0.00014563492063492063,0.0008702380952381526,0.00037310288248832693,4.18,0.65,2.3,1.88,0.2436124145364232,1.2062482426874264,0.5109506159387354,0.000130606613036141,-0.001470139455494568,0.12085084128229459,-0.49587988056691906,Q4 steep,Q2
2026-01-14,3.67,3.51,4.15,0.64,2.29,0.0027146825396824857,0.00014563492063492063,0.002569047619047565,0.0054732338034816285,4.15,0.64,2.29,1.8600000000000003,-0.03555122559919169,1.0328935316259535,0.27829104909185115,0.002714463589616326,-0.0024221746753658457,0.11989880606242331,-0.7290920113242463,Q4 steep,Q2
2026-01-15,3.68,3.56,4.17,0.61,2.29,-0.0015345238095237732,0.00014603174603174603,-0.0016805555555555191,0.011478083961321654,4.17,0.61,2.29,1.88,0.1862559936273158,0.5527897768918649,0.5519841731515993,0.007252314616240843,-0.0034832229986022645,0.11883775773918691,-0.9917598965792435,Q4 steep,Q2
2026-01-16,3.67,3.59,4.24,0.65,2.33,-0.005781746031746055,0.00014563492063492063,-0.005927380952380976,0.017541260438153558,4.24,0.65,2.33,1.9100000000000001,0.9437886321365909,1.161209794117961,0.9469269485943327,0.0100422647871909,-0.0016609760409757313,0.12066000469681343,-0.5012749789042726,Q4 steep,Q2
2026-01-19,3.67,3.59,4.24,0.65,2.33,0.00016825396825396826,0.00014563492063492063,2.261904761904763e-05,0.016665398139802976,4.24,0.65,2.33,1.9100000000000001,0.9810886950315948,1.143645536163949,0.958201215643164,0.009215405567830234,-0.0016609760409757313,0.12066000469681343,-0.4891574063923297,Q4 steep,Q2
2026-01-20,3.7,3.6,4.3,0.7,2.33,-0.004929365079365046,0.00014682539682539685,-0.0050761904761904425,0.018398999836580696,4.3,0.7,2.33,1.9699999999999998,1.678053267483145,1.884949968326158,1.7322292976567122,0.009664327393152936,-0.0025294441788091537,0.11979153655898003,-0.7141972446275661,Q4 steep,Q3
2026-01-21,3.7,3.6,4.26,0.66,2.34,0.003569047619047622,0.00014682539682539685,0.003422222222222225,0.01579663819163522,4.26,0.66,2.34,1.92,1.2584676923616571,1.2458701665368723,1.0873639944178446,0.008479107206295059,-0.0016675151699850066,0.12065346556780417,-0.46520633724941096,Q4 steep,Q2
2026-01-22,3.71,3.61,4.26,0.65,2.31,0.00016904761904761904,0.00014722222222222223,2.1825396825396817e-05,0.01579015544060402,4.26,0.65,2.31,1.9499999999999997,1.2962931381859595,1.080066909936709,1.4759298925656414,0.008889620745296303,-0.0020135254423110927,0.1203074552954781,-0.5490688861293822,Q4 steep,Q2
2026-01-23,3.7,3.6,4.24,0.64,2.32,0.001868253968253932,0.00014682539682539685,0.001721428571428535,0.01837532876448383,4.24,0.64,2.32,1.9200000000000004,1.1038462589809905,0.9140736164946452,1.1063779549457287,0.010720297771418372,-0.0014663055501427102,0.12085467518764646,-0.3817102561436172,Q4 steep,Q2
2026-01-26,3.67,3.56,4.22,0.66,2.32,0.0018674603174603567,0.00014563492063492063,0.001721825396825436,0.016633626674553745,4.22,0.66,2.32,1.9,0.8721657189531326,1.2164156724057245,0.8467808928914187,0.009851166129119534,-0.005808570524128032,0.11651241021366116,-1.601792820406074,Q4 steep,Q2
2026-01-27,3.67,3.53,4.24,0.71,2.34,-0.001531746031746071,0.00014563492063492063,-0.0016773809523809916,0.016625132976843125,4.24,0.71,2.34,1.9000000000000004,1.1018458878036996,1.9712784023670988,0.8393683376972845,0.008852654505540788,-0.007019603345813141,0.11530137739197602,-1.9203680106866974,Q4 steep,Q2
2026-01-28,3.68,3.56,4.26,0.7,2.36,-0.0015309523809523447,0.00014603174603174603,-0.0016769841269840906,0.018352369101102356,4.26,0.7,2.36,1.9,1.325852376108441,1.7778649375788156,0.8332646926045312,0.009789297276166835,-0.0058996860978648424,0.11642129463992434,-1.5703202549853805,Q4 steep,Q2
2026-01-29,3.67,3.53,4.24,0.71,2.35,0.001868253968253932,0.00014563492063492063,0.0017226190476190113,0.01661070414004047,4.24,0.71,2.35,1.8900000000000001,1.0898489064530619,1.8915250944081563,0.7026353796986269,0.008391809601175963,-0.00249892652776304,0.11982205421002613,-0.5866797155536047,Q4 steep,Q2
