date,spot_1y,fwd_1y_to_2y,fwd_2y_to_3y,fwd_3y_to_5y,fwd_5y_to_7y,fwd_7y_to_10y,rx_dgs2_21d,rx_dgs3_21d,rx_dgs5_21d,rx_dgs7_21d,rx_dgs10_21d,avg_rx_21d,cp_fitted_avg_rx,cp_score,cp_score_z_6m,cp_quintile
2024-02-26,0.050300000000000004,0.043511006379129774,0.04061262886033327,0.04005647654862595,0.04395037760728257,0.04186726302037556,0.0017568994236265862,0.00189778421063805,0.002071715514027324,0.004323916716193506,0.00224415593225394,0.0024588943593478814,-0.007833573767162733,0.11448740697062647,,Q1 low
2024-02-27,0.050300000000000004,0.043710368466152526,0.04101145402017315,0.04050581172785183,0.043900167769148506,0.04240033539896059,0.002324110441944279,0.003019848973532942,0.005240735208031729,0.00855915946831501,0.00824449643390593,0.0054776701051459774,-0.004662384749033854,0.11765859598875532,,Q1 low
2024-02-28,0.05,0.042812342857142846,0.04041146058365832,0.039905815065686336,0.04330016786570628,0.04246670395783604,0.00022012192986117438,0.00020187054581041405,0.0011603638741916854,0.0037108696546496976,0.004810022495432133,0.002020649699989021,-0.003339034752295217,0.11898194598549394,,Q2
2024-02-29,0.0501,0.04271303685363297,0.04011263489072627,0.040055187474401344,0.04330016786570628,0.041800335591915753,0.0002177318673638644,-8.09260058528367e-05,0.0011579719163997875,0.0037072725244830145,0.0030949043424567573,0.0016193909289701173,-0.006726472370596537,0.11559450836719265,,Q1 low
2024-03-01,0.049400000000000006,0.04141524680769964,0.03881387967708543,0.039454043077843566,0.04275037804233488,0.0416667039864653,-0.004157649454557647,-0.006241688580246533,-0.0087508458190425,-0.0089296867753944,-0.013088642651277287,-0.008233702656103674,-0.007210630557363734,0.11511035018042542,,Q1 low
2024-03-04,0.049800000000000004,0.04241304057915794,0.039513870395985834,0.039405817850145256,0.04280016794625605,0.04196670397572414,-0.0024390432137636076,-0.004274345658089667,-0.007396385711120961,-0.009520118824413797,-0.013080740383604255,-0.007342126758198457,-0.004282455054124723,0.11803852568366448,,Q1 low
2024-03-05,0.049400000000000006,0.04141524680769964,0.03881387967708543,0.038456486478965136,0.04200016807529659,0.040833482677816814,-0.0033820749607946675,-0.00538395576873939,-0.01051539499030162,-0.013668385230013558,-0.020595749436209444,-0.010709112077211735,-0.00844950730167554,0.11387147343611362,,Q1 low
2024-03-06,0.0495,0.04151524535493092,0.03861516820899665,0.038207187119395095,0.041200000000000014,0.04086670401513853,-0.0026148238477228924,-0.004816585968937149,-0.009164789890402881,-0.01247181635215362,-0.018081148369071223,-0.009429832885657553,-0.004680587301718553,0.11764039343607062,,Q1 low
2024-03-07,0.0493,0.04071762127132373,0.03841388498614962,0.0375579267107983,0.041400168172207166,0.04089999999999999,-0.005076094227045182,-0.008159477040912622,-0.014959986891637734,-0.018993339526680187,-0.026437244838372443,-0.014725228504929633,-0.006815248493369508,0.11550573224441968,,Q1 low
2024-03-08,0.0492,0.04041845215402213,0.037915178364001746,0.03775649083307067,0.041300168188369825,0.04113337069934941,-0.006391570093320673,-0.010652833809280813,-0.01761453467384053,-0.02193288781216327,-0.0289170285889597,-0.017101770995512997,-0.005547184932496091,0.11677379580529307,,Q1 low
2024-03-11,0.0495,0.04071844687946642,0.037617926561360225,0.038105825102233655,0.041150042036992476,0.041233370695759455,-0.005052404855148134,-0.008135700287581708,-0.014045599697263714,-0.01838062740136082,-0.023095974597685424,-0.01374206136780796,-0.003609272198542207,0.11871170853924698,,Q2
2024-03-12,0.05,0.041616799999999995,0.0383179145718921,0.03880582119501788,0.04185004200873775,0.04159999999999999,-0.008077681804187152,-0.013147985210616263,-0.021626291287719687,-0.026679890567797,-0.03397832756809231,-0.020702035287682483,-0.003091475348410283,0.11922950538937889,,Q2
2024-03-13,0.0501,0.04211523664412914,0.038916505864833355,0.039205818964675614,0.04225004199260924,0.0416667039864653,-0.006738018380662763,-0.012019626834786606,-0.01983654342558669,-0.0248990469557889,-0.03230894712251606,-0.019160436543868203,-0.0037004409066340727,0.11862053983115509,,Q1 low
2024-03-14,0.0504,0.0432123381568926,0.040213861127290224,0.04035518598500834,0.04325004195234204,0.042666703950685635,-0.004451296669508398,-0.007552011216504628,-0.012259774206064621,-0.014837897144052491,-0.01896613014838423,-0.011613421876902874,-0.001122236946640709,0.12119874379114848,,Q3
2024-03-15,0.050499999999999996,0.043910366492146594,0.040912625244859745,0.04060581117191858,0.04329999999999999,0.042633482420175534,-0.004631893530700422,-0.00837862144797646,-0.015376750696326765,-0.020177238951036455,-0.02818165516969023,-0.015349231959146068,-0.0004910374351525248,0.12182994330263665,,Q3
2024-03-18,0.0506,0.04401036550542547,0.041012624040161844,0.04120459125059277,0.043250041920183925,0.04316670393282149,-0.005191129742436386,-0.00948098981275667,-0.015808240166286437,-0.021345205379444156,-0.028999532265019702,-0.016165019473188668,0.0026842301547966296,0.12500521089258582,,Q4
2024-03-19,0.0506,0.04301374452693697,0.04051263006595131,0.040704593447432956,0.0431,0.042766703947111406,-0.005369697236891643,-0.009189794298372763,-0.014907206612436738,-0.018978723743467672,-0.025682118492718085,-0.01482550807677738,-0.0003218006003348761,0.1219991801374543,,Q3
2024-03-20,0.0501,0.04171679840015236,0.04050928810014447,0.040104596086417824,0.04355037775218871,0.04246670395783604,-0.00800663691114141,-0.012511019670048043,-0.02021869635136815,-0.024274666145425575,-0.03230556243566192,-0.01946331630272902,-0.006254221098865781,0.11606675963892339,,Q1 low
2024-03-21,0.0501,0.04231448433482524,0.040211462773158596,0.04020459564637647,0.04330016786570628,0.04246670395783604,-0.00723394319023629,-0.011661084529540398,-0.018872672192999485,-0.02308296851285696,-0.03063835504128165,-0.018297804693382956,-0.0040442558009503304,0.11827672493683883,,Q1 low
2024-03-22,0.049800000000000004,0.04201448847399504,0.03901516241223511,0.039604598287889294,0.04270016796237523,0.04219999999999999,-0.007785364160277951,-0.01330674696026177,-0.021506831293570092,-0.026584671265853486,-0.03474224377162225,-0.02078517149031711,-0.0031468407694182354,0.11917413996837092,,Q2
2024-03-25,0.05,0.04082015238095238,0.04090645377039476,0.03990459696675342,0.04300016791402685,0.04249999999999999,-0.006637311821333007,-0.01106995451140194,-0.018833493052428346,-0.02304351566657284,-0.03142279112309135,-0.018201413234965498,-0.0055623643833602465,0.11675861635442894,,Q1 low
2024-03-26,0.05,0.04121843809523808,0.040209290763524544,0.03980459740704765,0.04255004198052101,0.04263337064557273,-0.0068138798758763655,-0.011888324740600004,-0.019703659037690252,-0.02655533480856223,-0.03553849614071716,-0.020099938920689203,-0.002054126230765868,0.1202668545070233,,Q2
2024-03-27,0.0499,0.04091928755119536,0.040009292539959974,0.03910581952210091,0.04180000000000001,0.04246681599362785,-0.008503202649983426,-0.014369469207225632,-0.024107217950850728,-0.03238498630488077,-0.04290661256264853,-0.024454297735117814,-0.0003414142747910076,0.12197956646299815,,Q3
2024-03-28,0.050300000000000004,0.0415184328287156,0.040210348448237586,0.039256481509991975,0.04175004198052098,0.042,-0.007541608727479924,-0.012964619143863858,-0.021880332900639548,-0.029446979826152114,-0.040436933801130816,-0.022454094879853254,-0.0013694353147162552,0.12095154542307292,,Q2
2024-03-29,0.050300000000000004,0.0415184328287156,0.040210348448237586,0.039256481509991975,0.04175004198052098,0.042,-0.007715575054449728,-0.011838119638535403,-0.02053641774568069,-0.027089736527632333,-0.037142697847407286,-0.020864509362741087,-0.0013694353147162552,0.12095154542307292,,Q2
2024-04-01,0.0506,0.043811003236245954,0.040912625244859745,0.04085518350458633,0.04305004192821881,0.043300000000000005,-0.006564706816239428,-0.010709634515542396,-0.017850319636861664,-0.023529823703048333,-0.031310227890123374,-0.01799294251236304,0.003845909711644363,0.12616689044943352,,Q4
2024-04-02,0.050499999999999996,0.04351166111375536,0.04131033758252304,0.04110459168979268,0.044200167720911246,0.043366703925680615,-0.005418959704145306,-0.008474407418618164,-0.013843361259609395,-0.017031784116096967,-0.023838442636988873,-0.01372139102709174,-0.0012989414970692448,0.12102203924071994,,Q2
2024-04-03,0.050300000000000004,0.04331166333428542,0.04081145620716611,0.04130351663393112,0.044100167736987245,0.043599999999999986,-0.004084941085719914,-0.007073841580097081,-0.011162699679202833,-0.013472871801105487,-0.019664217233268305,-0.011091714275878723,0.00010058899621712136,0.12242156973400631,,Q3
2024-04-04,0.05,0.04301166666666668,0.040810342518654195,0.04060459388705327,0.0433500419483196,0.0431,-0.0035103518300131876,-0.005394196374315425,-0.00892650307458703,-0.011689121158015289,-0.017158033385836487,-0.009335641164553484,-4.310970596338448e-05,0.1222778710318258,,Q3
2024-04-05,0.050499999999999996,0.04410974773917182,0.04161033462310532,0.04140459037244492,0.04415004191616761,0.04389999999999999,-0.002174418325719802,-0.0034286465363056523,-0.005326796713922505,-0.006300034832816998,-0.009551019326275952,-0.005356183147008182,0.0025830236994756894,0.12490400443726486,,Q4
2024-04-08,0.0507,0.0449080041876844,0.04240927126746734,0.041755179045800866,0.04429999999999999,0.043966703904274436,-0.0012206458805814231,-0.0006221187671988267,-0.0030726963289657468,-0.0032978386173489645,-0.005311056737556125,-0.002704871266330217,0.0034929107779507196,0.12581389151573988,,Q4
2024-04-09,0.050300000000000004,0.0445080072360278,0.040813853192547565,0.04145403534322781,0.0440500419201839,0.043133482348766176,-0.0023601657939208145,-0.003703153869885594,-0.006663301235122015,-0.0074862002887145776,-0.01122136041392649,-0.006286836320313899,2.6826221586118137e-05,0.12234780695937529,,Q3
2024-04-10,0.0519,0.04750460119783249,0.04371142457728386,0.043704580297836144,0.04540016727203094,0.04456726148114495,0.002795392552289078,0.00419004814522358,0.005585050144286308,0.007046354742843286,0.007650812286218967,0.005453531574172244,0.006681246746102265,0.12900222748389145,,Q5 high
2024-04-11,0.051699999999999996,0.0469054768470096,0.044507315445006405,0.043704580297836144,0.0457500418200066,0.04466726142428896,0.0006888733491700726,0.0027724914376731757,0.003308274779751664,0.004613115854154205,0.004203840466687937,0.003117319177487411,0.004299655325604085,0.12662063606339327,,Q4
2024-04-12,0.0513,0.04630594502045086,0.04340926243264615,0.043004583359336934,0.04505004184800796,0.04430033478939708,0.00011534933622643455,0.0005193381075125469,0.0010465374461158927,0.0015972489238466735,0.0007913076528016216,0.0008139562933006338,0.004493914614605521,0.12681489535239465,,Q4
2024-04-15,0.0516,0.047005030429821223,0.0448064297946917,0.04455302356810119,0.04650000000000001,0.04583348196433475,0.0018302243338766018,0.003897294284660697,0.007859559642083642,0.011316809119635413,0.014607218231493597,0.007902221122349989,0.0072304808078704486,0.12955146154565964,,Q5 high
2024-04-16,0.0518,0.04760419281232173,0.04550559911014559,0.04480350489542341,0.04689999999999999,0.0462334819075506,0.004116460701057773,0.008407757808210698,0.01469065187441811,0.019855240723898344,0.025892585794970797,0.014592539380511143,0.00847376245004558,0.13079474318783474,,Q5 high
2024-04-17,0.0516,0.047005030429821223,0.044507315445006405,0.04395402571647456,0.045850041816009525,0.04543348202116234,0.002387299066541688,0.00471986817338867,0.009196199112660581,0.012507234467467283,0.017186074170632466,0.009199334998138136,0.007947230986228376,0.13026821172401754,,Q5 high
2024-04-18,0.0518,0.047803803004373466,0.04530642673376066,0.04455402341288442,0.04645004179204274,0.04570033434166092,0.002381300912313939,0.0058427038178759,0.010101186415714353,0.013722158856794637,0.018049134334880996,0.010019296867515964,0.008030054722893865,0.13035103546068305,,Q5 high
2024-04-19,0.051699999999999996,0.04770380336597888,0.04490731265879082,0.04435402418045487,0.0462500418000286,0.045500334405549875,0.0023753096266461333,0.0047043070049304254,0.008268759574755497,0.011883339305275537,0.01457156135629269,0.008360655373580056,0.007763821533011583,0.13008480227080074,,Q5 high
2024-04-22,0.0516,0.047803432864206914,0.04490731265879082,0.04435402418045487,0.0462500418000286,0.045500334405549875,0.0023681267623230657,0.004977643868559424,0.009625371908196291,0.013092361936203613,0.0171601492688081,0.0094447307488181,0.007896346618427363,0.13021732735621652,,Q5 high
2024-04-23,0.051399999999999994,0.04580745672436752,0.045602860048014025,0.044353024145218856,0.04595004181201311,0.045866703836650285,-0.0004950412549140065,0.002715099402126388,0.006429196126878591,0.010038236451675843,0.014550197535095734,0.00664753765217251,0.007203220534146765,0.12952420127193592,1.4783600145165663,Q5 high
2024-04-24,0.051699999999999996,0.046107454597318624,0.04560345955863436,0.04430350656755285,0.04710016725604398,0.04626670382244488,-0.0008759268097879285,0.001301612988891478,0.004604142032494098,0.008811576855311256,0.014542894797370977,0.005676859972855976,0.005069996406065064,0.12739097714385422,1.0348338305937872,Q4
2024-04-25,0.0521,0.047105940499952474,0.04630345725218927,0.04475402264560683,0.04735004178805094,0.04676670380470339,7.784173003789335e-05,0.0032713632903430614,0.006874022428547184,0.012461479280616701,0.01975210348494672,0.008487362042898312,0.008247068923656259,0.13056804966144542,1.5877411553461873,Q5 high
2024-04-26,0.0521,0.047105940499952474,0.04600411428511673,0.04440457724042247,0.0468,0.04646670381534626,7.664598553337038e-05,0.0029841111892884367,0.005958718499885614,0.01062684234631995,0.01713875778286645,0.007357015160778764,0.009088308150638325,0.1314092888884275,1.6728149918614288,Q5 high
2024-04-29,0.052000000000000005,0.04740502851711025,0.04460825504393175,0.04425402456434988,0.04615004180402265,0.04606670382954621,7.505319034134626e-05,0.0007278058696949538,0.0032305378981321584,0.003940364703358069,0.006750761680902218,0.002944904668485749,0.01077083410538865,0.13309181484317784,1.8861094915991763,Q5 high
2024-04-30,0.0525,0.04830419002375297,0.04530824954563424,0.04495402187862177,0.046850041776080154,0.04643348187917479,0.0010273296444141562,0.00157053310069394,0.0032269280024822006,0.003937150260637847,0.005883688578154857,0.0031291259172765997,0.01129078634222394,0.13361176708001313,1.881359638239553,Q5 high
2024-05-01,0.0521,0.047105940499952474,0.044508255830001155,0.04415402494831814,0.04640000000000001,0.04606670382954621,0.0002628105895106656,0.0007254528693497195,0.0023205631274021985,0.003331912686837691,0.005880497725620882,0.002504247399744231,0.009275008396988221,0.13159598913477738,1.4737623469785504,Q5 high
2024-05-02,0.0516,0.04580799733739064,0.04390731962831305,0.043603508911216324,0.04569999999999999,0.0460333705242502,-0.0008796990852774616,-0.00011772636289636255,0.001415401209204305,0.0021257445166258954,0.005022630622742165,0.0015132701800797082,0.009742172785980385,0.13206315352376957,1.5021355181958533,Q5 high
2024-05-03,0.0512,0.04500914193302891,0.04270926861525185,0.04255403110179008,0.04515004187604683,0.04523337055272561,-0.0006916360400148012,-0.00040146157257285077,0.0018610150522309823,0.003922819458578827,0.0067206442014736325,0.0022822762199391578,0.0067535895062501294,0.12907457024403932,0.9694129780340377,Q5 high
2024-05-06,0.0512,0.04520856164383562,0.04280926773151716,0.04240458598673981,0.0448,0.04513337055628813,0.00044798967760804453,0.0018416789040166344,0.00502267261091847,0.008146330937041407,0.012722322926651191,0.005636199011247149,0.00799313571346369,0.13031411645125285,1.154967470048436,Q5 high
2024-05-07,0.0513,0.045109141063445254,0.04161384262701131,0.04300258076833039,0.044450041872038944,0.044700000000000004,0.0013961880372341312,0.0021167329624531333,0.006830392199112362,0.009958161635898528,0.014438813730578155,0.006948057713055261,0.007662213912697724,0.12998319465048688,1.0752593647965383,Q5 high
2024-05-08,0.0513,0.04550799961951868,0.042112610803643175,0.04305302790186058,0.04465004186402561,0.044566703882892904,0.0017713487103548104,0.0032369668764687127,0.008641382399324356,0.011775306776563606,0.016161792416906434,0.008317359435923584,0.006651114819120257,0.12897209555690942,0.8871431515088831,Q5 high
2024-05-09,0.0512,0.04480974124809742,0.042011443097721556,0.04275302877010372,0.04435004187604684,0.04426670389358063,-0.0018576314491526328,-0.0021193981560546664,-0.00046626941123839843,-0.00039938812030604603,0.0005840873566002021,-0.0008517199560303083,0.00512725442649381,0.12744823516428297,0.618200907349845,Q4
2024-05-10,0.051699999999999996,0.045708557573452505,0.0421138360317313,0.04325302732330833,0.04485004185601525,0.04476670387577112,-0.0005245059620755128,0.00012561872830299352,0.0008884862639577922,0.0014096288425724784,0.001438765528442935,0.0006675986802401373,0.007367524669389558,0.12968850540717872,0.9859049233557177,Q5 high
2024-05-13,0.0516,0.04540913845568656,0.04281032280235931,0.04260458511060418,0.04465004186402561,0.044566703882892904,0.00023375410528196985,0.0018072853151652087,0.0031419438949269914,0.004417019616046503,0.006553380892917283,0.003230676764867591,0.006268555820913957,0.12858953655870314,0.7850679173158773,Q5 high
2024-05-14,0.0516,0.04461164891593761,0.04241032673960226,0.042204586863210256,0.04425004188005546,0.04450000000000002,0.0006100463093868316,0.0032060085006809305,0.005396441496274891,0.00742781201110871,0.010830561145722735,0.00549417389263482,0.006321777367627512,0.1286427581054167,0.7829953414258651,Q5 high
2024-05-15,0.051,0.043613025689819215,0.04071385451437379,0.04110459168979268,0.04350000000000002,0.04383337060266272,0.0004150165217788075,0.001793742499501291,0.0040331741561755756,0.006213699178432649,0.00911060763156538,0.00431324799749074,0.004609635676412149,0.12693061641420134,0.4809111025869302,Q4
2024-05-16,0.0513,0.0443116522400837,0.04181144528054509,0.04130580728336187,0.043650041904123305,0.0435667039185425,0.0015547980721131163,0.004042827146869098,0.007207275868509776,0.01045843465901486,0.014278639344614596,0.0075083950182242894,0.003553391940851386,0.12587437267864054,0.29376732530655697,Q4
2024-05-17,0.051399999999999994,0.045209140194027025,0.04141512772449642,0.042004587740015836,0.04405004188807499,0.043966703904274436,0.0009752939221746252,0.00205881338671351,0.005375102453887804,0.008008498231515249,0.010795285830813428,0.005442598765020923,0.005760617537639651,0.12808159827542884,0.6739992881749035,Q5 high
2024-05-20,0.051500000000000004,0.04491035663338088,0.042211440915730515,0.042204586863210256,0.04390016751220331,0.04440000000000001,0.0019230312369609105,0.0045869047801498876,0.009002738818726593,0.012252315877653071,0.01769946550714851,0.009092891244127797,0.007829014645207105,0.1301499953829963,1.0221624826102278,Q5 high
2024-05-21,0.051399999999999994,0.045009739395092264,0.04191261320821794,0.041605805618430206,0.04395004189208587,0.04386670390784046,0.0019158558511597444,0.004295281105228279,0.007626878940855255,0.011023755942026228,0.015090079039560635,0.007990370175766029,0.005076955487634177,0.12739793622542334,0.5302682776309736,Q4
2024-05-22,0.0516,0.04560855838721948,0.04201383735028445,0.04215517706657971,0.043650376848345614,0.04406670390070918,0.0024815041409039203,0.004568355039066327,0.008528910130913,0.010404121707771326,0.014212760382270869,0.008039130280185089,0.00849623017866008,0.13081721091644924,1.1176138998844345,Q5 high
2024-05-23,0.052000000000000005,0.04620799429657796,0.04311143110705954,0.042356462326915006,0.04450016741605164,0.044000334885496636,0.003429345612646055,0.006538176270540412,0.010801467783030688,0.014059311121379241,0.017677737708321133,0.010501207699183506,0.005405790773581304,0.12772677151137046,0.5635593170129743,Q4
2024-05-24,0.0521,0.04650745176314038,0.04271382812568616,0.04260580007554613,0.043900669536088774,0.04390033491754204,0.003610513727625957,0.006243499679074187,0.010789401489981936,0.013437321590855493,0.01679961256940328,0.010176069811388171,0.008147211677161537,0.13046819241495072,1.0355813147374644,Q5 high
2024-05-27,0.0521,0.04650745176314038,0.04271382812568616,0.04260580007554613,0.043900669536088774,0.04390033491754204,0.00474723767554408,0.0065148601812462514,0.011690600929592176,0.014647034872182663,0.018525142669253314,0.011224975265563698,0.008147211677161537,0.13046819241495072,1.0194502266090628,Q5 high
2024-05-28,0.0521,0.046706928999144574,0.04371031395453032,0.04275645985994725,0.04559999999999999,0.04493348209225802,0.003777580407156124,0.005370952222352267,0.00984789010394991,0.013407690046400501,0.017639126827887798,0.01000864792154932,0.006285548034441091,0.12860652877223022,0.680282340041858,Q5 high
2024-05-29,0.052199999999999996,0.047006424634099986,0.044508255830001155,0.043904579423872665,0.0463,0.04563348199274315,0.0043408559902192905,0.007622133259744497,0.014411499130931111,0.020750998252618075,0.026364181574577334,0.01469793364161806,0.007322503016089277,0.12964348375387846,0.8547078180614613,Q5 high
2024-05-30,0.0519,0.046506930316570015,0.043809258903430445,0.04315517212513883,0.04569999999999999,0.04503348207803343,0.0033740971030376066,0.005348766358029841,0.009828715597309141,0.013385862309881487,0.015023499450674611,0.009392188163786537,0.005963667896286079,0.12828464863407527,0.6051275995820206,Q5 high
2024-05-31,0.0518,0.04600799581669519,0.04291143328531047,0.04265517459467956,0.04519999999999998,0.04486670387221133,0.0016466074118095001,0.0022382933665427455,0.002539017171440508,0.003032236302262961,0.00120464851196517,0.002132160552804177,0.006583950294933083,0.12890493103272227,0.7091197263036231,Q5 high
2024-06-03,0.051399999999999994,0.045009739395092264,0.042211440915730515,0.041207166516754136,0.0438500418960976,0.04410000000000001,0.0008818261345242846,0.0013931637038515927,0.00028431989571034606,-0.0005691951866517424,-0.0030304267252158883,-0.00020806243555628149,0.006513035200059497,0.12883401593784866,0.6890712991515168,Q5 high
2024-06-04,0.051100000000000007,0.04431099800209302,0.041113849228581995,0.04050717131346485,0.04280016768876849,0.043300000000000005,0.0004997764535220606,0.0011112872030970555,-0.0001651845263613838,-0.0011666402377251694,-0.0038726856759464523,-0.0007186893566827779,0.0058319086985578195,0.128152889436347,0.5603747419941825,Q5 high
2024-06-05,0.0508,0.04361233346022078,0.040613855836452224,0.04025647530947102,0.04240016775306635,0.042899999999999994,-0.00045277851702949564,-0.0002936752392915581,-0.0019671970688444956,-0.0035654896290736376,-0.007258639149367286,-0.0027075559207212947,0.004298182442648513,0.12661916318043767,0.27876331811633315,Q4
2024-06-06,0.0508,0.04361233346022078,0.040315143603321286,0.03990717543004476,0.04255004194831961,0.042800000000000005,0.0016426606506210117,0.0019528995943753824,0.002088251163281588,0.0018358373600846278,-0.0013286305415578592,0.0012382036453609502,0.00323454113108651,0.12555552186887564,0.08307419791903439,Q4
2024-06-07,0.051699999999999996,0.045708557573452505,0.0421138360317313,0.04175646603090161,0.04425004188005546,0.04383348224890797,0.004127021635791509,0.006190924727984462,0.009383954225146287,0.012198714744379526,0.011622040010918513,0.00870453106884406,0.004927179261914966,0.12724815999970412,0.3926975477055034,Q4
2024-06-10,0.0516,0.04580799733739064,0.04121786507161318,0.04270351192910525,0.044450041872038944,0.044700000000000004,0.004119397537504733,0.006183288471895144,0.009833283625045708,0.012192209996830405,0.01335066702690152,0.009135769331635502,0.009109187407164931,0.1314301681449541,1.1515404708038388,Q5 high
2024-06-11,0.051699999999999996,0.0445123229057716,0.04091647439215616,0.04170458905585285,0.04375004190011009,0.04366670391497446,0.0029658005563675035,0.004482668411981838,0.006644048629227383,0.008543745758449605,0.008193171817749678,0.006165887034755202,0.004555138289535132,0.1268761190273243,0.3053085031982045,Q4
2024-06-12,0.0513,0.04371373537524969,0.039420860343242534,0.04080459300789673,0.042850041936256814,0.0431,0.004105665651743488,0.005321986289239037,0.007545503101634447,0.008540126690919261,0.008191559398407836,0.006740968226388813,0.004352158651383414,0.12667313938917257,0.26564001961415107,Q4
2024-06-13,0.0507,0.042914476063576644,0.039019357288672334,0.03970581617914999,0.04205004196843969,0.04263337064557273,0.00371693157295039,0.004752668879711043,0.00527436639463086,0.004910135610026069,0.003914277320601569,0.004513675955583986,0.0037056353844096834,0.1260266161221989,0.1434315090179928,Q4
2024-06-14,0.0507,0.04271522794327591,0.038919359136503365,0.039356480889405555,0.04150016789791695,0.042,0.0037109070439445445,0.004183675792509822,0.0030042196728768287,0.0012847290197551152,-0.0037688093580272143,0.0016829444342118193,0.0024260817858980377,0.12474706252368721,-0.09751448803986563,Q3
2024-06-17,0.051100000000000007,0.043912329940062785,0.0400178855212718,0.040007174743619936,0.042300167769148515,0.042800000000000005,0.005428105244672446,0.007289843188906945,0.00845895222929031,0.009163591845398203,0.00821930494761484,0.007711959491176548,0.005047384892545803,0.127368365630335,0.39763043890342736,Q4
2024-06-18,0.0509,0.04291522504519936,0.03911935544119399,0.03955647964858919,0.04170016786570627,0.04219999999999999,0.0044618585129917645,0.005869434824175365,0.006636697551981726,0.0067373558346536435,0.003937927940335003,0.005528654932827501,0.002983566770237339,0.1253045475080265,0.003449015877426181,Q4
2024-06-19,0.0509,0.04291522504519936,0.03911935544119399,0.03955647964858919,0.04170016786570627,0.04219999999999999,0.0036887172616807415,0.0044502476285351875,0.00481441773037783,0.0037035493567291198,0.0005115976735307068,0.003433705930170717,0.002983566770237339,0.1253045475080265,0.0034284304121217127,Q4
2024-06-20,0.051,0.0430152235965747,0.039517894055786804,0.03975647840824787,0.04225004196038931,0.04249999999999999,0.0032999594293158067,0.0038809569326297803,0.0034495430681665655,0.0030975788275474474,-0.0011983145236808164,0.0025059447467957567,0.0022980473875240937,0.12461902812531327,-0.12834817783086894,Q3
2024-06-21,0.051,0.0430152235965747,0.039517894055786804,0.03975647840824787,0.04225004196038931,0.04249999999999999,0.003102887044195161,0.003594625122950627,0.0029948009633971187,0.0018889861853075432,-0.002048241617527576,0.0019066115396645746,0.0022980473875240937,0.12461902812531327,-0.12758748534225783,Q3
2024-06-24,0.051,0.043214471931493824,0.03961789234823228,0.03985647778825524,0.0420001678174135,0.04249999999999999,0.005200061283477615,0.004719431564960026,0.004354138807209147,0.0030972841301030243,-0.0011926883936418317,0.0032356454784215963,0.003660633183970502,0.12598161392175966,0.1382041691859264,Q4
2024-06-25,0.051,0.04201926736441486,0.04051145948922179,0.039507178177058,0.04180016784960562,0.042300000000000004,0.004617634667550607,0.004997061430520366,0.0048060312171713795,0.0006846189973417341,-0.005443428077035462,0.001932383647109725,0.0010116893960060713,0.12333267013379524,-0.3806072939693805,Q3
2024-06-26,0.0513,0.04291677922572054,0.041709277461876984,0.04005790775917088,0.043200000000000016,0.04319999999999999,0.004993820861149081,0.006690114185396337,0.007536143753104077,0.007352734868611768,0.003115263836821705,0.005937615501016594,0.0010261689435040744,0.12334714968129325,-0.3753081365894807,Q3
2024-06-27,0.051,0.0430152235965747,0.040712627654945384,0.03990717543004476,0.04220016778523371,0.04336681586472623,0.0057515252973270375,0.007248410377395992,0.009350252614371175,0.009165942744534757,0.006532764338466729,0.007609779074419139,0.006470814557611448,0.12879179529540064,0.7010075819056444,Q5 high
2024-06-28,0.0509,0.04331374060329242,0.04141033659586212,0.040456474070790185,0.04329999999999999,0.04430033551685126,0.005932225944924806,0.008371874110324239,0.011626704136752807,0.014041122049395881,0.015171869384572144,0.011028759125193976,0.006905877317287007,0.1292268580550762,0.7806791197520652,Q5 high
2024-07-01,0.051,0.04441036156041863,0.04201033067984979,0.04230351327205612,0.044750041892085916,0.045500335131335154,0.007263340523349062,0.01091408803059021,0.017585901664770334,0.022644540833827134,0.027418458251654756,0.0171652658608383,0.008905806404094496,0.13122678714188363,1.164813400014163,Q5 high
2024-07-02,0.0507,0.044110364518892164,0.04141144964869137,0.041654034571393536,0.04425004191215208,0.04500033529185914,0.007823951304141707,0.011466670925332711,0.018030127250386996,0.023245021892565165,0.028280266440967927,0.017769207562678902,0.00795795719957032,0.13027893793735948,0.9655496291609359,Q5 high
2024-07-03,0.0504,0.043810367479055604,0.04021514504850389,0.04105403688778257,0.04329999999999999,0.04430033551685126,0.009727849581917358,0.013721314360342574,0.02122609427569172,0.025687034304847034,0.03088678844214715,0.020249816192989167,0.008111532031986168,0.13043251276977536,0.9855628149966446,Q5 high
2024-07-04,0.0504,0.043810367479055604,0.04021514504850389,0.04105403688778257,0.04329999999999999,0.04430033551685126,0.015096388600922366,0.021108432476539412,0.03135749405775305,0.03864600051494298,0.04758986987027018,0.030759637104085597,0.008111532031986168,0.13043251276977536,0.9752826166020027,Q5 high
2024-07-05,0.049800000000000004,0.04221375500095255,0.03971263971918883,0.039655189461589926,0.04255004198052101,0.04396759963175531,0.012752651288514147,0.018221170173975662,0.026235864262534256,0.033650441658518424,0.0422449146189912,0.02662100840050674,0.006556357816955377,0.12887733855474454,0.6600223555407575,Q5 high
2024-07-08,0.0499,0.04251303933707972,0.039613869071127655,0.03975518896465007,0.04230000000000001,0.04396759963175531,0.011185433976837019,0.017054376110332888,0.021580505803916347,0.025540791292117167,0.0315588126093601,0.021383983958512702,0.00821082621435007,0.13053180695213926,0.9808802719790636,Q5 high
2024-07-09,0.050199999999999995,0.042215235193296514,0.03871790772796515,0.04045303544321317,0.042750041972466006,0.04416759945273103,0.010972265495053427,0.014750483851208866,0.01925759709316516,0.023054524819650705,0.028021562696059547,0.01921128679102754,0.007395597276329546,0.1297165780141187,0.810738946104257,Q5 high
2024-07-10,0.0501,0.04231448433482524,0.039016504288343835,0.040303520002246275,0.04240000000000001,0.04373393034824462,0.010182042244603519,0.01359252959183267,0.017403251751726648,0.019964728965609982,0.0236344378977862,0.016955398090311803,0.006645369811321938,0.1289663505491111,0.6555265575891961,Q5 high
2024-07-11,0.049100000000000005,0.040916023258030676,0.03781652322611662,0.03935303864510583,0.04200016807529659,0.043167600348540044,0.007668226332218102,0.010172046102161285,0.01373418578183651,0.016900593423634605,0.02102467636496798,0.013899945600963698,0.0029535257197426945,0.12527450645753185,-0.0863151539305487,Q4
2024-07-12,0.0487,0.04031682082578431,0.03761518272031045,0.03920259017634875,0.04205037829657863,0.04296760052790835,0.007462448035915517,0.010159929304373885,0.01463905178741838,0.01872720506968202,0.022757400796165686,0.014749206998711097,0.0005863587673476389,0.12290733950513683,-0.5609802091259569,Q3
2024-07-15,0.048499999999999995,0.04031603242727707,0.038112659069999784,0.03980179861858036,0.04235037818757517,0.04393516333021293,0.008791740651278263,0.01241802942597144,0.019216709426579565,0.02424889315887842,0.03151357842997156,0.01923779021853585,0.0040607822336714006,0.1263817629714606,0.14286892524169162,Q4
2024-07-16,0.048499999999999995,0.04011682403433477,0.0377138942867914,0.03910259042485456,0.041600168139891244,0.04310134507598914,0.008391506948331316,0.011550672885516332,0.01782475885790743,0.022391509703450573,0.02800010209257283,0.017631710097555698,0.002668703588106308,0.12498968432589548,-0.14012111986225936,Q4
2024-07-17,0.048499999999999995,0.03991763471626132,0.03731518707912053,0.03890259092200926,0.041400168172207166,0.04323516456124435,0.0054957934719284795,0.006994054610123991,0.011383304330394207,0.014385813944613203,0.01922668438334714,0.011497130148081404,0.0039697302444081095,0.1262907109821973,0.12569028411202235,Q4
2024-07-18,0.048600000000000004,0.040615258439824525,0.0380138902992768,0.039153039227994034,0.042150378260237126,0.04340134468840889,0.006635759006383034,0.009251637609844387,0.014120857533459052,0.01866778492417832,0.025328799489012798,0.01480096771257552,0.0026911277369228714,0.12501210847471206,-0.1367515363988909,Q4
2024-07-19,0.0487,0.04111376942881664,0.03861265301650964,0.03980258868631461,0.04230016802688314,0.04413516297879359,0.007199817696439921,0.010660049014766877,0.017324279269436655,0.02296307348127898,0.03234889219033973,0.01809922233045243,0.006555348597684335,0.1288763293354735,0.6577249886535071,Q5 high
2024-07-22,0.048799999999999996,0.041213768115942025,0.038712651806506286,0.039902588438142254,0.04275037804233488,0.04400134391391798,0.008722648255566495,0.012635729062524564,0.020070390792302144,0.02726911207932829,0.0367457976832695,0.0210887355745982,0.004181531910487507,0.1265025126482767,0.16476151041061968,Q4
2024-07-23,0.048499999999999995,0.03951931330472104,0.03980562966632903,0.03985217566756649,0.04255037811494105,0.04413516297879359,0.008133023209724595,0.013474214360999444,0.021897824598591083,0.028491416987059433,0.03850101242909771,0.02209949831709445,0.002207513355809848,0.12452849409359902,-0.24521021732003478,Q3
2024-07-24,0.0482,0.03921931883228392,0.03980485570086134,0.03940258967948017,0.04400269023798043,0.044669056050747474,0.00620004044582702,0.010613897272150912,0.016813554070047934,0.024756083649143515,0.0349338416940498,0.018663483426243833,-0.0018379256961709445,0.12048305504161824,-1.08061077847883,Q2
2024-07-25,0.0483,0.0399168272441095,0.03960646180207931,0.03935303864510583,0.043051050621922785,0.044803024773979884,0.008682896218011528,0.013725714251635025,0.02047725099500939,0.027209194300726526,0.038450748462265684,0.02170916084552963,0.004137564197110921,0.1264585449349001,0.16778636017505882,Q4
2024-07-26,0.0479,0.03931764481343639,0.03880735538053332,0.03850352608150198,0.042000672818128214,0.04433707065258758,0.007516711388075911,0.011720784132293324,0.016789051716186883,0.021655852803625305,0.03139210257856978,0.01781490052375024,0.005154968112912939,0.1274759488507021,0.37946497345086866,Q4
2024-07-29,0.0479,0.03931764481343639,0.03850830326969873,0.03840352641985417,0.04155037847839079,0.04380302768129752,0.009040480569203962,0.011993380945698722,0.01632112759683117,0.019804305888114365,0.027873021299463157,0.017006463259862277,0.004420864794262402,0.1267418455320516,0.2236388512964092,Q4
2024-07-30,0.0478,0.039217646497423174,0.03781037223471835,0.03835304156178471,0.0413503785511646,0.04360302826343183,0.008834625074469166,0.011130251847673106,0.016771334281775324,0.017957738869666645,0.02524040890036669,0.015986871794790185,0.004291075875389266,0.12661205661317843,0.19525319371635316,Q4
2024-07-31,0.0473,0.038518485629714515,0.03721037819843414,0.037753043314481205,0.040750378769654025,0.04300303001117867,0.006902627346497511,0.008285793610536626,0.01264229175849176,0.013066523252076708,0.017403309039018787,0.01166010900132428,0.0024869028709376406,0.12480788360872681,-0.18757849391137904,Q3
2024-08-01,0.0462,0.037020225578283314,0.035611513363583376,0.03660259665303431,0.04015105355676201,0.04223707821031891,0.0036409949801703353,0.003484450921257036,0.004454404812209704,0.003973354916989351,0.005351167814659823,0.00418087468905725,-0.0014711035134837291,0.12084987722430546,-1.023646024276463,Q2
2024-08-02,0.0433,0.034319409565800825,0.0334093515458508,0.03500115703538468,0.03830152041693305,0.040805404013248676,-0.001688271613286627,-0.00379218003294409,-0.0054272941019181875,-0.008564450201016226,-0.01068739836700202,-0.00603191886323343,-0.006225399592640651,0.11609558114514851,-1.994017839526567,Q1 low
2024-08-05,0.0434,0.03441940770557792,0.033509350646231784,0.03485146420818936,0.03760067567565676,0.04060540505642693,-0.0009202271275846512,-0.0018235715942725899,-0.002722898690584609,-0.005571825130630805,-0.006463178994438591,-0.003500340307502249,-0.004162190922725656,0.11815878981506352,-1.5365213527161148,Q1 low
2024-08-06,0.0446,0.03522114685046909,0.033015249831557354,0.0368501626270894,0.03940151880414773,0.04157120252969795,0.0032788127100369215,0.0023936952437806193,0.006335257283193602,0.007111186468333514,0.009818194686915565,0.005787429278452045,-0.004441264496400643,0.11787971624138854,-1.5710506834224873,Q1 low
2024-08-07,0.044500000000000005,0.03551938726663475,0.0343104071200074,0.037600072245055106,0.040001517925887894,0.042171199907840816,0.003659282986415298,0.004369005894545615,0.009980670520908704,0.011981885062714278,0.018480058819443396,0.009694180656805457,-0.0038246792761108817,0.1184963014616783,-1.4240946281224358,Q1 low
2024-08-08,0.044800000000000006,0.03601852986217457,0.035009337172687095,0.03785016247051397,0.04040151734094546,0.04223707821031891,0.006143773641141134,0.007758163458036568,0.013633448419462877,0.01625685064207347,0.02196349047191701,0.013151145326526212,-0.0044152745435258045,0.11790570619426338,-1.5245737428811608,Q1 low
2024-08-09,0.045,0.03601937799043063,0.03481040212203451,0.03710064985076446,0.03975105396285465,0.041503034389384685,0.0059456615435768785,0.007754043060218078,0.012714836707409232,0.015033029823983118,0.01935679916249076,0.012160874059535615,-0.005373939390106247,0.11694704134768291,-1.6938569298902855,Q1 low
2024-08-12,0.0447,0.03552025461855077,0.03441040612002865,0.03645088484564409,0.03925105447091094,0.04133708145871197,0.006898470690071504,0.01001298968207072,0.01316925919223795,0.015032856245742313,0.020224478434462803,0.013067610848917059,-0.005044305970461904,0.11727667476732725,-1.6022863109882393,Q1 low
2024-08-13,0.044000000000000004,0.03462115900383142,0.033909347049485936,0.03575088544258123,0.03890151953680762,0.04107120471689672,0.0047847902893177405,0.007175405506215947,0.00906128282767845,0.010768070234436454,0.015889721751251328,0.009535854121779984,-0.0066720176874516535,0.1156489630503375,-1.8955994770722608,Q1 low
2024-08-14,0.044199999999999996,0.03462206473855583,0.03400934615073178,0.03535146350271687,0.03845105528482064,0.04087120559236695,0.00459135177352176,0.006890816710982343,0.00769627130346017,0.007731097700624515,0.011565974158323049,0.0076951023293823665,-0.005818568821203601,0.11650241191658556,-1.6968405516627438,Q1 low
2024-08-15,0.0452,0.03641852277076159,0.035409333586297054,0.036252183204641186,0.03930067456873905,0.041303034974101656,0.008621280765795849,0.012286243757557849,0.015021532692264385,0.016901404410778833,0.02114053902885629,0.014794200131050641,-0.00408471662269172,0.11823626411509745,-1.3363961803461095,Q1 low
2024-08-16,0.0449,0.036317695473251026,0.034910401123015966,0.036201804851359334,0.03910067469877641,0.04076906503041119,0.00842352032689847,0.011429684721011524,0.015021668407016298,0.016903945898140538,0.02114466990408642,0.01458469785143065,-0.006073921681235522,0.11624705905655365,-1.7037162532046957,Q1 low
2024-08-19,0.044800000000000006,0.03641688361408881,0.03461152442064924,0.035852184045318654,0.03855037957294438,0.040469065723950946,0.007841755494178895,0.010290315438292199,0.012732333810608145,0.013850439922264004,0.016803998672858225,0.012303768667640293,-0.005100066055771957,0.11722091468201723,-1.4924668532093743,Q1 low
2024-08-20,0.0443,0.03551853873408026,0.034210408120178344,0.03550180606830831,0.03805037975598573,0.04030303790106989,0.006116189420538362,0.007460064085459614,0.009088383149654863,0.007772547356287726,0.009033240150406727,0.007894084832469459,-0.005503143611026218,0.11681783712676296,-1.5854970025459132,Q1 low
2024-08-21,0.0436,0.034818551169030286,0.03380934794841297,0.034901807112714324,0.03815105559036073,0.04023708543663142,0.0051627808468900456,0.006336419036488193,0.005462850115896987,0.004153067488000493,0.003895117520189904,0.005002047001493125,-0.00767425628663998,0.1146467244511492,-1.9926676947871524,Q1 low
2024-08-22,0.0443,0.03551853873408026,0.03480833279691052,0.035701805720441175,0.03895105477597984,0.040703036729605395,0.007278335280614959,0.008895015951246435,0.009577776359513526,0.00963773449204021,0.009944415751706362,0.009066655567024299,-0.007435873374390861,0.11488510736339831,-1.9207936789997113,Q1 low
2024-08-23,0.0436,0.034420275967803754,0.03390834001098635,0.03530115670079873,0.038601519976742944,0.04043708471274542,0.005176009525422872,0.006076396030586647,0.005046001571981004,0.004200664205102808,0.00395509481993663,0.0048908332306059924,-0.009213864033325275,0.11310711670446388,-2.2438821759408865,Q1 low
2024-08-26,0.0438,0.034421163058057105,0.03400833920880558,0.03540115658931309,0.03870151983006956,0.040537084350907124,0.006907134757316781,0.007217871010096667,0.007331751079645045,0.00603366028651512,0.005688809291112186,0.00663584528493716,-0.009066750697458381,0.11325423004033079,-2.2000362933914897,Q1 low
2024-08-27,0.0434,0.033224928119608976,0.03500349486477597,0.03570065072784056,0.03905206875736229,0.04063708398913869,0.0046150792752751475,0.005249105472746474,0.005071953861811241,0.003626232714254097,0.0022726269041896015,0.004166999645655312,-0.012604738026318701,0.10971624271147049,-2.7906984267011508,Q1 low
2024-08-28,0.0436,0.03302691644308165,0.03500349486477597,0.03495146406704044,0.04015511102957414,0.040737083627439975,0.0032854188200039883,0.00384994350496814,0.002368885881230959,0.004248617236397795,0.0031477376984927422,0.003380120628218725,-0.017062561237154383,0.10525841950063479,-3.4845210179737323,Q1 low
2024-08-29,0.0438,0.03362491856677525,0.03540349351939013,0.0351018067644448,0.04010422256465247,0.04127120384176417,0.005017812766979939,0.006403198777655998,0.006011767669073802,0.00850338080818042,0.009172198223616316,0.0070216716491012954,-0.013151850428515216,0.10916913030927397,-2.7035907179923635,Q1 low
2024-08-30,0.0438,0.034421163058057105,0.03550415584354001,0.03590115603220706,0.04025341846283657,0.041671202092511184,0.0036838611870035724,0.004714948536885793,0.004659025379719833,0.006690339825899932,0.007458986507272485,0.005441432287356323,-0.010294130460127282,0.1120268502776619,-2.176929246509205,Q1 low
2024-09-02,0.0438,0.034421163058057105,0.03550415584354001,0.03590115603220706,0.04025341846283657,0.041671202092511184,0.004648965316849024,0.006418558814858116,0.007848026130864355,0.01094689440405841,0.013489924891926602,0.008670473911711302,-0.010294130460127282,0.1120268502776619,-2.145559282100535,Q1 low
2024-09-03,0.0435,0.03412116914230953,0.03430649475458116,0.03530115670079873,0.039302702441547335,0.040971205154589616,0.003701194635417587,0.004171378836620071,0.0033230452977415946,0.003686877196155863,0.003191365534596163,0.003614772300106256,-0.010137190404871932,0.11218379033291724,-2.0808362595991756,Q1 low
2024-09-04,0.042300000000000004,0.032921193514343264,0.03370488423536405,0.03455088646777803,0.038753423416411206,0.04050540557816707,8.939212157055808e-05,-0.0008758161440061089,-0.0038777059154839703,-0.004714427310679276,-0.007848412042843584,-0.0034453938582884756,-0.012637479941824126,0.10968350079596505,-2.4393297998837515,Q1 low
2024-09-05,0.0421,0.03292030515305632,0.03330566492065611,0.034350886638875026,0.03855342407797275,0.03963708760996656,-0.004464112258336087,-0.007586616887250034,-0.013292172138706586,-0.01606503465058217,-0.022166168181962813,-0.012714820823367539,-0.01617386911677174,0.10614711162101743,-2.91582194337675,Q1 low
2024-09-06,0.040999999999999995,0.032218597502401546,0.03300416586244625,0.034400289724437774,0.038504229095441364,0.040005408188379464,-0.007280268215758246,-0.01089957575486713,-0.017268511716326283,-0.020179663225603404,-0.027142366054167,-0.016554076993344415,-0.01562609849238436,0.10669488224540481,-2.726399438524877,Q1 low
2024-09-09,0.0412,0.03241859393008067,0.03260566874362951,0.03415045268714578,0.0380534257329957,0.039805409233170386,-0.00668583764565239,-0.010038574541319564,-0.017683524655151713,-0.02250939987907746,-0.02960137710733329,-0.017303742765706884,-0.014211716873891084,0.1081092638638981,-2.429938027559418,Q1 low
2024-09-10,0.0407,0.031122138944940904,0.03080836495536657,0.0344500181302477,0.0378042319590182,0.03930541184691462,-0.00854914379544852,-0.01416792956788676,-0.022520989255822188,-0.027176462314980665,-0.035345644257207265,-0.02155203383826908,-0.017420682729748588,0.10490029800804059,-2.8018516741602126,Q1 low
2024-09-11,0.0412,0.031224010756819066,0.03110836253487486,0.034499999999999996,0.03765342705816644,0.03907121348682593,-0.00776416584868237,-0.013027751391957922,-0.021605168754706007,-0.027731483388826396,-0.037784545647883284,-0.021582623006411193,-0.01771689957186165,0.10460408116592754,-2.7392402612374904,Q1 low
2024-09-12,0.0409,0.03191945431837833,0.031308360921991796,0.03470000000000001,0.038204230322213914,0.03937121216917628,-0.006792182598615051,-0.011611784607884614,-0.01936404377683756,-0.0247692494751425,-0.034463088913469636,-0.019400069874389872,-0.017457332574597945,0.10486364816319124,-2.6263599951327614,Q1 low
2024-09-13,0.04,0.03141777884615384,0.031206514184932296,0.0344500181302477,0.0378042319590182,0.0396396850095781,-0.008091940399468818,-0.012972523554205757,-0.021105835999588714,-0.02708679709571061,-0.03608256091597085,-0.021067931592988948,-0.01564338812180771,0.10667759261598145,-2.313888101066547,Q1 low
2024-09-16,0.039599999999999996,0.03161539053482108,0.03140567530931666,0.03395001812966333,0.037604232777895465,0.03910541289311971,-0.008256558463285265,-0.013223534678069412,-0.02107917620877203,-0.02589073127763924,-0.034417142097602105,-0.02057342854507361,-0.01748900622787658,0.1048319745099126,-2.490115679803249,Q1 low
2024-09-17,0.039900000000000005,0.0319153860948168,0.03170567366646943,0.0342500181244059,0.037553427389619316,0.03930541184691462,-0.007287678035545959,-0.011811070729770707,-0.018840282042993248,-0.024104076219159873,-0.031917597108130566,-0.018792140827120073,-0.01569692082474089,0.10662405991304828,-2.2026751615600086,Q1 low
2024-09-18,0.0395,0.03271112073112073,0.03250416787202714,0.03440007246843585,0.03855511893717346,0.039805409233170386,-0.007459273116946539,-0.01206940828839169,-0.02015098463722169,-0.025263295116954063,-0.03355777208103432,-0.019700146648109658,-0.016409127128505036,0.10591185360928414,-2.2363620164759737,Q1 low
2024-09-19,0.0393,0.03251112287116328,0.03230416867640248,0.03520007248711326,0.03875511794738571,0.04033968071551231,-0.007631499331529684,-0.011773761498291518,-0.018360805103881668,-0.022894829433639803,-0.030234250034446415,-0.018179029080357817,-0.014768688037809813,0.10755229269997936,-1.9784303283592228,Q1 low
2024-09-20,0.0392,0.031813173595073116,0.03280234601254687,0.03510007249411979,0.038655118442231726,0.0405740291544463,-0.00969253970913258,-0.01453057521321593,-0.023216190430847487,-0.029345421397546527,-0.03931843532847339,-0.023220632415843184,-0.014615597213389536,0.10770538352439965,-1.9172257780933872,Q1 low
2024-09-23,0.0391,0.03231112501202964,0.032702895659427876,0.03570028995779291,0.038955116957980616,0.04053967948970258,-0.00948543567602516,-0.015064693350565421,-0.02275523995092226,-0.029326827011916738,-0.03847998646084743,-0.023022436490055403,-0.0151031434670518,0.10721783727073737,-1.9351821308665982,Q1 low
2024-09-24,0.0388,0.03101464189449364,0.033400724590989854,0.0351501631459364,0.03925715028075148,0.04067402844335478,-0.011727760747558729,-0.017256056868220584,-0.02670037605006921,-0.03281143752859046,-0.04256152287190269,-0.026211430813268332,-0.018392015956221225,0.10392896478156795,-2.2710957967464,Q1 low
2024-09-25,0.038900000000000004,0.031712474732890544,0.0341004635740193,0.035650163067110524,0.03975714682500908,0.04117402488995667,-0.010952337292351698,-0.015575960993320502,-0.02359615370416448,-0.028703271227300674,-0.035981578208665675,-0.022961860285160608,-0.016894050809802413,0.10542692992798676,-2.0407156023596835,Q1 low
2024-09-26,0.039599999999999996,0.032412466333205096,0.03420104226979323,0.03565001810923487,0.039004227052400794,0.04117402488995667,-0.01036752819491115,-0.015003737911993935,-0.024019570970563613,-0.030441072483772362,-0.03925644516305304,-0.023817670944858822,-0.012295908126633392,0.11002507261115577,-1.4707786758541033,Q1 low
2024-09-27,0.039,0.032011790182868136,0.03370104277296488,0.035150018117984315,0.038504229095441364,0.04100845138157322,-0.011477308465181916,-0.017469307059031495,-0.02795591121358532,-0.035659557273806874,-0.04495657747225179,-0.02750373229677148,-0.01185537055602412,0.11046561018176505,-1.3968591202866025,Q1 low
2024-09-30,0.0398,0.03340984804770148,0.034201851732662124,0.035800000000000005,0.03895342275510527,0.04137402346955771,-0.009191140231555914,-0.014679799622843756,-0.02440839385536879,-0.030972031675858977,-0.04002228045320093,-0.023854729167765674,-0.009238172591100519,0.11308280814668864,-1.0760023904662905,Q1 low
2024-10-01,0.039599999999999996,0.032611783378222396,0.03340234465437696,0.034950018112150406,0.038253425070794586,0.04067402844335478,-0.010867418543474748,-0.01797178539539237,-0.0287758274578366,-0.03617867240174324,-0.046514674489230766,-0.028061675657535545,-0.011139469312011513,0.11118151142577766,-1.2756667523731626,Q1 low
2024-10-02,0.0397,0.03291111859190151,0.033602344202003046,0.03565001810923487,0.039004227052400794,0.04117402488995667,-0.010655816020151358,-0.016842355857271833,-0.02743193299143725,-0.03382585365621087,-0.04159104976565214,-0.02606940165814469,-0.011157615654549868,0.11116336508323932,-1.2593847635580384,Q1 low
2024-10-03,0.04019999999999999,0.033809844260719105,0.03460185101858061,0.03620000000000002,0.0393534214332596,0.04177402063040425,-0.010255019656494738,-0.016263664229469413,-0.02740583506235124,-0.035552528629022764,-0.04403448994186583,-0.026702307503840794,-0.00812321062981039,0.11419777010797878,-0.8972367752605528,Q1 low
2024-10-04,0.042,0.03660699616122841,0.03660233743728117,0.03765016250180494,0.04055206576710883,0.042137078570973395,-0.005123211632676508,-0.007903689717460607,-0.016752792621897574,-0.022036143660265763,-0.02834556723329276,-0.016032280973118644,-0.0063053676369615175,0.11601561310082764,-0.6787695503486478,Q1 low
2024-10-07,0.0424,0.03740599577897162,0.0369028839680441,0.03815016242360009,0.04070151690253438,0.042871196852835795,-0.004350280715517807,-0.006772886418102708,-0.014064884090745477,-0.018476508035244043,-0.020004962956326155,-0.012733904443187238,-0.0017001611124165539,0.1206208196253726,-0.1459641341237304,Q2
2024-10-08,0.0421,0.037505076288264085,0.036204153046876256,0.0386,0.0414026969752345,0.042737076408087875,-0.006043090810492044,-0.010102179927822816,-0.018943462028330645,-0.02614982028391822,-0.032539358903129874,-0.01875558239073872,-0.004927286898091798,0.1173936938396974,-0.5059295156367147,Q1 low
2024-10-09,0.0424,0.03740599577897162,0.0369028839680441,0.0394000721940575,0.041201516172411946,0.04270303088580884,-0.0047024010257802895,-0.0073033523917895304,-0.012265979549202999,-0.01731978321804656,-0.02177466517297938,-0.012673236271559751,-0.004480671237947098,0.11784030949984206,-0.4443745267298757,Q1 low
2024-10-10,0.042199999999999994,0.03740552677029362,0.036802884245313125,0.039550162454872986,0.04190269567698931,0.04323707460759064,-0.005825245084064559,-0.008960309981744121,-0.013588324057577697,-0.016119684578798414,-0.018414434920116733,-0.012581599724460305,-0.004712545205687202,0.11760843553210194,-0.4609492432809772,Q1 low
2024-10-11,0.0418,0.037205077750048006,0.036502885077440136,0.03925016250180493,0.04195341286608673,0.04337119467320911,-0.006377502170903209,-0.00977825333868692,-0.01490672405475562,-0.017288495651211648,-0.019238695207071936,-0.013517934084525868,-0.004671173453082433,0.11764980728470674,-0.4459983909987506,Q1 low
2024-10-14,0.0418,0.037205077750048006,0.036502885077440136,0.03925016250180493,0.04195341286608673,0.04337119467320911,-0.007874102221726461,-0.012818371897848065,-0.02022525748917758,-0.024962872539918798,-0.030099851957043896,-0.01919609122114296,-0.004671173453082433,0.11764980728470674,-0.4359640670408846,Q1 low
2024-10-15,0.0418,0.037205077750048006,0.03680233698768762,0.0386,0.04105206477227778,0.042637076768395295,-0.006531789627542844,-0.01141018165687067,-0.020202941541424973,-0.02728373857757747,-0.03502349880136455,-0.020090430040956102,-0.004846233236449754,0.11747474750133943,-0.4461150363056875,Q1 low
2024-10-16,0.0417,0.03690552942305846,0.03660233743728117,0.038400000000000004,0.04120269749488282,0.042537077128772055,-0.008215784891431356,-0.013331599376961357,-0.02194864456811916,-0.02784708465614636,-0.035003386223608636,-0.021269299943253373,-0.0064912484995328645,0.11582973223825631,-0.626936759578745,Q1 low
2024-10-17,0.0421,0.037105997505037895,0.037501413688019826,0.03915001804822484,0.04215341220885022,0.04323707460759064,-0.00706085592983287,-0.011089467190708484,-0.01838344903943802,-0.02253511292774503,-0.029186239728026378,-0.017651024963150155,-0.006644111099001981,0.11567686963878718,-0.634270829460819,Q1 low
2024-10-18,0.04190000000000001,0.03710552836164699,0.03680233698768762,0.03910007221491146,0.04195341286608673,0.04337119467320911,-0.006854112040144817,-0.011347856615119573,-0.018363854362124805,-0.023104378702661316,-0.029169134060673303,-0.017767867156144763,-0.004940323013518849,0.11738065772427034,-0.42425197003346277,Q1 low
2024-10-21,0.0424,0.038004643131235596,0.03810141287277037,0.040250162345470505,0.042953409582433356,0.04470538375145476,-0.005132929065021345,-0.008546364306381851,-0.012558462067737544,-0.015395235940577859,-0.017450371216426744,-0.011816672519229068,-0.0009244659773574304,0.12139651476043173,0.057837175584758066,Q3
2024-10-22,0.0424,0.038204230621642375,0.03880072083037811,0.040300072131567846,0.04350420875347899,0.04433707065258758,-0.0056871647784731034,-0.008252446370141348,-0.012989895422694926,-0.014787776186344432,-0.018277213416129885,-0.011998899234756739,-0.005020468372747611,0.11730051236504156,-0.4152984227823891,Q1 low
2024-10-23,0.042699999999999995,0.038703836194495064,0.039500461168927595,0.0408000720968981,0.043653407287633055,0.044737069216477,-0.005482726304908611,-0.007958677502343877,-0.011635582971940747,-0.013585591424192541,-0.016584844057356017,-0.011049484452148359,-0.0028299214464305444,0.11949105929135861,-0.14199873367148805,Q2
2024-10-24,0.0425,0.03890310791366906,0.0392007205533665,0.04045001802566857,0.04345340794297505,0.044203026517700056,-0.006037053423439613,-0.008780246368261229,-0.01251425033051266,-0.014167148916715538,-0.017411169870742187,-0.011781973781934246,-0.004376531773391312,0.11794444896439786,-0.3172640723534452,Q1 low
2024-10-25,0.0429,0.039303106721641584,0.03930103716504383,0.04100007208303953,0.043502691530990796,0.04483706885762179,-0.0022347091405554363,-0.004866168700400221,-0.004909652406819488,-0.004048953004726609,-0.0022643221399134337,-0.0036647610784830377,-0.00046889733362279196,0.12185208340416637,0.16747412024863068,Q3
2024-10-28,0.042800000000000005,0.03960245492903721,0.04030025929126813,0.04140007205533838,0.043902690496483106,0.044903024483555196,-0.002037246088350972,-0.003737887345642052,-0.003102635682842844,-0.003442162381453881,-0.002259953895762931,-0.002915977078810536,-0.001663536903843632,0.12065744383394554,0.02984140275051733,Q2
2024-10-29,0.0429,0.039303106721641584,0.040200259316171244,0.04155016214268492,0.04355205981246048,0.04513706778146973,-0.0018398196759003443,-0.00289061838215725,-0.00039706659202136613,0.00016015264911291077,0.0019988941236449126,-0.0005936915754642274,0.0005720921825606018,0.12289307292034977,0.3131159212806629,Q3
2024-10-30,0.042800000000000005,0.04020162063674722,0.041200028803686825,0.041400000000000006,0.043501512822881554,0.04500302419318625,-0.0010734654717412038,-0.0012024746860825396,0.000960791219688555,0.0013677980984317319,0.0028556314050803213,0.0005816561130753729,0.0012068202925190896,0.12352780103030829,0.3997771739996839,Q3
2024-10-31,0.042699999999999995,0.040501160448834755,0.040400460770503153,0.04195016208039122,0.043601512677585476,0.04443516245191761,0.0002614503341153685,0.00020180556292267787,0.004125247257360935,0.0061929340880906,0.007982999651634707,0.003752887378824858,-0.0012376471830816693,0.1210833335547075,0.1048837074827741,Q2
2024-11-01,0.042800000000000005,0.041400469888761025,0.041200259067355104,0.042800287981567105,0.04500268765568306,0.045335160873108724,0.0004547540988645523,0.0016107841214471294,0.005943381202992671,0.009845320608259734,0.014911977669148336,0.006553243540142484,-0.0011110242082180422,0.12120995652957113,0.12723377720324336,Q3
2024-11-04,0.0425,0.0409006139088729,0.03960141083875445,0.042750882663743765,0.044152058625647916,0.044735161925344956,-0.00030145925694613756,-0.0011902024922751967,0.0023208511631518354,0.003789551873213834,0.006301074826447148,0.0021839632227182966,-0.0009804035698626201,0.12134057716792654,0.15269603917769767,Q3
2024-11-05,0.042699999999999995,0.04110061379111923,0.0395018423155678,0.042350450280970266,0.04370151253231728,0.04353393046283237,0.0008471745770454501,0.00021962052912242102,0.00368148720081699,0.005000207536997403,0.005450185537609375,0.0030397350763183275,-0.004800112269800677,0.1175208684679885,-0.31769044246699607,Q1 low
2024-11-06,0.0431,0.04230015338893681,0.040601409485994375,0.0437508818165628,0.046204197849976356,0.04536759838002664,0.0019964105795712457,0.002477151805249673,0.00869174602177782,0.014768292312050808,0.02109932901637381,0.00980658594700467,-0.003925509385007242,0.11839547135278192,-0.19794802480751747,Q1 low
2024-11-07,0.042800000000000005,0.041400469888761025,0.039701841962080764,0.04230028811985581,0.04450268894621177,0.04450134326919009,0.0018095024704426108,0.0019199622079533927,0.005973379328239567,0.009310033868359898,0.013334489365193955,0.006469473448037885,-0.0027465384320217168,0.11957444230576746,-0.04117905393671576,Q2
2024-11-08,0.0432,0.04200034509202454,0.04020184107895644,0.04230007199308855,0.04375104991596138,0.04416759945273103,0.002195080753088849,0.002206653519625698,0.00552155320386751,0.00688244857288913,0.008156606696426946,0.004992468549179627,-0.00030256030174502513,0.12201842043604415,0.2741510496911714,Q3
2024-11-11,0.0432,0.04200034509202454,0.04020184107895644,0.04230007199308855,0.04375104991596138,0.04416759945273103,0.001817203532253257,0.0024930298072467754,0.00461763240927107,0.00567454382430335,0.006442077242399672,0.0042088973630948255,-0.00030256030174502513,0.12201842043604415,0.2814416727662959,Q3
2024-11-12,0.0438,0.04300015328607013,0.04190071868909274,0.04365016181617616,0.04530151021181543,0.04546759829074599,0.0033501329594776063,0.005320783696869161,0.008269294477255988,0.010559912835096157,0.014258423324260187,0.00835170945859182,0.0013249560404301197,0.12364593677821928,0.499383595610817,Q3
2024-11-13,0.0431,0.04230015338893681,0.04210011507847668,0.04375044967622807,0.04580268559341177,0.04580134159578908,0.0014457606375903463,0.0027866185460349723,0.005089823428334486,0.00752208046401899,0.00993386936247416,0.005355630487690591,-0.000627448565495764,0.12169353217229342,0.2547295654716355,Q3
2024-11-14,0.0436,0.043200038328861635,0.04220045997571597,0.04350007191025587,0.04530151021181543,0.04546759829074599,0.001452880669388582,0.0022293623120035943,0.0028261207623681483,0.002677381366627255,0.0021964125555771685,0.0022764315331929496,0.0014542144864322926,0.12377519522422147,0.5348265802233019,Q3
2024-11-15,0.0434,0.04280008625646923,0.04190046010799003,0.043450161847215577,0.04510151050148871,0.04593515982208276,0.0008870635935128747,0.0011109128289857918,0.0019282855497849728,0.0020818728947019673,0.003058863737976151,0.0018133997209923516,0.004006988202070572,0.12632796893985976,0.8697940395647124,Q4
2024-11-18,0.0433,0.04250015335953226,0.04170046019621503,0.0432501618782669,0.045252056453373164,0.04583515999716975,0.0005138343688991498,0.0005573199042726274,0.000581180207478963,0.000884917069485206,0.0013581467843709317,0.0007790796669013756,0.0023616681564731234,0.12468264889426228,0.6654711421757459,Q3
2024-11-19,0.0434,0.04200046961855471,0.041800258918294524,0.0426500179876245,0.04495205704535697,0.04553516052263233,-0.0017611268438183524,-0.0033631030321185106,-0.007074019488643503,-0.00812352082078205,-0.009703435643662718,-0.006005041165805027,0.001144211462352468,0.12346519220014164,0.5167494239956522,Q3
2024-11-20,0.0437,0.04250034492670307,0.04160071889575774,0.04310007193784558,0.044901510791273115,0.04573516017229037,-0.0004165973657510838,-0.0027883843658869337,-0.007057365657251704,-0.010498021285379047,-0.013917508550463278,-0.00693557544494641,0.0034965703186310426,0.12581755105642023,0.8329663365689219,Q4
2024-11-21,0.043899999999999995,0.04290023948654086,0.04220045997571597,0.043,0.04510151050148871,0.04593515982208276,0.0005468437980202432,-0.0008123726783173892,-0.0034524490827152845,-0.005710550806138174,-0.00800408929455824,-0.003486523612741769,0.004204803736630014,0.1265257844744192,0.9336091125879241,Q4
2024-11-22,0.044199999999999996,0.04320023941773607,0.04220071848254652,0.04270007189187447,0.044751048909089326,0.04550134198158835,0.0011274253412190643,-0.0013619112486881785,-0.006586477199475974,-0.010479845875593866,-0.01558923086196046,-0.0065780079688998825,0.004060838119218035,0.12638181885700717,0.9184076144804489,Q4
2024-11-25,0.0437,0.04050245281211076,0.0421,0.041100287861824264,0.04310067210751864,0.04410134378492288,-0.001715288307072957,-0.004424465407466824,-0.011919776034178872,-0.018731241715322308,-0.027186478621226525,-0.012795450017053497,-0.0012181809797989496,0.12110279975799025,0.2243471405011461,Q2
2024-11-26,0.0437,0.04050245281211076,0.0421,0.041100287861824264,0.044152058625647916,0.04440134339808617,-0.0017037746062544793,-0.004410185008460795,-0.011901211757095572,-0.016936107789766393,-0.024670836415485394,-0.011924423115412527,-0.0040814780902327374,0.11823950264755646,-0.14937117465782604,Q1 low
2024-11-27,0.0434,0.04040215641173089,0.041300115166831464,0.04020064791705618,0.04320151325893725,0.04436905673910288,-0.00226030298129268,-0.005231453297697393,-0.01410427950046503,-0.01927162751342185,-0.027962173610975003,-0.013765967380770391,-0.00037529361525850957,0.12194568712253068,0.35942413492224323,Q3
2024-11-28,0.0434,0.04040215641173089,0.041300115166831464,0.04020064791705618,0.04320151325893725,0.04436905673910288,-0.0024342653132856528,-0.005491938004132432,-0.015415131909649646,-0.021608248513385095,-0.03125322382678335,-0.015240561513447234,-0.00037529361525850957,0.12194568712253068,0.3657189887988008,Q3
2024-11-29,0.043,0.03960277085330776,0.04040025926636979,0.03975045025213617,0.04225105142989917,0.043669058346808946,-0.0022315803920310707,-0.005476094676719154,-0.014507394097528312,-0.021585946686060495,-0.031230699754115285,-0.015006343121290863,-0.0012217066842455104,0.12109927405354365,0.255979470102479,Q2
2024-12-02,0.043,0.04040162032598275,0.03990103656777063,0.04035016208039121,0.04255105112676241,0.0433013448175775,-0.0016516898616822035,-0.004625627922277519,-0.013598752328476203,-0.02097651858364038,-0.0328643458142527,-0.014743386902065803,-0.00268835141650392,0.11963262932128527,0.06430315487948453,Q2
2024-12-03,0.042699999999999995,0.040700959048623774,0.04050046072627622,0.04080007202304727,0.04320151325893725,0.04370134430105189,-0.001643747521072283,-0.0040556356465997895,-0.012245206189395688,-0.018595931554901204,-0.02953466668710876,-0.013215037519815545,-0.0031458208562421264,0.11917515988154705,0.015058556486723745,Q2
2024-12-04,0.042300000000000004,0.040300959416674643,0.04010046090323478,0.04040007205072359,0.04280151384073605,0.0433013448175775,-0.0023954372246340443,-0.005720515335526265,-0.014009704247185683,-0.020346872975869967,-0.031990831752502794,-0.01489267230714375,-0.004260797259746207,0.11806018347804295,-0.13058457934521356,Q1 low
2024-12-05,0.042300000000000004,0.040700614026671786,0.04000071999998153,0.04025016209596017,0.04245105122778862,0.042867600617618344,-0.002575787535735065,-0.006265943991263458,-0.015327385033032217,-0.02327455074359086,-0.03609136460755369,-0.016707006382235056,-0.004293280958660772,0.11802769977912839,-0.12612249251168622,Q1 low
2024-12-06,0.04190000000000001,0.04010077742585659,0.03950072034574753,0.0400000720784212,0.04240151442298244,0.04290134533450016,-0.003515822058516769,-0.00708977645889821,-0.017528697433603767,-0.025603348412107783,-0.039354120408688374,-0.018618352954362982,-0.004951423061849397,0.11736955767593978,-0.20948909425269832,Q1 low
2024-12-09,0.042,0.04060047024952014,0.04010046090323478,0.04040007205072359,0.04280151384073605,0.04363516385759513,-0.003316194249245046,-0.006798197631185537,-0.01751063339253393,-0.026171591551476563,-0.039333284231009055,-0.018625980211090028,-0.002162963466946055,0.12015801727084312,0.18822435361945844,Q2
2024-12-10,0.042199999999999994,0.040800470159278464,0.03940141110961815,0.04105001801527693,0.04300151354978079,0.04383516350597317,-0.0025482455466908703,-0.006507731474906138,-0.016161903421640707,-0.024392032769555046,-0.03767182754357324,-0.0174563481512732,-0.0011949567202291789,0.12112602401755998,0.3334918476236049,Q3
2024-12-11,0.0421,0.040900345456290184,0.03970103676678523,0.04190028823058239,0.04375205941670432,0.04400134391391798,-0.002352114012649166,-0.006218606990617094,-0.014812490040017657,-0.022019567769814553,-0.035183300421449064,-0.016117215846909505,-0.003356317245074514,0.11896466349271466,0.03436289211612427,Q2
2024-12-12,0.042199999999999994,0.04140015352139704,0.040600460682057846,0.042400288092187426,0.0442520584279788,0.04483516174988811,-0.00424696640937849,-0.00900253469052514,-0.018363949119310826,-0.026727502946947142,-0.037648093011463206,-0.01919780923552496,-0.0005803925872954752,0.12174058815049368,0.4344564940583034,Q3
2024-12-13,0.0424,0.042600009593246356,0.041300460372766544,0.0431002878986576,0.04530268688196027,0.04563516034744457,-0.002911473523443187,-0.007876667823220785,-0.016127539833405823,-0.02259181664576444,-0.032674857534369564,-0.01643647107204076,0.0010812701310202455,0.1234022508688094,0.6735668501267424,Q3
2024-12-16,0.0424,0.042600009593246356,0.04160025896796231,0.04295016192486621,0.04495205704535697,0.04553516052263233,-0.0023359968834321186,-0.006751413544536795,-0.015225216413629956,-0.022576637740498347,-0.032659449345390563,-0.015909742785497553,0.0018994992940750688,0.12422048003186423,0.7911505275219258,Q3
2024-12-17,0.0425,0.0425,0.04160025896796231,0.04320028787103173,0.04505205684799115,0.04563516034744457,-0.000431868473836851,-0.00339651570921722,-0.008542944480631132,-0.013144704014180265,-0.021911725681231498,-0.009485551671819392,0.0018904412633376777,0.12421142200112686,0.793336973830738,Q3
2024-12-18,0.043,0.04400023969319272,0.0435,0.04475044924526293,0.04575104790414656,0.046167597666259996,0.0022372689552036733,0.0016606142340982104,0.0004684469949251739,-0.0029675041823438515,-0.009284647762507516,-0.0015771643521248619,0.003941036243801377,0.12626201698159056,1.0803060694703666,Q4
2024-12-19,0.042800000000000005,0.04360015343306482,0.04410025884382851,0.04550115012296642,0.047102682248962406,0.04710133992655219,0.0008988579063524938,0.0005344811149628182,0.0004684448997638569,-0.0005568725026481058,-0.0033319754987317395,-0.0003974128160601353,0.0021396943244816335,0.12446067506227083,0.8212304471109703,Q3
2024-12-20,0.042699999999999995,0.04330008631437613,0.04360011506008649,0.04445044937446571,0.04650268379151875,0.046835158247808525,0.0005161515923482163,-0.0003077671636779488,-0.002232868154311981,-0.004151575735271225,-0.0075609403398550785,-0.0027473999601536035,0.002788586224551637,0.1251095669623408,0.9224775740766943,Q4
2024-12-23,0.0426,0.04340015346249759,0.04480103567314951,0.045601150012745076,0.04720268199204203,0.04753515702524798,0.0001342425397372871,0.0008158239503804044,0.0018332949541018085,0.0018683120588052471,0.0018055445779075175,0.001291443616186453,0.0032425033168447803,0.12556348405463397,0.9969300458114435,Q4
2024-12-24,0.0424,0.04340023983115887,0.04500140984647674,0.04535088046445072,0.047453394883849566,0.04753515702524798,-5.481679213299208e-05,0.0005354178753694174,2.6179199660572236e-05,0.0006631181661725296,-0.0007558643618076986,8.280681745236572e-05,0.002004449540927933,0.1243254302787171,0.8353154607261762,Q3
2024-12-25,0.0424,0.04340023983115887,0.04500140984647674,0.04535088046445072,0.047453394883849566,0.04753515702524798,-5.322949054569013e-05,0.0002554893776110642,-0.0008745679550875999,-0.0017439679219376928,-0.0050133242036430195,-0.0014859200387205877,0.002004449540927933,0.1243254302787171,0.8497204798192386,Q3
2024-12-26,0.042300000000000004,0.043700470114170574,0.044500719194483805,0.045250880548836206,0.0466520536952813,0.047903015796672936,0.0005176240992802021,0.0005356530414564868,-0.0004232135470709094,-0.0023423240257755425,-0.004163397786517796,-0.001175131643725512,0.0078859983366672,0.13020697907445636,1.7145623316003311,Q5 high
2024-12-27,0.042,0.0442011612284069,0.044600719125525,0.045851455508117415,0.047302681735170916,0.0483030146421908,0.0026103514539901414,0.0033424313056853523,0.005898819442021315,0.006082806951410953,0.007764627029814404,0.005139807236584433,0.007991771602100295,0.13031275233988948,1.7306672087968449,Q5 high
2024-12-30,0.0417,0.04310047038494767,0.043900719608514584,0.04490115078473836,0.046853396836334375,0.04760301666311499,0.0008926458277029154,0.0010923988012602587,0.0018263911892901059,0.0018616876052854176,7.700010592574585e-05,0.0011500247058928888,0.004427069619724666,0.12674805035751385,1.2134050766390607,Q4
2024-12-31,0.0416,0.04340077764976959,0.04310011511527465,0.045452176224083346,0.04730419342398828,0.048137057053953526,0.0007025697700916034,-2.968394366413378e-05,0.001374996542151079,0.0024663804937253443,0.002643700245766949,0.0014315926216141683,0.0061284273330606265,0.1284494080708498,1.472615724462143,Q5 high
2025-01-01,0.0416,0.04340077764976959,0.04310011511527465,0.045452176224083346,0.04730419342398828,0.048137057053953526,0.0012749272783192911,0.0008147748607938965,0.0031836652000969945,0.004277003097560126,0.005209596439913531,0.0029519933753367677,0.0061284273330606265,0.1284494080708498,1.477584557967968,Q5 high
2025-01-02,0.0417,0.04330061438033983,0.04370046049054283,0.0451514564852026,0.04695339651076429,0.04803705741054439,0.0005121237578950247,0.0005346100425948322,0.0009199352966261756,4.910703982088623e-05,-0.0007843726976465046,0.00024628068785808286,0.006676647778959932,0.12899762851674912,1.5588203606405084,Q5 high
2025-01-03,0.0418,0.043800959877135746,0.04400046035804874,0.0454514560662912,0.04760419221851993,0.04810301521932136,0.00032046536347598784,0.0010957168930144888,0.0027278365636985956,0.003667957436872895,0.005194255360877611,0.0026012463235879158,0.005123672737786078,0.12744465347557526,1.321831597880931,Q4
2025-01-06,0.0417,0.04390116156283,0.043400115082155376,0.04600258918280235,0.04770419181685112,0.04853705562827286,0.0012720505953203527,0.001375633038906345,0.00498913687994177,0.0060832564528059754,0.00862621225005892,0.0044692578434066725,0.007355822114891525,0.12967680285268068,1.6292412842375679,Q5 high
2025-01-07,0.04190000000000001,0.044101161339859855,0.043900258893467756,0.046553037868269614,0.04845507039787282,0.04903705384770647,0.0024134731425879312,0.0039051155957014376,0.00998182982296052,0.014579866667266895,0.02071218761558107,0.01031849456881957,0.007068385658902637,0.12938936639669185,1.5760278443973188,Q5 high
2025-01-08,0.04190000000000001,0.04370077742585662,0.043700258943126014,0.04660352394011216,0.04835507088356613,0.049271169111114524,0.001264832868453909,0.0022109161487207053,0.0076962246434479865,0.012130424095704525,0.018962607136558503,0.008453000978577126,0.008068756604137306,0.1303897373419265,1.7015933264033496,Q5 high
2025-01-09,0.0416,0.043801161674347146,0.043900460402204966,0.04685404540401404,0.04845507039787282,0.049371168680345724,-0.0004520991508185678,-4.175147022090087e-05,0.005415333037461108,0.009075859106563607,0.016345582628166207,0.006068584830230291,0.008168253861708497,0.13048923459949768,1.6995631892184966,Q5 high
2025-01-10,0.0425,0.0455021582733813,0.0458010346809354,0.047853034086872456,0.049755064092315365,0.049335153889029516,0.002218065573132367,0.004466422153385497,0.01134214457751509,0.017024516421139835,0.022449767679834143,0.011500183281001386,0.005251581507180858,0.12757256224497004,1.2733247224685937,Q4
2025-01-13,0.0424,0.045602455871066774,0.046702328255053535,0.047902584473846016,0.04960418419974202,0.04976904440907446,0.002023394359409858,0.00587105943098849,0.010876206177042835,0.01578950068091829,0.021566892042919016,0.011225410538255699,0.007877740225147561,0.13019872096293672,1.6442053400179433,Q5 high
2025-01-14,0.042199999999999994,0.04520215889464595,0.04640232892447694,0.047853034086872456,0.049755064092315365,0.049669044636252095,0.00011409871147784493,0.002479427162139575,0.004943820764962598,0.008450293827749995,0.013726289844940637,0.00594278606225413,0.006075818636075758,0.1283967993738649,1.3807650319645326,Q5 high
2025-01-15,0.04190000000000001,0.0435006142624052,0.044801410116959525,0.046152174763833785,0.04800419061230643,0.04917116954196574,-0.0008354876476023621,0.0007943416503211841,0.002687177545051511,0.005438534473421875,0.012009389121741288,0.004018791028586699,0.008188361344606376,0.13050934208239556,1.6610136112852374,Q5 high
2025-01-16,0.0418,0.04280023996928394,0.044101036368832405,0.045401798158605136,0.04775507379968143,0.04867117169745918,-0.0006439436171831515,0.0007931478003931568,0.0026847884559212053,0.005434942131863874,0.012003771669800123,0.004054541288159042,0.005605900210159248,0.12792688094794843,1.2794194993763066,Q4
2025-01-17,0.0421,0.04330034545629017,0.04450103597118492,0.04555145592670762,0.04770419181685112,0.04820301493072851,0.00011836602490075112,0.0019163591057148265,0.004041291633725208,0.006642629232945197,0.0119981303792572,0.004943355275308636,0.004285257437376205,0.1266062381751654,1.0935807752420277,Q4
2025-01-20,0.0421,0.04330034545629017,0.04450103597118492,0.04555145592670762,0.04770419181685112,0.04820301493072851,-0.00045286818091209166,-5.4142375933630225e-05,0.0008669336107505975,0.002398707819062895,0.005090811425829312,0.0015698884597594165,0.004285257437376205,0.1266062381751654,1.0957873712518826,Q4
2025-01-21,0.0421,0.043700614144515884,0.044100460313900976,0.04505088071765579,0.04715339585981136,0.04756904941703019,0.0001194492818716638,0.000788302463758472,0.0013180640659053774,0.0017958900879264435,0.0033813303831986326,0.001480607256532118,0.004143090219207501,0.1264640709569967,1.076480106888701,Q4
2025-01-22,0.042,0.043800777351247606,0.04440071926345583,0.04565145578715081,0.047102682248962406,0.04810301521932136,0.00012024151913430509,0.0019117538996273262,0.004032166220490456,0.0048131964848596095,0.008526376316340283,0.003880746888090396,0.007167284614449876,0.12948826535223906,1.4922976635572638,Q5 high
2025-01-23,0.0418,0.044001161451334245,0.04470103577247557,0.04600179712452045,0.04800419061230643,0.0488370545597286,0.0018339369377617524,0.0044411489797299844,0.008563833425139847,0.012083576677598143,0.019748474956808607,0.009334194195407666,0.0073344569909555846,0.12965543772874477,1.5007857117117076,Q5 high
2025-01-24,0.0417,0.04370095996928097,0.04450103597118492,0.045801797469083166,0.0478041914152593,0.04863705527202326,0.0025936598172795282,0.004436340632525829,0.009012385300215956,0.012685288405849685,0.01974073963662313,0.009693682758498825,0.006643452520650989,0.12896443325844015,1.3852501993049322,Q5 high
2025-01-27,0.041299999999999996,0.042100153654086245,0.04380141147093161,0.04440115133679702,0.047055077206057803,0.04763705883759088,0.001827330955188491,0.0044307511541082836,0.00900518322189591,0.013283298011809488,0.01973227356164308,0.009655767380929051,0.0018381214124191247,0.12415910215020831,0.7116982593873048,Q3
2025-01-28,0.0414,0.04240024006145575,0.04370103676678526,0.044501151226342926,0.046804195434643474,0.04830536518265232,0.00258603846503346,0.00583376177080496,0.012184950899121963,0.016322543358331488,0.02581821479599299,0.01254910185785697,0.00689987589457336,0.12922085663236255,1.3868999982897856,Q5 high
2025-01-29,0.0417,0.04250015359508496,0.04390103656777059,0.044701151005498305,0.046653397487661806,0.04807117428677683,0.002580050480342863,0.006107303130398464,0.011716626327190213,0.015087587901327512,0.022307780396180907,0.011559869647087991,0.006578808467035069,0.12889978920482426,1.321728362832053,Q5 high
2025-01-30,0.0416,0.04200003840245775,0.04360103686632124,0.0441508814781456,0.04660419623944553,0.04777117558255219,0.0035268525170787687,0.006943809712146507,0.012616568725036945,0.016295927191239876,0.0240349295542294,0.012683617539946299,0.00439606678412488,0.12671704752191404,1.0120534865200947,Q4
2025-01-31,0.0417,0.042700239992320234,0.043700719746630756,0.04495145676461082,0.04745507525899718,0.04837117299174605,0.004855153518001374,0.009476881991358552,0.01764001017788187,0.02487431797468277,0.03630554163341782,0.01863038105906848,0.0052159831387047495,0.12753696387649394,1.107309320611288,Q4
2025-02-03,0.042,0.043200345489443376,0.04320011510423283,0.04455088113998804,0.04700419463015006,0.04750301695203966,0.005610028423472478,0.009463211837945972,0.015329854716804935,0.020546760043108302,0.027484625075682955,0.01568689601940293,0.003810005086275131,0.1261309858240643,0.9054848645614174,Q4
2025-02-04,0.0418,0.04240008638894222,0.043300460667320274,0.0440006475441185,0.04695507769305637,0.047537059194523446,0.004068129492290627,0.006619029742021441,0.010285943571821663,0.014403399288458683,0.02047573123819091,0.011170446666556665,0.0026104724641071164,0.1249314532018963,0.7348628623584952,Q4
2025-02-05,0.0417,0.0417,0.04230011520368607,0.04315044993520427,0.04555340107443218,0.046637062409996634,0.003868060918216392,0.0057631997010673605,0.008004603210126353,0.008930153962553415,0.011832536881086701,0.007679710934610044,0.002909579055080491,0.12523055979286968,0.7637632460071305,Q4
2025-02-06,0.04190000000000001,0.04230003839140033,0.0427001151594634,0.04355044976252037,0.04560268610868281,0.046603019554854276,0.004050795073361639,0.006037273790769841,0.008452934397971505,0.008924117102251765,0.010962845463525932,0.007685593165576136,0.003546124615340901,0.12586710535313006,0.8372092098424845,Q4
2025-02-07,0.0425,0.04330015347721823,0.04350011507111986,0.04385016178514868,0.046202684563462396,0.046535158772265016,0.0074864380912314545,0.011121191940954015,0.01620115279736695,0.019275370836823683,0.023065202038992597,0.015429871141073739,0.002394868730456856,0.12471584946824603,0.6753949589842159,Q3
2025-02-10,0.0424,0.04320015349194169,0.043400115082155376,0.04400028765021529,0.046202684563462396,0.04720301781914584,0.006320960990026002,0.010538299779965354,0.013894823091204721,0.01558346892133312,0.019560195759030907,0.013179549708312022,0.005639735390291639,0.12796071612808083,1.09135263283799,Q4
2025-02-11,0.0425,0.04330015347721823,0.042600028765021725,0.0450514566248933,0.04650268379151875,0.04750301695203966,0.005158393985824748,0.008256197464748271,0.01250825303782278,0.01496083031655394,0.018679480545013127,0.011912631069992574,0.006577781143764255,0.12889876188155344,1.1972040021829438,Q5 high
2025-02-12,0.043,0.04420034515819751,0.043900028747564414,0.046452174138612266,0.047602680964852644,0.0476013392856435,0.007828393557698113,0.012214734737439017,0.020760045998210644,0.024786011534711785,0.030037137129845307,0.019125264591580975,0.003919604703358559,0.12624058544114775,0.8343255182142639,Q4
2025-02-13,0.042699999999999995,0.043500153447779806,0.0431,0.045101150564063115,0.04635205428567797,0.04660134056807455,0.005321706730051077,0.00851188548899253,0.013403854207898712,0.01557711305622813,0.01783442602017373,0.012129797100668836,0.002854748655181427,0.1251757293929706,0.6829741179426772,Q4
2025-02-14,0.042300000000000004,0.04290008634750072,0.04259999999999999,0.044350881309034404,0.046102684820875664,0.04610134121021153,0.0035903630277163345,0.006239060302054364,0.00974423428418316,0.011911587560686353,0.013505964246141942,0.008998241884156431,0.00024846799593200575,0.12256944873372118,0.331793008584683,Q3
2025-02-17,0.042300000000000004,0.04290008634750072,0.04259999999999999,0.044350881309034404,0.046102684820875664,0.04610134121021153,0.00396424306095857,0.006794463716973695,0.011557505665873234,0.013729940125717176,0.015227491442611617,0.010254728802426859,0.00024846799593200575,0.12256944873372118,0.3228407907217292,Q3
2025-02-18,0.0424,0.04340023983115887,0.044100460313900976,0.04505088071765579,0.04680268302001888,0.047135157723653336,0.005484765971602271,0.010464058850511906,0.01658302972150513,0.02045811725929555,0.02567707269307559,0.01573340889919809,0.0029988689562502613,0.12531984969403942,0.6753727385016518,Q4
2025-02-19,0.042199999999999994,0.04340034542314337,0.043400115082155376,0.04475088097100656,0.046853396836334375,0.04693515807305667,0.006046930286056548,0.0101659274832239,0.016110486017844403,0.020444716293044483,0.0247923943353873,0.015512090883111326,0.001923842329300901,0.12424482306709007,0.5210487683016585,Q3
2025-02-20,0.042,0.0436006142034549,0.042500028767780015,0.044450881224503136,0.046553397813419196,0.04663515859741266,0.006225112400674391,0.009584719712853271,0.01518039568605448,0.018592480803343667,0.021295167845991978,0.014175575289783558,0.002229244472076619,0.12455022520986578,0.5497888386141598,Q3
2025-02-21,0.0415,0.04230015362457994,0.041900000000000014,0.04365088190120771,0.04575340042172892,0.04583515999716975,0.0025800400129432884,0.004765875670769662,0.007408673682038095,0.0076016801552088705,0.006584256238594791,0.005788105151910941,-0.0008257693904984986,0.12149521134729067,0.12346031942694427,Q3
2025-02-24,0.0415,0.04110003840614496,0.042500461021282666,0.043200648041464215,0.04545340140087777,0.04586905330128624,0.002954321701212196,0.005039625234991311,0.006947201741955137,0.007595680200490355,0.007436919907995735,0.005994749757328947,-0.001773629588444292,0.1205473511493449,-0.015638151607581603,Q2
2025-02-25,0.0412,0.04020024010756819,0.04100002882767454,0.04180028825827735,0.04435340499591975,0.04510302390287303,0.0014215508591950408,0.0016556401444967049,0.0015151650480635923,-0.0008421514306502522,-0.004490324905008227,-0.0001480240567806281,-0.0023548366504522467,0.11996614408733693,-0.10491400161383743,Q2
2025-02-26,0.0412,0.03980047061083366,0.040200028831368494,0.04090007208996814,0.04410420632558631,0.04460302535499664,0.0012267151907251355,0.0008099078828685984,-0.0016415528428767152,-0.004438749714853819,-0.011250125409205237,-0.0030587609786684074,-0.004356633849944058,0.11796434688784511,-0.39036580404890936,Q1 low
2025-02-27,0.041299999999999996,0.04010034572169404,0.040100115299618405,0.04150028834139413,0.044404205112690096,0.04523706742289012,0.003128751493332287,0.003616649080973293,0.0046735958286055305,0.004564957293225629,0.0014423078007604162,0.0034852522993794313,-0.0017048045072938778,0.1206161762304953,-0.033780023169790764,Q2
2025-02-28,0.0408,0.039000778247501935,0.0399,0.04090028850777161,0.04415509136704974,0.044737069216477,0.0015970795350753013,0.002486632171658159,0.0028610626892484996,0.0027539669363055123,0.0005913715292265413,0.002058022572302803,-0.005315372185832806,0.1170056085519564,-0.5622238976965294,Q1 low
2025-03-03,0.0406,0.03860096098404766,0.038700259690292886,0.04030028867434119,0.04285340991051434,0.04393707208980264,0.0014038314263486993,0.001922251195364931,0.002408240785720438,0.0015522864583163974,-0.0011023816769841779,0.0012368456377532574,-0.0043339474888828,0.11798703324890637,-0.4419721153967031,Q1 low
2025-03-04,0.0404,0.03880061514801999,0.039000115421609007,0.041150884022624304,0.04360420834863564,0.04477118858139741,0.0006389393608382623,0.0010762963465776967,0.002406635213633277,0.0021562943865821673,0.0014666837174887128,0.0015489698050240232,-0.0029637489353737945,0.11935723180241538,-0.2597124718196164,Q2
2025-03-05,0.0406,0.03920047088218337,0.040500115403108966,0.0418508834275996,0.04430420551691107,0.04513706778146973,0.005019743826826603,0.008955663182409621,0.014654757905231994,0.01789938300768271,0.018630431216402652,0.013031995827710715,-0.003746730145985644,0.11857425059180352,-0.3999849905565211,Q1 low
2025-03-06,0.04019999999999999,0.03900034608729091,0.04020011543641331,0.04180115421606169,0.0448060576907969,0.04547118554163428,0.005010925930507844,0.008661963381597255,0.015101148154845596,0.020339198768734086,0.023838416289065308,0.014590330504950016,-0.00453790465478171,0.11778307608300746,-0.5482782273725676,Q1 low
2025-03-07,0.0405,0.039300345987506015,0.040500115403108966,0.042101153883104106,0.045106055943890916,0.04577118424012931,0.004619066682263118,0.007801405048852328,0.01187945768024471,0.01417768838083281,0.0142039322297726,0.010536310004393114,-0.0037016713068375173,0.11861930943095166,-0.4475111152781397,Q1 low
2025-03-10,0.0398,0.038000778995960764,0.03950011551419815,0.04085088427788036,0.0440060623541439,0.04500538219914671,0.0030833145348501565,0.005252960526145811,0.0041472639233355755,0.0026516903797575873,-0.0038054483526059448,0.0022659562022966373,-0.005310927360781037,0.11701005337700815,-0.730213404723731,Q1 low
2025-03-11,0.0403,0.03850077862155146,0.03880011544381687,0.04195218355484494,0.04485711176630074,0.04560537909721464,0.000210379592682647,-0.0001156256530230491,-0.001759625265215242,-0.0027996153527685306,-0.005511532170443994,-0.001995203769753634,-0.004326072807824932,0.11799490792996424,-0.6050334341469569,Q1 low
2025-03-12,0.0407,0.03950034592101469,0.03920025956546579,0.04255218229463737,0.04475508843071207,0.04600537703124549,0.0028772750569539427,0.0032564498495298187,0.00185459706335771,-0.0009933389877072154,-0.007210210872362577,-4.3045578045664346e-05,-4.9869230910853934e-05,0.12227111150687833,0.08819938866783442,Q3
2025-03-13,0.0403,0.03850077862155146,0.039100028861879854,0.04155146153100575,0.04475711245042007,0.045505379613954976,-0.0007499335703208929,-0.0018082504854543655,-0.006257586174952933,-0.010581298344807321,-0.01816365485457645,-0.007512144686022393,-0.004587208644146135,0.11773377209364304,-0.7228241852078745,Q1 low
2025-03-14,0.0409,0.03950047074646939,0.03960011535503671,0.04225146054714114,0.04475508843071207,0.04567118467388098,0.0030589318942513713,0.0032447357279441927,0.002742654432042624,-0.00042368315440839384,-0.00639617625276041,0.0004452925294138769,-0.0018662692033764028,0.12045471153441278,-0.2696966837085608,Q2
2025-03-17,0.041100000000000005,0.04010024013063106,0.03970025944075864,0.04230115366123908,0.04460420430448111,0.04543706670593747,0.003816057691551017,0.0046484839054766695,0.005456996656689412,0.0031873387719073497,-0.0038517507853757017,0.0026514252480497494,-0.0013412147238759664,0.1209797660139132,-0.1993826641509429,Q2
2025-03-18,0.041299999999999996,0.039500777873811586,0.03950025949062709,0.04160064903845106,0.04455508940911487,0.04547118554163428,0.004762198753478886,0.00633193211852684,0.006810564792165852,0.0055953065517941325,-0.0004585417871614821,0.004608292085760845,-0.0019342156600527238,0.12038676507773645,-0.33891278060946806,Q2
2025-03-19,0.040999999999999995,0.03880116234390012,0.038700461523661515,0.0415011545492115,0.04415509136704974,0.04507118727814119,0.0030322108119143986,0.003221436419229001,0.003176590935053286,0.00015877511189110174,-0.00810213951353323,0.00029737475291091167,-0.003332542229483315,0.11898843850830587,-0.6609531802422793,Q2
2025-03-20,0.0406,0.03840116279069768,0.03890011543271187,0.0413011547714182,0.043955092346582285,0.04520538116477191,0.0022618838975648095,0.0026532290197496702,0.00226865570822703,-0.001044099118597552,-0.008943905761523884,-0.0005608472509159853,-0.0027720123617976655,0.1195489683759915,-0.5983816697941101,Q2
2025-03-21,0.0404,0.03840096116878123,0.03880011544381687,0.04120115488255367,0.044206061187634205,0.04553964899759386,0.0032091478749340764,0.0037733630177820667,0.0009099596745782814,-0.004650338485188049,-0.01485985286431359,-0.0023235441564414426,-0.002173021725276142,0.12014795901251303,-0.502654729754586,Q2
2025-03-24,0.041100000000000005,0.03970047065603687,0.03950025949062709,0.042101153883104106,0.04545710766434708,0.04620537599885597,0.004922593691206717,0.004896683222796111,0.004535924543646247,0.0013773555887537205,-0.006389434719259362,0.0018686244654286866,-0.0016324899797182102,0.12068849075807096,-0.4144636823853266,Q2
2025-03-25,0.0409,0.03830162359496589,0.04020011543641331,0.042051460828110135,0.04490605710838294,0.04590537754758897,0.002429708907771816,0.0026354943198201143,0.0027203981129586387,-0.0010294702217985728,-0.008076548601730477,-0.0002640834965956962,-0.003642629977483325,0.11867835076030583,-0.8841602590934068,Q2
2025-03-26,0.040999999999999995,0.038601383285302604,0.04070025969029285,0.0418508834275996,0.04570824439677925,0.04653964293430053,0.0035688542837846613,0.005446892462121422,0.007243772505258805,0.006196889053441445,0.002109925197526996,0.004913266700426666,-0.0034262826975501315,0.11889469804023904,-0.8701580797666953,Q2
2025-03-27,0.040999999999999995,0.03840162343900097,0.040600259715272695,0.04225146054714114,0.045808243604201805,0.04730840026601583,0.003942654705985643,0.006284914840284477,0.009055793445209896,0.009827326938713792,0.007248081361394759,0.007271754258317713,-0.00018542310741900825,0.12213555763037015,-0.14539643760455154,Q3
2025-03-28,0.0404,0.03740216262975779,0.03950011551419815,0.04085088427788036,0.04435711518821392,0.04644290240109952,0.003743156328620489,0.006275719337319907,0.007235869348342694,0.00559843145361455,0.0029912786235938844,0.005168891018298305,-0.00025628690870521664,0.12206469382908393,-0.18012898292052917,Q3
2025-03-31,0.0403,0.03750188407190234,0.0389,0.04065088444813296,0.0441571165579014,0.04557399376734274,0.0041166935323613315,0.006266505130495542,0.008137447584465113,0.007407721425386709,0.0029900833597349455,0.005783690206488728,-0.003502677475807403,0.11881830326198178,-0.9782108332526281,Q2
2025-04-01,0.0401,0.037301884434189025,0.03810011552161168,0.04000065003851026,0.0433060664404663,0.04497399799582384,0.004680393121747683,0.007103307895692201,0.008130234509775857,0.005591118464920285,-0.00041401062663253387,0.005018208673100698,-0.0032017288073831196,0.11911925193040607,-0.9000473901342497,Q2
2025-04-02,0.0404,0.037801624375240296,0.03850011547714467,0.04040064978820664,0.04370606410475064,0.04503965203361263,0.0035222440361816366,0.005112776806780144,0.0058448552078763805,0.002555134318038903,-0.004685356594715901,0.0024699307548322327,-0.0036558878048618126,0.11866509293292736,-1.015914825270101,Q2
2025-04-03,0.0392,0.03500424364896074,0.03620026031623359,0.03855088623975143,0.042057130971522264,0.04481213872247292,-0.0027636166255691156,-0.004427893572761294,-0.008103315726130317,-0.014146956152372487,-0.023132709912829112,-0.010514898397932465,-0.002598423941148037,0.11972255679664111,-0.7643625222290125,Q2
2025-04-04,0.038599999999999995,0.035003119584055456,0.03620011573329857,0.03810065123009071,0.04140607755973224,0.04407749781804371,-0.003329717996423864,-0.0038659792475100535,-0.010780057792234642,-0.018282327178164658,-0.029759067849049213,-0.013203430012676487,-0.00392050643451386,0.11840047430327531,-1.0916269089718156,Q1 low
2025-04-07,0.038599999999999995,0.03600162719044868,0.037000028920308466,0.039701808042089885,0.04345948840536512,0.04571212820669691,-0.0014272702812626477,-0.0007832468015619306,-0.004047641610515839,-0.008151098942668066,-0.013002816344395473,-0.005482414796080791,-0.0025482083223313245,0.11977277241545786,-0.762368106140499,Q2
2025-04-08,0.0383,0.03590138688240393,0.03710000000000001,0.04135522633312781,0.04476218145734269,0.04751649724768507,-0.0018063059179958575,-0.0007840395018581837,9.317814239236805e-06,-0.0009512058536234637,-0.00025677498863424866,-0.0007578016895745034,0.0010795334112027877,0.12340051414899195,0.12088552922718288,Q3
2025-04-09,0.0403,0.03790138421609151,0.03910000000000001,0.04285406098048107,0.045508245982391615,0.04667398602778245,-0.0002779991652723784,0.0011902520290807423,0.002283515348150413,0.0008692545559685367,-0.0028307918009424764,0.0002468461933969674,-0.0026436893306433507,0.11967729140714582,-0.8106115066996454,Q2
2025-04-10,0.0397,0.03710162546888524,0.038700028891528335,0.04325651980115813,0.046362162708545415,0.048446815980626,-0.001228161140177873,-0.0004947200815543767,0.0013775773280551035,0.0014710053466897594,0.002297235783147224,0.0006845874472319675,0.0013972928202863333,0.1237182735580755,0.18297935641312008,Q3
2025-04-11,0.0404,0.03880061514801999,0.04020011543641331,0.044055212758457744,0.0474621498521902,0.04854288312508872,-0.0008488240225790608,-0.0002164411166894328,0.002280834070226238,0.002679721520511617,0.0022928556912726475,0.0012376292285484016,3.49403040643681e-05,0.12235592104185353,-0.17659702281642575,Q3
2025-04-14,0.039900000000000005,0.0369021636695836,0.03930026004044833,0.042454062544727646,0.04651363898011999,0.04801210141563977,-0.003885852698364362,-0.004135084083757928,-0.0049175283952102855,-0.006309873822785,-0.009573283450911768,-0.0057643244902058684,-0.0020530754677565988,0.1202679052700326,-0.7213113925525242,Q2
2025-04-15,0.039900000000000005,0.0369021636695836,0.038700028891528335,0.041753051912379754,0.04576216973257718,0.04818161513894492,-0.004450455664210333,-0.006087915101117296,-0.008950004288774698,-0.012270105211527953,-0.015467859325085891,-0.009445267918143234,0.0020909225350901617,0.12441190327287932,0.339718315659266,Q3
2025-04-16,0.039599999999999996,0.035803472489419,0.0377,0.04120354228216964,0.045062177937541546,0.04781649248825966,-0.004065795161813698,-0.005525506371760733,-0.0076073168922519,-0.010488755886233533,-0.013792555548392302,-0.008295985972090433,0.0014508862664283917,0.12377186700421756,0.16308371024798826,Q3
2025-04-17,0.039900000000000005,0.0363031156842004,0.038400028899877946,0.04145305279444938,0.04581364817256682,0.04831648456198366,-0.003680176891249056,-0.004122463932750233,-0.0053594375110857535,-0.0069001611900286215,-0.007876614554932328,-0.005587770816009198,0.00160268960741336,0.12392367034520252,0.1940707083228466,Q3
2025-04-18,0.039900000000000005,0.0363031156842004,0.038400028899877946,0.04145305279444938,0.04581364817256682,0.04831648456198366,-0.0034858532606818773,-0.004119292701909723,-0.0058058157184643095,-0.008092872452430873,-0.010412566880007164,-0.006383280202698789,0.00160268960741336,0.12392367034520252,0.18305103308313792,Q3
2025-04-21,0.0395,0.035503848003847996,0.03810011567008273,0.042707229843494336,0.047420388005214406,0.0495864309527021,-0.0046174083603731046,-0.005510890832991217,-0.004904738472677301,-0.005094409932524796,-0.005312624545029837,-0.005088014428719251,9.353753179824897e-05,0.12241451826958744,-0.2147243939813471,Q3
2025-04-22,0.0398,0.03540465474129639,0.03940104106416029,0.042204624573941155,0.04716857399300935,0.049251415576509604,-0.004988722021003322,-0.005504943019660435,-0.008046073753777538,-0.011078649652761185,-0.01463173908965566,-0.008850025507371628,-0.0011864136186347518,0.12113456711915443,-0.5524818141725849,Q3
2025-04-23,0.0401,0.03610384578405924,0.03990104056263599,0.04195305132461645,0.047016843106699284,0.048681607959857855,-0.004033310998626948,-0.003822837069494077,-0.0053532548914427035,-0.007500792589348025,-0.012108486128265348,-0.0065637363354354205,-0.0023499669761791186,0.11997101376161004,-0.8499401538662459,Q2
2025-04-24,0.0397,0.03570384726363373,0.038600260215880394,0.04075218607963144,0.04611685770912196,0.04811648773157961,-0.0047847838199886455,-0.004935511335712071,-0.00803218714644177,-0.011061517744804626,-0.016287427502588544,-0.00902028550990713,-0.0019698793093133604,0.12035110142847581,-0.7420209949138222,Q2
2025-04-25,0.0395,0.03530424242424242,0.03800011568123344,0.04060260266032823,0.04511365737741323,0.048286455668055,-0.005345004997604338,-0.006046300481886776,-0.009367920961637374,-0.014022391244363294,-0.018791307236638986,-0.010714584984426154,0.002527069481464944,0.12484805021925412,0.42707307915968884,Q3
2025-04-28,0.0392,0.03420601424172439,0.036699999999999997,0.040203545699820854,0.045116873963760504,0.04745144689909168,-0.005146911821278834,-0.007708710440827028,-0.010697903714651215,-0.012831571858194092,-0.017119270483692474,-0.010700873663728728,-0.003303309879643973,0.11901767085814519,-1.0906857174664453,Q2
2025-04-29,0.038900000000000004,0.034105544325729126,0.0365,0.0395026054229703,0.04436523389444768,0.04728647472196773,-0.006273897335083268,-0.008813097137694792,-0.012918232121604978,-0.018747095894719734,-0.023794376413053875,-0.01410933978043133,-0.0013121035389854485,0.12100887719880371,-0.5704314202979747,Q2
2025-04-30,0.0385,0.033506018295618695,0.035400115822662136,0.03930354878135039,0.044568620600457784,0.047321575093096924,-0.006452521689929963,-0.009635976624787351,-0.012909234641549167,-0.01637943752046503,-0.022123646629087085,-0.01350016342116372,-0.002777604312010379,0.1195433764257788,-0.9616737923728428,Q2
2025-05-01,0.0392,0.03480465742879139,0.03670002892867471,0.039902604417694866,0.045468604440663425,0.04788646328521957,-0.00397960890954485,-0.0054437628849448565,-0.007086870628562279,-0.009824910551387454,-0.01372082125815066,-0.00801119484651802,-0.001559875837279845,0.12076110490050931,-0.650538661204531,Q2
2025-05-02,0.04,0.03660277884615386,0.03800002889245582,0.04070180630029427,0.04586521188547777,0.04845142948427308,-0.002456591423656509,-0.0029202991625993957,-0.004384012952247664,-0.006827784247583237,-0.011178917514231059,-0.005553521060063573,0.002691864016953399,0.12501284475474256,0.4590452956782399,Q4
2025-05-05,0.04019999999999999,0.03640347048644493,0.036800722218637096,0.04205522280698471,0.046165207491312865,0.0487514242663554,-0.002835787836357573,-0.0045973964367032605,-0.0043844081681738145,-0.005630051108147793,-0.008642130104694334,-0.005217954730815355,0.0033470866283530354,0.12566806736614222,0.6237349009054564,Q4
2025-05-06,0.0398,0.0358038468936334,0.03630072256653776,0.04155522532517259,0.04601685933317643,0.0476816223249342,-0.002076803401530772,-0.003480203645854721,-0.0016960558266844758,-0.0026464449357514494,-0.006119791705755443,-0.003203859903115372,-0.0025479238117613323,0.11977305692602784,-0.9239018534579536,Q2
2025-05-07,0.04,0.035604653846153855,0.036001040462389104,0.04095406842140046,0.045365219214731634,0.04728162807870191,-0.003026559279028507,-0.0054365242177781825,-0.005747078099996972,-0.0074381977165385305,-0.012032429822664503,-0.006736157827201339,-0.0020891172496765587,0.12023186348811261,-0.7941054153888393,Q2
2025-05-08,0.0405,0.03750216242191253,0.0375007217321386,0.042254063327302936,0.04631364160526956,0.048146819866276905,-0.0030245598314102493,-0.005152859326149499,-0.006197100215046485,-0.008038556807193668,-0.012030441225032489,-0.006888703480966478,0.0014258083533806032,0.12374678909116976,0.1238452277842419,Q3
2025-05-09,0.0405,0.037102777510812104,0.03790025989026614,0.042254063327302936,0.04631364160526956,0.048146819866276905,-0.002833350197359576,-0.004312666040593928,-0.004402364259271587,-0.006246759323806185,-0.01034421583184757,-0.005627871130575769,0.0005775187745759858,0.12289849951236516,-0.09701980564132867,Q3
2025-05-12,0.041100000000000005,0.038501623283065986,0.03950002885077733,0.04270259740242924,0.04721362980004745,0.0487120932853175,-0.0009284567013333536,0.00017681078983044357,0.00011025965761623374,-0.00023199930695206455,-0.0018451268659557332,-0.0005437024853588949,0.0017937373111691912,0.12411471804895836,0.22742207241109189,Q3
2025-05-13,0.041100000000000005,0.03930077802324462,0.03960011535503671,0.043002596653034526,0.04751362586951258,0.04934680433709588,0.0011637428919165356,0.0027022367937238052,0.0041747908809540435,0.0051901885124641944,0.00669306174075332,0.00398480416396238,0.005156477921034547,0.1274774586588237,1.1017058785772949,Q4
2025-05-14,0.0414,0.03960077779911658,0.0405,0.04350259540500381,0.04801361932365641,0.049512084006887384,0.0024927426256093903,0.005231444143302122,0.008709537233391185,0.011857488508935088,0.014438437697062101,0.008545930041659978,0.00426330144735293,0.12658428218514212,0.8586410046739094,Q4
2025-05-15,0.040999999999999995,0.0382018828049952,0.03930002885632753,0.04250259790226608,0.04701363242166408,0.049181600787663114,-0.0003722419268592323,0.001001795304754102,0.0019029355137230222,0.0027690354801930463,0.003261949995634136,0.001712694873489015,0.004511396565465869,0.12683237730325503,0.9198086996112786,Q4
2025-05-16,0.041299999999999996,0.03830216076058773,0.038900259640347636,0.04225218292455926,0.04691363373285062,0.04874681209721353,-0.00018435251818939204,0.00015482653959041168,0.0005430649601477636,0.00035266021397016654,-0.0027192519095163977,-0.0003706105427994896,0.0031335379376709327,0.12545451867546006,0.563565824262548,Q4
2025-05-19,0.0412,0.03820216096811371,0.0391001154105083,0.04250259790226608,0.04736518994001041,0.049281599354050326,0.00019445510198848196,0.0009947258963473302,0.0032508450101328677,0.005172165664887011,0.005805095185361124,0.003083457371743363,0.0037112656849427605,0.12603224642273192,0.7155957346717888,Q4
2025-05-20,0.0412,0.03820216096811371,0.0391001154105083,0.04250259790226608,0.047716831766737355,0.049716462408887926,0.00019167290973854355,0.0012720094540045242,0.0036987041686634744,0.005772140414649468,0.008377586490119332,0.003862422687435069,0.004456402443735796,0.12677738318152498,0.8968379188498367,Q4
2025-05-21,0.041299999999999996,0.0387016229712859,0.04,0.043754057465326776,0.04922035273190801,0.05071644662166719,0.0007593393444868825,0.0026739085165430067,0.007328544907318131,0.01185387091483345,0.01704169695668975,0.007931472127974244,0.003985100845090905,0.1263060815828801,0.7608778778453485,Q4
2025-05-22,0.041299999999999996,0.0387016229712859,0.03970002884522931,0.042902596902784716,0.048468550776669665,0.05055139302193147,0.0015178100229192486,0.003231234569934201,0.006413623987743329,0.009417083840830138,0.013576386611547548,0.006831227806594893,0.006290372640131325,0.12861135337792046,1.3422028598140219,Q5 high
2025-05-23,0.0415,0.0385021603456553,0.038800461479289935,0.042602597652323625,0.04816855612913375,0.05025139822183866,0.0026563749478589267,0.004069014246572862,0.00731373534390873,0.011228649613850679,0.01443106102254172,0.007939767034946584,0.006063374619969697,0.12838435535775883,1.2623989872055412,Q5 high
2025-05-26,0.0415,0.0385021603456553,0.038800461479289935,0.042602597652323625,0.04816855612913375,0.05025139822183866,0.004366157029895897,0.005470447312517609,0.009578478790616626,0.013653954390808794,0.0178827339555308,0.010190354295873946,0.006063374619969697,0.12838435535775883,1.241601726521053,Q5 high
2025-05-27,0.0414,0.03700464758978299,0.03950002886928626,0.04205218334470926,0.046713636355980484,0.04921647031386939,0.0030193219782233913,0.004897094793958926,0.009113787623451589,0.009999460951122788,0.011839727198684183,0.007773878509088175,0.003890507702122542,0.12621148843991173,0.669915271273335,Q4
2025-05-28,0.0416,0.037603840245775726,0.03930002885632753,0.04200180404097082,0.04822037231310657,0.04938159792071281,0.004538446879421469,0.007144819630177394,0.01138119184911697,0.016086319445225053,0.01789152358663,0.011408460278114176,-0.0003707021877665251,0.12195027855002263,-0.438169482990781,Q3
2025-05-29,0.041299999999999996,0.037104235090751954,0.03890002886743431,0.04135146181235345,0.047016843106699284,0.04968642905407802,0.003189956475947996,0.004874651426016396,0.007272047000932535,0.009986277606637173,0.011827979202401306,0.007430182342387082,0.0052921393675502415,0.12761312010533943,1.0156027994625512,Q4
2025-05-30,0.041100000000000005,0.03670464892901738,0.03830011549937389,0.04095146237537391,0.04732038996842778,0.049486432851691096,0.002798850426402738,0.004865072773150764,0.007263256266393042,0.011798373845603144,0.014403861723182337,0.008225883006946405,0.002416484253451534,0.12473746499124072,0.25468560559711856,Q3
2025-06-02,0.0412,0.03760311179408374,0.03850025974025736,0.04160180473554502,0.047468568630236234,0.050221514997371076,0.0026026586266312763,0.004012250890717711,0.007258009395452896,0.011181634792889743,0.01700407758795635,0.008411726258729596,0.007142881629774722,0.12946386236756388,1.4755760153506814,Q5 high
2025-06-03,0.0412,0.038002458701498265,0.038700259690292886,0.04205218334470926,0.04706519432403689,0.04998642336039368,0.0029787365361435046,0.004006643893182231,0.00725197508610415,0.009957215661421995,0.013528671422269493,0.007544648519824275,0.00830316736552203,0.13062414810331122,1.7444463113383661,Q5 high
2025-06-04,0.0406,0.03680346915241207,0.037800259915284434,0.040651462797923976,0.046668582937851394,0.049086440451297536,-0.0006473557257262023,-0.0004949742832804208,-0.0008937972619239968,0.0008849393352677467,0.0015178258066706625,7.332757420155785e-05,0.00322933905148165,0.12555031978927084,0.41023546308292597,Q4
2025-06-05,0.0408,0.03760245964642583,0.03860011546603326,0.04125146195306795,0.04656520163637383,0.049151417313810855,0.00030548407284289097,0.0011913541144809837,0.0018194261429289294,0.0032996923944816603,0.004085980400856363,0.0021403874251181656,0.005221826051589384,0.12754280678937857,0.9170890221696145,Q4
2025-06-06,0.0414,0.03940096024582293,0.03980011533286296,0.04295218145530683,0.04761362455983802,0.04978159219011322,0.002211916111110299,0.004289891830468382,0.007276218644656916,0.00877354329564953,0.009269116624192972,0.006364137301215619,0.007161068825299072,0.12948204956308826,1.4010992411625836,Q5 high
2025-06-09,0.041299999999999996,0.03890138288677614,0.03950011536612678,0.04240180334693099,0.04756518701873132,0.04981646082880205,0.0016353816539302207,0.003157690732051119,0.004094733816748228,0.005738938611905484,0.005829531972257149,0.00409125535737844,0.0066805721149764685,0.12900155285276566,1.2562404062542536,Q5 high
2025-06-10,0.0412,0.039001162120630026,0.03830103816203027,0.04275304897582547,0.047465188479230355,0.04938159792071281,0.0023945064142666416,0.003716005355877685,0.006808854670325661,0.009364835539988793,0.010964370205140407,0.006649714437119837,0.005532412999022851,0.127853393736812,0.9476161966849898,Q4
2025-06-11,0.0408,0.038001883166794766,0.037900721454433635,0.04215305073707949,0.04686519724812736,0.04878160652486783,0.0010564175090593446,0.0014619723449956394,0.0036324896690174873,0.0051236104795964925,0.004957715469686337,0.00324644109447106,0.003170225805871618,0.1254912065436608,0.3345838840940818,Q4
2025-06-12,0.0406,0.03740246011916201,0.0375007217321386,0.04150260040433864,0.046013645544889306,0.04851648139360603,-0.0004673967889954993,-0.000784293514499556,-0.0013389330091132072,-0.0027119398368829588,-0.006133840781818178,-0.00228728078626188,0.004329281908920901,0.1266502626467101,0.6327924352086908,Q4
2025-06-13,0.0409,0.03830162359496589,0.03780103866124257,0.04200259915270018,0.04651363898011999,0.049016473477988015,0.0006761841204857618,0.0006211000730426183,0.0013726387550739901,0.00030027265094768017,-0.0018749602795847756,0.00021904706399305493,0.006412519008142187,0.12873349974593135,1.155487790494096,Q5 high
2025-06-16,0.040999999999999995,0.03840162343900097,0.0385004616124303,0.04205218334470926,0.04706519432403689,0.04998642336039368,-8.754665437886748e-05,-0.0005040829060494636,-0.000889592834233888,-0.002111609345374177,-0.003582989111847557,-0.0014351641703767906,0.008992743215520876,0.13131372395331004,1.782330035586881,Q5 high
2025-06-17,0.040999999999999995,0.037802459173871275,0.0382004617456475,0.04125146195306795,0.04621364291822334,0.04905141905144595,0.0006726337701974555,0.0006171558218053424,-0.0004390276239960417,-0.0027083112229342294,-0.006114537670840565,-0.0015944173851536077,0.00676391114947919,0.12908489188726835,1.2037455743775303,Q5 high
2025-06-18,0.040999999999999995,0.037802459173871275,0.037900721454433635,0.04115146209380949,0.04646520309968591,0.048716478226446175,9.944783158796159e-05,-0.0005067635369632511,-0.0017909796790613114,-0.0033064079055133205,-0.007804696069811968,-0.002661879871952378,0.004112759226764129,0.12643373996455332,0.5306144784044006,Q4
2025-06-19,0.040999999999999995,0.037802459173871275,0.037900721454433635,0.04115146209380949,0.04646520309968591,0.048716478226446175,0.000669912334178434,0.0008962548937940561,0.0004628957797381027,-0.0009047366178838402,-0.005262510832233415,-0.0008276368884813324,0.004112759226764129,0.12643373996455332,0.5258141214787742,Q4
2025-06-20,0.0407,0.037302776977034685,0.03780046192339009,0.04110180560451531,0.046616849593540545,0.048951420789414994,0.00047647730884844324,0.0008934700307737455,0.0018142617109658467,0.0014980770717623816,-0.00017230386694958673,0.000901996451080166,0.0037220866194556113,0.12604306735724477,0.4393969123866058,Q4
2025-06-23,0.04,0.03680246153846153,0.037200462190260714,0.04075218607963144,0.04576521335076372,0.04902153982391719,-0.0002872791249738326,0.0003295570841089835,0.0009091105604243145,0.0002948064244682248,-0.0010230363068072178,4.463172744409447e-05,0.006676723408382101,0.1289977041461713,1.195535260515876,Q5 high
2025-06-24,0.039900000000000005,0.03510553899413404,0.0375,0.04025218713334988,0.045616865832524854,0.04862154811216976,-0.002947358150802448,-0.0030362864389748665,-0.00404966032370031,-0.005711228691350167,-0.00866324723786389,-0.0048815561685383365,0.002097414952990456,0.12441839569077963,0.03497157514289217,Q3
2025-06-25,0.039900000000000005,0.03490601019328781,0.0374,0.039651464208189394,0.046020415524650665,0.048521550185229655,-0.0037024922110515434,-0.004152948919877363,-0.007189402587856474,-0.008100963170265405,-0.012038902955635453,-0.007036941968937248,-0.0004818085670855454,0.12183917217070364,-0.6109029836961174,Q3
2025-06-26,0.039599999999999996,0.034406502500961916,0.036400115710979196,0.03955218861026342,0.04526860802930445,0.048691972536713604,-0.0044546485888201015,-0.005543794927404914,-0.0076318246416882595,-0.00928717471441736,-0.012034599274659157,-0.007790408429397958,0.002917463653889618,0.1252384443916788,0.26583222008680407,Q4
2025-06-27,0.0397,0.03490554005963258,0.037000028920308466,0.039952187766068674,0.045316870710325606,0.04899196523094792,-0.0038781076929776926,-0.0046989964173497194,-0.006280193472218419,-0.009281642826931778,-0.01118496123752166,-0.007064780329399854,0.00496525943719614,0.1272862401749853,0.798024527193426,Q4
2025-06-30,0.039599999999999996,0.0348055405925356,0.03600046272492807,0.03955218861026342,0.044565230956239404,0.048491977409568655,-0.0031125670028478362,-0.0044136963476055155,-0.005379540957171684,-0.007492247283298274,-0.008660919371106628,-0.005811794192405987,0.005684327464110656,0.12800530820189981,0.9811576143615369,Q4
2025-07-01,0.0398,0.0358038468936334,0.036900260140666226,0.039751464067040485,0.04506522361567502,0.04798646138037872,-0.0034871961550794173,-0.004408531635083477,-0.005825352321348952,-0.0074878868589969266,-0.010350692362027679,-0.006311931866507291,0.002507265767654948,0.12482824650544411,0.1745464683723553,Q3
2025-07-02,0.039900000000000005,0.035704240792383886,0.03750002890637541,0.040201807170772395,0.045365219214731634,0.04862154811216976,-0.003480846691107706,-0.0038439507300506133,-0.004473069878969668,-0.005089938642513278,-0.006112606681205943,-0.004600082524769442,0.004178963754582293,0.12649994449237148,0.6179726253897274,Q4
2025-07-03,0.0407,0.03690346881906409,0.037600462012312694,0.04090180595233777,0.04571364948678521,0.048886444253292534,0.0031773200314380973,0.004285422601531514,0.007248745019320253,0.008734906985965558,0.010062037158086718,0.0067016863592684285,0.006523140062122845,0.12884412079991203,1.2388685347737067,Q5 high
2025-07-04,0.0407,0.03690346881906409,0.037600462012312694,0.04090180595233777,0.04571364948678521,0.048886444253292534,0.0031725076310054824,0.004563187677507706,0.008153591085845312,0.00994554942646849,0.010921114008092557,0.00735118996578391,0.006523140062122845,0.12884412079991203,1.2485849306942407,Q5 high
2025-07-07,0.0408,0.037203112990007677,0.0375007217321386,0.04125218502692783,0.046616849593540545,0.04962152740348629,0.0029771452693497878,0.00568692644526759,0.008149131172247146,0.011160130396493115,0.015246678649627152,0.008644002386596957,0.0071373412698525485,0.1294583220076417,1.4000968707801686,Q5 high
2025-07-08,0.041100000000000005,0.03690423590433194,0.03780046192339009,0.041853051618469826,0.04656520163637383,0.049821523266525135,0.0035464256462092785,0.005964336675406585,0.009511839799888407,0.012374688658056528,0.01697734954182801,0.009674928064277761,0.007934724663738457,0.13025570540152764,1.6088935356372718,Q5 high
2025-07-09,0.0407,0.03650423753243009,0.036801039661108925,0.04100260165718311,0.04586521188547777,0.04878644615483838,0.0022064342488614702,0.003423089512865966,0.005420751262635418,0.006911059528199818,0.009223040463077984,0.005436875003128131,0.005015442802185105,0.12733642353997426,0.847120101542785,Q4
2025-07-10,0.0407,0.03650423753243009,0.037400462101269585,0.04095218565842831,0.04596521042047403,0.048886444253292534,0.0014420693196077212,0.0028580625905791374,0.003604232990808977,0.0050915927448280125,0.006639185683257888,0.003927028665816347,0.004865788260125514,0.1271867689979147,0.821906743499189,Q4
2025-07-11,0.0409,0.03710346815256028,0.03780046192339009,0.041853051618469826,0.04691684472794128,0.04992152119864077,0.00220359783898198,0.00370113439660284,0.006781557431619606,0.00934184361858274,0.013551333004847715,0.007115893258126976,0.0072403550225807745,0.12956133576036993,1.4421336083742051,Q5 high
2025-07-14,0.0408,0.037203112990007677,0.03780046192339009,0.041602600153914523,0.04716857399300935,0.04992152119864077,0.0029643194416324775,0.004261943897981877,0.006324698108185953,0.009338984394417636,0.011820308534854527,0.0069420508754144935,0.00628901567576215,0.1286099964135513,1.182059704316364,Q5 high
2025-07-15,0.0412,0.03780277564348828,0.03890011543271187,0.042302598402295326,0.04786856148468739,0.050621506734568444,0.004872371752183403,0.0076481900732700454,0.012244672589453765,0.01665588737742889,0.022232860953795997,0.01273079654922642,0.007789720272046663,0.13011070100983585,1.5568318169742656,Q5 high
2025-07-16,0.0408,0.03680384319754035,0.03820011551049171,0.041853051618469826,0.04762038407992155,0.05045668183720051,0.0021924594384198845,0.003972800680179515,0.007227879561967736,0.010550505411800852,0.014410331607944409,0.007670795340062479,0.006310997510545369,0.12863197824833456,1.1618203301874024,Q5 high
2025-07-17,0.040999999999999995,0.03720346781940443,0.03850011547714467,0.04190259940293146,0.047468568630236234,0.05055667959450435,0.0025728110637472336,0.003970763820497709,0.006770593282245214,0.008722495865166099,0.011811258139026556,0.006769584434136562,0.008115649965756283,0.13043663070354544,1.6240938374747569,Q5 high
2025-07-18,0.0408,0.03680384319754035,0.037600462012312694,0.04140260065481098,0.04732038996842778,0.050491928765303264,0.0016159921437692067,0.0025606858651462724,0.004047822047576954,0.006297421612320752,0.008366880209797289,0.004577760375722095,0.007918830917957254,0.13023981165574644,1.5690453764652417,Q5 high
2025-07-21,0.0406,0.0364042379396502,0.03730046214576087,0.040601806474322794,0.04682039979016867,0.049656699794293484,0.001425511442925945,0.0025606631734131167,0.0035962280397531608,0.005090095590993085,0.006656673201925459,0.003865834289802153,0.004995394663050934,0.12731637540084012,0.819090831658679,Q4
2025-07-22,0.0405,0.03610465160980299,0.0365010399614443,0.04045218671174064,0.04616859189131293,0.049591950632064265,0.0012354299797098628,0.001717709798594686,0.0026926573847173957,0.0038842956495130205,0.004945815795127357,0.0028951817215324646,0.007121621409476392,0.12944260214726555,1.3501075831528961,Q5 high
2025-07-23,0.0408,0.03680384319754035,0.037600462012312694,0.04090180595233777,0.04676858114819387,0.04985669530243123,0.0012354097605482882,0.0019996900430044083,0.003147023942582404,0.0044912472525496005,0.00580736777895655,0.00333614775552825,0.006924183747066243,0.1292451644848554,1.2990998559220817,Q5 high
2025-07-24,0.040999999999999995,0.03720346781940443,0.03790046187894161,0.041452184606130225,0.046816846349495435,0.05015668856787509,0.0039062165625754494,0.005941201953376941,0.009497248520271395,0.011759480348058127,0.0144070619769055,0.009102241872237482,0.008976803638428371,0.13129778437621753,1.80954515865286,Q5 high
2025-07-25,0.0409,0.03730311269094054,0.0376007216626923,0.04085146251619681,0.04651685121603164,0.04985669530243123,0.0029471823242379217,0.00452638475412455,0.0063098808088914585,0.008110825415827264,0.010092544907480197,0.006397363642112278,0.008873811531735498,0.13119479226952468,1.7548336147450856,Q5 high
2025-07-28,0.0409,0.03730311269094054,0.03790046187894161,0.04095146237537391,0.04732038996842778,0.049821523266525135,0.005234559233522585,0.006215428620930186,0.009033808642614294,0.011755703739951185,0.013542714561922265,0.009156442959788102,0.005235208755928922,0.1275561894937181,0.8343361825063564,Q4
2025-07-29,0.0407,0.03650423753243009,0.037400462101269585,0.04020115599508576,0.04601685933317643,0.04902153982391719,0.004654912272529886,0.005929469875976854,0.009030949555296916,0.008724202504676745,0.00839272124425737,0.007346451090547554,0.00523961671655207,0.12756059745434123,0.8310122361400358,Q4
2025-07-30,0.0412,0.03760311179408374,0.037900721454433635,0.04065088444813296,0.04626520602715538,0.0491864385508481,0.005607194418439943,0.007622861727012886,0.011767099452163265,0.013593863650246629,0.013570097171627504,0.010432223283898045,0.007009430768490199,0.12933041150627939,1.2610164166203666,Q5 high
2025-07-31,0.040999999999999995,0.037802459173871275,0.037900721454433635,0.04065088444813296,0.04591364685860158,0.049086440451297536,0.006175477786432678,0.008183761216952187,0.012219803192416997,0.01298228618624719,0.011844183026446627,0.010281102281699137,0.00823365624804906,0.13055463698583825,1.542866563284182,Q5 high
2025-08-01,0.0387,0.035103119283720036,0.03630011572213779,0.03920180891424802,0.044716880474396314,0.04839197984670002,0.0014032496843677292,0.0019914762220930074,0.0036107234727372254,0.0027223384302095858,-9.060495333839758e-05,0.0019274365712138302,0.004533787713563775,0.12685476845135296,0.6208296526358652,Q4
2025-08-04,0.0382,0.035601627817376226,0.036000260366439246,0.038851465338361084,0.044516883731598594,0.048527304217752844,7.157042129910104e-05,0.0003075857299668929,-5.82026510645298e-06,-0.002094231683523655,-0.00519487272677324,-0.001383153704827471,0.006792513619888058,0.12911349435767722,1.166530672748842,Q5 high
2025-08-05,0.0392,0.035203849114703624,0.03450234216847875,0.03980354706872856,0.044716880474396314,0.04805673579147062,0.0015997266058044891,0.000873567534411316,0.0031609624977721497,0.002722260144430281,-9.762929885509183e-05,0.0016517774967126288,0.003984307036285328,0.12630528777407452,0.4774464101908168,Q4
2025-08-06,0.039,0.03480424446583254,0.03510104136530694,0.03980354706872856,0.044716880474396314,0.04805673579147062,0.0014112443319987174,0.0017203397660597083,0.004974363566395723,0.005743018732202098,0.0041707737529073415,0.003603948029912718,0.002977531009688228,0.1252985117474774,0.23651938179132864,Q4
2025-08-07,0.0392,0.035203849114703624,0.03540104106416025,0.03985305750744526,0.04491687721845055,0.04792156263197027,0.003514072206727503,0.004539827619853609,0.00860973528795439,0.01120126215084194,0.011032765553999013,0.007779532563875291,0.0021160135385122902,0.12443699427630145,0.025869191830997548,Q3
2025-08-08,0.0393,0.03590278071779081,0.035801040662902184,0.0405035446738332,0.04506522361567502,0.04832155433254627,0.004660764977201254,0.005952054083693487,0.01180261563581931,0.01547103966470443,0.01881935352489395,0.011341165577262486,0.0047121783010584395,0.1270331590388476,0.667279377586274,Q4
2025-08-11,0.0393,0.03590278071779081,0.03610072270579193,0.040102603915347985,0.045316870710325606,0.04832155433254627,0.0037038354863358166,0.00595236300392279,0.009520122384408492,0.013026420701820163,0.01621458229909525,0.009683464775116501,0.003491724963529369,0.12581270570131853,0.35771275247951667,Q4
2025-08-12,0.039,0.03540311838306065,0.03630026029113803,0.04040354501576311,0.045316870710325606,0.04899196523094792,0.0029413633480471057,0.0056706229177921185,0.010431611211743559,0.01485538044715677,0.021422668613679183,0.011064329307683748,0.005879449319034613,0.1282004300568238,0.9375092513568382,Q5 high
2025-08-13,0.038599999999999995,0.034803475832851906,0.03580026041666427,0.03965305809759311,0.04506861161933018,0.048491977409568655,0.0023706537170957572,0.00426146187993924,0.007702815655965075,0.013027534856525622,0.019686939903635667,0.009409881202632272,0.003269297826692885,0.12559027856448207,0.28994878499439075,Q4
2025-08-14,0.0391,0.03570278125300741,0.03620046263573098,0.04000260416649718,0.045568602646861994,0.04899196523094792,0.0029462251815703857,0.0045455940636791505,0.008159911691253177,0.013027365136264226,0.019686293032375117,0.00967307782102841,0.0053742229713477085,0.12769520370913687,0.8027583924529009,Q4
2025-08-15,0.0393,0.03570311748292119,0.03690011565521846,0.04030260341319487,0.04622041158875508,0.04939195549648637,0.0035210646995170822,0.005958164869482982,0.010438772795610016,0.016693310337775442,0.024047075160564264,0.012131677572589959,0.0045347000681833505,0.12685568080597254,0.5898800965601011,Q4
2025-08-18,0.0393,0.03610246319638217,0.03650046250199975,0.04055305544372017,0.045968595475113776,0.04972727269780048,0.004479070444816432,0.006807078341372171,0.011808637108891792,0.017305096757377455,0.025794356220141142,0.013238847774519799,0.00817402654103283,0.130495007278822,1.461076580281531,Q5 high
2025-08-19,0.0391,0.03590246367048407,0.036000722775439115,0.04000260416649718,0.045920417493167706,0.04909196279663,0.003906749095807384,0.004832353280955139,0.008619750677104888,0.013639243631238952,0.020565035806602107,0.010312626498341694,0.004838246399811119,0.1271592271376003,0.6315395706481428,Q4
2025-08-20,0.039,0.035802463907603464,0.03590072284509973,0.039902604417694866,0.045468604440663425,0.04922728582226578,0.0027626408895985565,0.003426436867562622,0.005893826260335756,0.009377420495909073,0.0153511515392747,0.007362295210536142,0.007226410905803865,0.12954739164359305,1.199156249288714,Q5 high
2025-08-21,0.0395,0.03630246272246273,0.03670046241288854,0.04025218713334988,0.045968595475113776,0.04939195549648637,0.0037220396897358348,0.004842153052399101,0.007718775123845778,0.01120957845577808,0.016223752482608877,0.008743259760873534,0.0067763763290806245,0.1290973570668698,1.0737233642921906,Q5 high
2025-08-22,0.0387,0.03490347549821892,0.03560046290342556,0.0394026056744104,0.045320429312246606,0.049162690312101,0.0008659127256131823,0.0009110530036955163,0.001839501689546474,0.00455731932169876,0.00933839925832467,0.003502437199775721,0.005890570339837892,0.12821155107762708,0.8409800322383406,Q5 high
2025-08-25,0.0388,0.03580216596072391,0.03580072291477378,0.03980260466894097,0.04536860623481092,0.0491272884486748,0.0033520801878610053,0.0026071341403437133,0.005018088909117778,0.008197987162154884,0.013654388769378932,0.006565935833771262,0.007080323290694968,0.12940130402848413,1.12255997132608,Q5 high
2025-08-26,0.0385,0.03370554646124217,0.036700115826388637,0.039302605925899084,0.04557233196185102,0.049162690312101,0.0003075769393521212,0.0003662011029898983,0.0018573926531704134,0.0039649545349806845,0.008483211296120834,0.00299586730532279,0.002239662377712087,0.12456064311550125,-0.10242262856004392,Q3
2025-08-27,0.0383,0.03350554752961571,0.03590000000000001,0.0384018103114525,0.04602855828999302,0.04919816846272439,-0.0013971840999502665,-0.002429347731465859,-0.0030935005452130686,0.0003537743457771021,0.005055473876427463,-0.00030215683088492573,0.0002837321849333829,0.12260471292272257,-0.608212644825499,Q3
2025-08-28,0.0385,0.033905093885411665,0.03560011580030833,0.038251466187135465,0.04497234489851761,0.049233722976459886,-0.0006254052840371895,-0.002137126295986708,-0.003531276567753633,-0.0026405361975946175,0.0016417955237572222,-0.001458509764322985,0.005745324937979135,0.12806630567576832,0.7711766115942076,Q5 high
2025-08-29,0.0383,0.03350554752961571,0.03560002895939247,0.03830181048625485,0.04522433369512362,0.04956934351699144,-0.0011874518627779597,-0.0018474433396316538,-0.0030716829631778843,-0.0002315378383584356,0.006775374671297026,8.745173347021844e-05,0.005635586149601718,0.12795656688739088,0.7310600506545826,Q4
2025-09-01,0.0383,0.03350554752961571,0.03560002895939247,0.03830181048625485,0.04522433369512362,0.04956934351699144,-0.0006075431375572797,-0.0012771300911781284,-0.0030609682520162866,-0.0008246118059119715,0.005922400515702038,3.0429445807674328e-05,0.005635586149601718,0.12795656688739088,0.7187031087639284,Q4
2025-09-02,0.0382,0.035002465806203045,0.03570026044178402,0.039052189666423424,0.045824319604998366,0.0498337034922218,0.0016846657761459532,0.0015370616735678726,0.0023597684297175774,0.005818709221466932,0.013676363808068968,0.005015313781793461,0.0070881840452606815,0.12940916478304984,1.0899932059380093,Q5 high
2025-09-03,0.0377,0.03450246699431435,0.03520026056745559,0.0385521907236033,0.04497234489851761,0.049233722976459886,0.0007348553351267666,0.0001378960552307633,0.0005593167156354999,0.003409648542970906,0.010238021138158332,0.0030159475574244535,0.0066553115847935995,0.1289762923225828,0.9627394217378847,Q5 high
2025-09-04,0.037599999999999995,0.03420278527370856,0.034700463305548754,0.03800181101086448,0.0442204510161345,0.04873373923054219,-0.00021378967468617394,-0.001539602197467252,-0.003490779790644563,-0.0020035398464133963,0.0033793150448086368,-0.0007736792928805497,0.00681431884939615,0.12913529958718534,0.9898675587513446,Q5 high
2025-09-05,0.0365,0.03370189097925711,0.03420026081916294,0.03755219284102847,0.04326864399200567,0.0480337620125982,-0.002111066424007145,-0.004610841576270329,-0.007520494271613375,-0.009174220083841488,-0.006821968602104588,-0.006047718191567385,0.006053861224508933,0.1283748419622981,0.7740385805237254,Q5 high
2025-09-08,0.0364,0.03340217097645696,0.034300115945762676,0.03720181241131093,0.04271691310308253,0.047062749793196225,-0.0019141779988537336,-0.0029264947655823718,-0.006616066841471974,-0.007974819862186506,-0.007658197296167341,-0.005417951352852385,0.0027709260711670236,0.1250919068089562,-0.135255140204328,Q4
2025-09-09,0.0368,0.034001890432098766,0.033601042873657484,0.03805306282699022,0.043116906567258216,0.0471273410832384,-0.0011472975726998257,-0.0031991149010681696,-0.005260295254986837,-0.006171551693435086,-0.004259143524428468,-0.0040074805893236766,0.003013639051438227,0.1253346197892274,-0.07836974146390006,Q4
2025-09-10,0.0366,0.03420138915685896,0.03330141942121602,0.03770260995633011,0.04256526038942375,0.04649202624153244,-0.0015233180401615625,-0.003751829466877547,-0.007046687833668101,-0.008552235914043608,-0.008483926144867785,-0.005871599479923721,0.0024202272878967035,0.12474120802568589,-0.2547609772654809,Q3
2025-09-11,0.0363,0.034101167615555344,0.033700724381037855,0.03770260995633011,0.04186221558727908,0.04595678320642239,-0.0003794392915822892,-0.0017885079962078271,-0.0030074508543952933,-0.004374542695588284,-0.0034198234459483163,-0.002593952856744402,0.0021813698215464583,0.12450235055933563,-0.33847643641353475,Q3
2025-09-12,0.0366,0.03460096469226316,0.03440046343974516,0.037952191993567405,0.042613690353465954,0.04645677189972965,0.0003840821231799567,-0.0003821642940318344,-0.0012006620876694636,-0.0013658626799417824,0.0008493322494926674,-0.00034305493779409127,0.0023335263912891147,0.1246545071290783,-0.31051403677211853,Q3
2025-09-15,0.0364,0.03440096487842532,0.03420046352925261,0.03775219241721604,0.042413692998430765,0.04659202379545967,0.0007645024083151636,0.000460136744756538,0.00015202335219411224,-0.00016351258649915544,0.0017028333173874127,0.0005831966472308142,0.0034825007686077603,0.12580348150639692,0.006604102656150633,Q4
2025-09-16,0.0362,0.034001167728237774,0.03390046366357863,0.03770260995633011,0.04256526038942375,0.04649202624153244,-0.00018873273560398186,-0.0015034231225449684,-0.0021015195485560205,-0.0025673706354886654,-0.0008566724726186041,-0.001443543702962448,0.0016785816815146348,0.1239995624193038,-0.5285793187463922,Q3
2025-09-17,0.036000000000000004,0.03440061776061776,0.0349000289789741,0.03785219220537129,0.04286525596719619,0.04645677189972965,0.0017129919880807904,0.0021432996729958227,0.0028578658609191383,0.0040459240657469515,0.005968005266243036,0.0033456173707971477,0.00048684274814303485,0.12280782348593221,-0.8996917559071972,Q3
2025-09-18,0.0361,0.035300154425248524,0.03510011585620908,0.038502607939557384,0.043365248602509766,0.046956760603935076,0.0017097917319049112,0.0018594806978702557,0.0033096040375326903,0.004650070999505454,0.007688459457661859,0.003843481384895034,0.002549389036403532,0.1248703697741927,-0.3069183511364026,Q4
2025-09-19,0.036000000000000004,0.03540008687258686,0.035400028964984516,0.03860260768767994,0.04381689514171217,0.04749200180202044,0.0017077861416873747,0.0021397687153847395,0.004214257859319339,0.006464346666213929,0.011992397584505711,0.005303711393422218,0.003416658190784433,0.1257376389285736,-0.0540520957931441,Q4
2025-09-22,0.0361,0.0361,0.03550011581148416,0.03890260693233939,0.043765242715878144,0.047356751575135414,0.0026583796954197892,0.003263096869515726,0.006479583875948792,0.009492120257635208,0.014578022289242844,0.0072942405975524715,0.004196745272933261,0.12651772601072245,0.17284242037069786,Q4
2025-09-23,0.0361,0.0345006177009941,0.03650046369343943,0.03845219093516179,0.04346524713042563,0.04705675834608252,0.0011301867878108383,0.0032594949893562817,0.005115142063563771,0.007668939458054458,0.012847779611090394,0.0060043085819751485,0.0007011012866645627,0.12302208202445374,-0.9183202119466329,Q3
2025-09-24,0.0363,0.035100347389752,0.03660026071842169,0.038501810136683925,0.044368624195336256,0.04745674931902278,0.0013203431245553936,0.0026937845614278515,0.0037518694208229213,0.007058919462296058,0.012844488997226315,0.0055338811132657085,5.156991621782514e-05,0.122372550654007,-1.142781909497675,Q3
2025-09-25,0.0368,0.03600015432098766,0.037000115792858966,0.038851465338361084,0.044165236833789784,0.047421573015242385,0.002656107793453018,0.004384089303744317,0.006021358558742281,0.008878974956558068,0.013707477235489237,0.007129601569597384,0.002370598071613772,0.12469157880940296,-0.4384817510164148,Q3
2025-09-26,0.036699999999999997,0.03590015433587346,0.037200260567455595,0.0391018090887806,0.04461688210284036,0.04762156886073381,0.002464205625303349,0.004100729830864723,0.0064748552797156845,0.010093225211653999,0.01630240192243991,0.007887083573995533,0.0012437014706480343,0.12356468220843721,-0.8214436306284798,Q3
2025-09-29,0.0365,0.03610003859141342,0.0363,0.039052189666423424,0.04371367582440487,0.046886482353810585,0.0026548466270722836,0.0032560788939660756,0.006021266442252661,0.008880150626753415,0.013713269832605136,0.006905122484529914,0.0018854262883403472,0.12420640702612952,-0.6429798587568543,Q3
2025-09-30,0.0368,0.03520061728395063,0.03630002895846064,0.03935305898324222,0.04406523830388626,0.046986480445298566,-0.00020698334595836265,-0.00012048711139999845,0.001481848199571316,0.0034129706679448856,0.006793004655485162,0.0022720706131286,-0.0004723780735188532,0.12184860266427033,-1.4490024423078607,Q3
2025-10-01,0.0362,0.03480047288168305,0.03580002897244396,0.03860260768767994,0.04381689514171217,0.04682158548837647,-0.0015337156230609307,-0.0017977135551116054,-0.0021200189057540876,-0.0013997972517662029,0.0008073322675651272,-0.00120878261362554,-0.0011110450959196938,0.12120993564186948,-1.6457299334578235,Q3
2025-10-02,0.0362,0.03480047288168305,0.03580002897244396,0.03835219114676112,0.043365248602509766,0.04662158964929361,-0.001336257176538281,-0.0015105790814218152,-0.002113271917439697,-0.001993786321606395,-0.0008909517107584704,-0.0015689692415529317,-0.00027581024300138424,0.12204517049478779,-1.388453615611895,Q3
2025-10-03,0.0364,0.03520034735623311,0.036100028964052365,0.03915305957396001,0.0435136784637581,0.04668648617193778,-0.0007621059544521596,-0.0009463980868659365,-0.0003053305841612857,-0.00018537085582872193,-3.487045382323962e-05,-0.00044681518702626864,0.00019504423861646525,0.12251602497640562,-1.2219994815429616,Q3
2025-10-06,0.0366,0.035400347289214755,0.036900260642916766,0.039302605925899084,0.044516883731598594,0.04718647662937724,1.5974114791067473e-06,0.0007400087233779967,0.0024060329411912523,0.004039358619993841,0.006814570892357721,0.0028003137176799836,-0.0013158763447198019,0.12100510439306936,-1.7180707250253213,Q2
2025-10-07,0.0365,0.03490061746261457,0.035400028964984516,0.03935407470862015,0.043765242715878144,0.047021581329062805,-0.0015179790835836578,-0.0029015041434926766,-0.00255860638730611,-0.0031867646840916405,-0.002593359404039612,-0.0025516427405027397,0.000671140457401187,0.12299212119519035,-1.071389585539155,Q3
2025-10-08,0.0366,0.03500061740304843,0.03579999999999999,0.03930354878135039,0.043865241244930325,0.046451464347460746,-0.00018275857434399455,-0.0003762532630074704,0.0010471609352726004,0.0022178752632563688,0.0016577476300298206,0.0008727543982414651,-0.0025981109284891057,0.1197228698093001,-2.1295756671642723,Q2
2025-10-09,0.0366,0.035400347289214755,0.03570002895659724,0.0396540735282867,0.04371367582440487,0.04655146260111131,0.0005821686664008482,0.00018903251123006696,0.0028579258501077206,0.0028238257369951644,0.0025157191150079502,0.00179373437594835,-0.0006787034302539463,0.12164227730753523,-1.4752062018681285,Q3
2025-10-10,0.036000000000000004,0.03440061776061776,0.0352,0.03845306164327007,0.04281368770952273,0.04565147833037765,-0.0015073037930869323,-0.0014889287614024845,-0.003448826445798346,-0.004374708814343419,-0.006809822468807335,-0.0035259180566877034,-0.0034356888111548856,0.11888529192663429,-2.326842097665894,Q2
2025-10-13,0.036000000000000004,0.03440061776061776,0.0352,0.03845306164327007,0.04281368770952273,0.04565147833037765,-0.0015021411352883541,-0.0014845610344481675,-0.0034432717146858417,-0.004369156674567725,-0.006803881748556511,-0.00352060246150932,-0.0034356888111548856,0.11888529192663429,-2.2696990432831474,Q2
2025-10-14,0.0358,0.03380096543734311,0.034500028990175534,0.0379530631230633,0.04266525891506303,0.04592160422514505,-0.001876525262896857,-0.002598911727392485,-0.003886186178752717,-0.004363611164242245,-0.00426279793256026,-0.003397606453168912,-0.002351591099399891,0.11996938963838927,-1.9006018413453136,Q2
2025-10-15,0.0361,0.033901167840942006,0.035300028986440746,0.038102608947554004,0.042965254493689854,0.04588650145917168,-0.0018705676239917793,-0.002032811169520408,-0.003880231855661374,-0.004358054005846477,-0.005108121186488222,-0.0034499571683016517,-0.0037824968791730085,0.11853848385861615,-2.315828954753954,Q1 low
2025-10-16,0.0354,0.032801632219432095,0.03440002901166913,0.0374530646042876,0.042165266289716695,0.04575678773215452,-0.004328406351608754,-0.005657421613501528,-0.008798580436101771,-0.010908653088560765,-0.012695569755883656,-0.008477726249131295,-0.003020765336815806,0.11930021540097338,-2.0703012045202365,Q2
2025-10-17,0.0356,0.033600965623792965,0.03490002899764795,0.03770260995633011,0.04256526038942375,0.04582160630901628,-0.0029919677390033315,-0.003972944294807978,-0.006102677815434931,-0.0073221125493654225,-0.009313967990993256,-0.0059407340779209835,-0.0030589567004717932,0.11926202403731738,-2.0688045668264268,Q2
2025-10-20,0.0355,0.03370078223080637,0.03490002899764795,0.03745219305299614,0.04246526186406931,0.04538651102567426,-0.0026059556302409368,-0.0034078549077189166,-0.005648275353836969,-0.007316182947489842,-0.010151360594464892,-0.005825925886750311,-0.004755953784454953,0.11756502695333422,-2.5096286522864233,Q1 low
2025-10-21,0.0356,0.0334011684047895,0.03480002900045108,0.03710181258651906,0.041913699615316304,0.04542161464852301,-0.0027904648353782265,-0.003961998851711968,-0.006987352798634794,-0.009695147703744323,-0.012672853289106023,-0.0072215634957150665,-0.0027597776880219915,0.11956120304976718,-1.9154639256804027,Q2
2025-10-22,0.0355,0.03350096571704492,0.034200028998582266,0.03740261071342428,0.041913699615316304,0.04508651677000653,-0.002215498874434131,-0.003676834733530489,-0.005637006496238507,-0.007901036532903484,-0.010984612376806658,-0.006082997802782654,-0.004058615448284203,0.11826236528950497,-2.2723284961086607,Q1 low
2025-10-23,0.0359,0.033701168066415675,0.03510002899204327,0.037902609451844566,0.042413692998430765,0.04525148532992706,-0.0008803285554832424,-0.0005917802710555392,-0.0006858564176121934,-0.0019085101221571893,-0.004211090504294343,-0.0016555131741205014,-0.0050862363834501545,0.11723474435433903,-2.541959106653024,Q1 low
2025-10-24,0.0358,0.03380096543734311,0.03510002899204327,0.037902609451844566,0.042413692998430765,0.04558650719796604,7.181800124947098e-05,-0.00031027275093639976,-0.00023395995304529042,-0.0007058538796503619,-0.0016601169790816136,-0.0005676771122928389,-0.003248117639120307,0.11907286309866888,-1.9833193687113353,Q2
2025-10-27,0.0359,0.033701168066415675,0.03540011597190856,0.03775219241721604,0.042413692998430765,0.04525148532992706,0.0006412618817640187,0.0008112221040240315,0.0024710900460599068,0.001097314671342295,4.052235580183925e-05,0.0010122822117984182,-0.005223290806245784,0.11709768993154339,-2.47905035829461,Q1 low
2025-10-28,0.0359,0.03350139009556908,0.03560026097042092,0.03750181188588979,0.04196221440720128,0.045051488831727333,6.722737937637016e-05,0.0005277300144589415,0.001563664641040522,0.0010953281448397058,-0.000811511069226719,0.0004884878220977641,-0.004813195930527925,0.11750778480726123,-2.293481677761635,Q1 low
2025-10-29,0.037000000000000005,0.03480116682738669,0.03620002896125627,0.038501810136683925,0.04296220261895165,0.045716525862023814,0.002354572340464276,0.003341087209994551,0.006100025616882341,0.007152611061093503,0.006912429168178755,0.005172145079322685,-0.0030146341219619843,0.11930634661582719,-1.7876315533902898,Q2
2025-10-30,0.037000000000000005,0.03520078109932497,0.03609999999999999,0.03885219008917294,0.0435136784637581,0.04601652108607612,0.002350571457249126,0.0030559878119446908,0.005641838609464297,0.007149378846922991,0.007771118495599502,0.005193779044236122,-0.003013141792823637,0.11930783894496554,-1.7791159202454796,Q2
2025-10-31,0.037000000000000005,0.0350009643201543,0.036000000000000004,0.03875219030060887,0.04341367978381684,0.046251467841169194,0.0008233042225136607,0.0010855837467256442,0.0015597223097556685,0.0016991513409778843,0.0017587237726222234,0.0013852970785190161,-0.0017198206823881013,0.12060116005540107,-1.403782615550938,Q2
2025-11-03,0.037000000000000005,0.0350009643201543,0.03630002895846064,0.03885219008917294,0.0435136784637581,0.04668648617193778,0.0014003067349741176,0.0016536460994091744,0.002470287959805935,0.0029119969051258536,0.0034766466121260624,0.0023825768622882286,-2.7398400850420224e-05,0.12229358233693875,-0.9350180799359482,Q3
2025-11-04,0.036699999999999997,0.03490078132535932,0.036100028964052365,0.0384018103114525,0.043565245658625705,0.04615146958852833,0.001406244317567619,0.00222194420780384,0.0029289279697729334,0.003522019667091182,0.003484576738313684,0.002712742580109852,-0.0032405177980492084,0.11908046293973998,-1.7863835289758232,Q2
2025-11-05,0.0371,0.035500617105390035,0.036900115804033344,0.03925218924383712,0.04426523536397697,0.04685145736408087,0.0017938563035607164,0.0025098359395543963,0.0033897916366807963,0.004741771778494832,0.005213506287763238,0.0035297523892107953,-0.0016026649586749764,0.12071831577911417,-1.3184532446839665,Q2
2025-11-06,0.0365,0.03490061746261457,0.03600002896684902,0.0385521907236033,0.04321368242469875,0.04672158756863458,-0.00010494709880320193,-0.000572271837455166,-0.0015667692461637716,-0.001868244241468745,-0.002450909152541695,-0.0013126283152865158,0.0011077929461174585,0.12342877368390665,-0.5785583975642932,Q3
2025-11-07,0.0363,0.03470061758178132,0.03610011589350627,0.03820181066109093,0.043716896772987485,0.04672158756863458,-0.0006681005922345457,-0.0008445651550813577,-0.0038074619826007367,-0.004260844879259486,-0.004992581236466289,-0.002914710769128483,-0.0015051709232416777,0.1208158098145475,-1.2634611304804515,Q2
2025-11-10,0.0366,0.03500061740304843,0.03520011584502461,0.0396046361874854,0.0435136784637581,0.04668648617193778,-0.0008487450382953466,-0.0019556502583909464,-0.002894970335658327,-0.003649362005964103,-0.004132058706671544,-0.0026961572689960535,0.0003402478119754193,0.12266122854976458,-0.7605188332065012,Q3
2025-11-11,0.0366,0.03500061740304843,0.03520011584502461,0.0396046361874854,0.0435136784637581,0.04668648617193778,0.0004929499918141832,-0.00026344122439588957,-0.000184165795721415,-0.001239645799462198,0.00012369954102978576,-0.00021412065734710672,0.0003402478119754193,0.12266122854976458,-0.7516989468781283,Q3
2025-11-12,0.0365,0.034700781476121566,0.035300028967781345,0.03875306075608026,0.043113683745522116,0.045951473084257094,0.0005028655747986365,-0.00025193328788884143,-0.001973013559794048,-0.0030251133237785078,-0.004956953128216071,-0.0019408295449757662,-0.002440759938263204,0.11988022079952597,-1.4677794038951937,Q2
2025-11-13,0.0368,0.03480096450617284,0.03550002896218822,0.0392035491240732,0.04341367978381684,0.046251467841169194,0.0008950687862586976,-0.000519383207460004,-0.0019583271568067422,-0.003610727617674973,-0.006641756787250401,-0.0023670251965866845,-0.001891958346567496,0.12042902239122168,-1.3013402885813319,Q2
2025-11-14,0.037000000000000005,0.03540061716489876,0.03590002895100841,0.03935305898324222,0.04371367582440487,0.04655146260111131,0.0018570552333793907,0.0011766605446838726,0.00030865694457867876,-0.0011950910547038666,-0.0032319061269555963,-0.00021692489180350416,-0.0006354323466000456,0.12168554839118913,-0.9554631384047758,Q3
2025-11-17,0.0369,0.03510078117465524,0.036000000000000004,0.03900260668065645,0.0435136784637581,0.04668648617193778,0.002056223625882957,0.0020298685082215983,0.0012227500180405958,1.8754771542427336e-05,-0.0015198345721017205,0.0007615524703171716,0.00024248297039053401,0.12256346370817972,-0.7128534485297232,Q3
2025-11-18,0.036699999999999997,0.03490078132535932,0.03579999999999999,0.03880260718407097,0.04366524418710991,0.04658648808155321,0.001491864153557535,0.0011960105292383705,-0.00011984818304886175,-0.0011714556767567796,-0.003207411032660953,-0.0003621680419341377,-0.001274035440864546,0.12104694529692464,-1.0942217047416112,Q2
2025-11-19,0.0368,0.03480096450617284,0.036100028964052365,0.03890260693233939,0.043765242715878144,0.04668648617193778,0.002072741257172196,0.0023305419201429603,0.0021487603529580027,0.0018477243561872206,0.0010579660027712282,0.0018915467778463217,-0.0014197566915520599,0.12090122404623711,-1.1160791347652503,Q2
2025-11-20,0.0365,0.03450096478533525,0.03580002897244396,0.03860260768767994,0.04346524713042563,0.0463864919018882,0.0011283774725665387,0.0006545131330142175,-0.000999667836993695,-0.002350695737028302,-0.004885753241188134,-0.001290645241925875,-0.002255978261835101,0.12006500247595409,-1.3250246568922843,Q2
2025-11-21,0.0362,0.034001167728237774,0.03480002898177368,0.038002609199674936,0.04321690493409129,0.04622159797594233,0.001135907845454043,-0.0018577165945452443,-0.004133526463704229,-0.0065260719811574995,-0.00909855786386048,-0.004095993011562682,-0.0027317502724818477,0.11958923046530731,-1.422856618633694,Q2
2025-11-24,0.0361,0.03310217160505742,0.035500260995647646,0.037902609451844566,0.04276525744098723,0.046021602141675694,-0.0005683825619093477,-0.0026845290675689584,-0.005017401284116391,-0.00830166573101106,-0.011612763804401089,-0.00563694848980137,-0.0037485153805222327,0.11857246535726693,-1.6545253864250185,Q1 low
2025-11-25,0.036000000000000004,0.03260278957528958,0.03520026107135705,0.03685146817143808,0.04322047078699833,0.04572160839328962,-0.0009391540350234422,-0.002952073861739473,-0.00679461170064845,-0.008287816467684854,-0.011598937064525654,-0.006114518625924374,-0.008101731683014368,0.11421924905477482,-2.6703660836342045,Q1 low
2025-11-26,0.0361,0.03290247080397646,0.035100116005542005,0.036951468029524086,0.04226526481421574,0.0458567854690701,-0.0005483191322789892,-0.002659294149936102,-0.006331473721949703,-0.009464544080951268,-0.012425837850970792,-0.006285893787217371,-0.002813377909737097,0.11950760282805208,-1.3304788756804609,Q2
2025-11-27,0.0361,0.03290247080397646,0.035100116005542005,0.036951468029524086,0.04226526481421574,0.0458567854690701,-0.000346353910408736,-0.0020852419040737974,-0.005418663292356429,-0.008255743761962829,-0.01156729533380687,-0.005534659640521732,-0.002813377909737097,0.11950760282805208,-1.3095227834423075,Q2
2025-11-28,0.0361,0.03330189170929448,0.035300115983117525,0.037401812060996305,0.04256526038942375,0.04582160630901628,0.00023248111665705304,-0.0006745323509037824,-0.0036096011380447866,-0.00585233795738707,-0.00817908679469717,-0.0036166154248751512,-0.003572489382105054,0.11874849135568412,-1.470296895142317,Q2
2025-12-01,0.0362,0.03460061764138197,0.035700028975242215,0.038502607939557384,0.043365248602509766,0.046286493812608014,0.0015712219953760188,0.0012975451788894178,-0.0004436461327675355,-0.0016369360088084838,-0.0039178586855454466,-0.0006259347305712058,-0.002268986360695613,0.12005199437709357,-1.1312417159360344,Q2
2025-12-02,0.0359,0.03430061782025291,0.0360002608695628,0.038402608191483514,0.04326525007487813,0.046521591730353855,0.0006198717169557679,-0.0003847028738962464,-0.0031423533909559196,-0.005231811994636291,-0.007306861132113205,-0.003089171534929179,-0.0014253391997989806,0.12089564153799019,-0.9087153706596939,Q2
2025-12-03,0.035699999999999996,0.034100617939557785,0.03520002898924176,0.038002609199674936,0.04321690493409129,0.04622159797594233,0.00023985976905890926,-0.0015023138916754604,-0.0049323695798668965,-0.007017674200601981,-0.009832448049606951,-0.0046089891905384765,-0.002916403691825775,0.11940457704596341,-1.255351836683381,Q2
2025-12-04,0.036000000000000004,0.03440061776061776,0.0361002608443604,0.03875306075608026,0.04346524713042563,0.04672158756863458,0.0008123740063784627,-9.599010310045808e-05,-0.0026760776644160164,-0.004614806540357503,-0.0064360832030706475,-0.0026021167009132326,-0.0010224355153609366,0.12129854522242824,-0.7798706863128102,Q3
2025-12-05,0.0361,0.03510024128945082,0.0365002607435997,0.03915305957396001,0.0435136784637581,0.047021581329062805,0.0017654288023477437,0.0015910148159275915,0.0004827071694680639,-0.0010109321359092062,-0.0021863626589157105,0.00012837119858369648,0.001450410745587133,0.12377139148337632,-0.1679289002078524,Q3
2025-12-08,0.0361,0.035300154425248524,0.03630011587112508,0.03990463484448503,0.044165236833789784,0.04708647853715418,0.0017654094976223117,0.0013117303788714846,0.001389745650791236,0.0008003652493598196,-0.00047645986230145316,0.0009581581828686798,-0.0004171054165917343,0.12190387532119744,-0.6149424931155463,Q3
2025-12-09,0.0363,0.03590003859886133,0.03640002895566565,0.04020463350226255,0.0441136705487528,0.046951455619076314,0.0025283174135973126,0.0024381714025572417,0.003653615733491032,0.0032144848556979063,0.0029377837136231196,0.0029544746237933225,0.0002306296983491385,0.12255161043613831,-0.44317780246988286,Q3
2025-12-10,0.0358,0.0350001544699749,0.03600011590470009,0.0396046361874854,0.044216888619759594,0.046216517903644255,0.0008121017203111223,-8.825564712508852e-05,-0.0008600786735994716,-0.001599263877337196,-0.004718983802512542,-0.0012908960560526351,-0.00562291989765018,0.11669806084013898,-1.860264808711727,Q1 low
2025-12-11,0.0356,0.03480015449980688,0.0361002608443604,0.039755234410790305,0.043865241244930325,0.04678648426269028,-0.0005199440775657911,-0.001207910056885096,-0.0013082127353549284,-0.002196499032975206,-0.00301750103443683,-0.0016500133874435704,-0.0016995418299775578,0.12062143890781163,-0.8785941114782293,Q2
2025-12-12,0.0354,0.0350000386324126,0.03700104347822191,0.040055232894327164,0.044516883731598594,0.047521570937788075,-0.0005207358409491133,-0.00036697442374420157,-0.0008576834880071635,-0.0009935800869695674,0.0003949235877234417,-0.0004688100503893208,-0.000726012641222934,0.12159496809656625,-0.6290280916101486,Q3
2025-12-15,0.0352,0.03500000965996908,0.03660072468434092,0.03985523390520492,0.0446686188035389,0.047421573015242385,-0.000520734103695783,-0.00036737046737243817,-0.0008576825889631129,-0.00039320313385858563,0.00039412993693001275,-0.0003489720713919814,-0.0018183950460484433,0.12050258569174072,-0.8852315332483771,Q2
2025-12-16,0.0351,0.03450008694812095,0.036000463917518086,0.039455235928132555,0.04426862599329608,0.047356751575135414,-0.0007110759178368697,-0.0012081571830349657,-0.0013077884657577998,-0.0009936552512668805,0.00039293946073931446,-0.0007655474714314402,-0.0012017987719577239,0.12111918196583146,-0.7210474796798189,Q3
2025-12-17,0.0351,0.034700038643609314,0.036100463872685014,0.03955523542225409,0.044368624195336256,0.04745674931902278,-0.0014716893126206177,-0.0026089291958926964,-0.0031102601364049976,-0.0027977426093169456,-0.00046175337730644094,-0.00209007492630834,-0.0007899751681809397,0.12153100556960823,-0.6128999870729436,Q3
2025-12-18,0.0349,0.03430008696492414,0.03580046400721021,0.03900463887582232,0.04396863138925899,0.04705675834608252,-0.002609494817611796,-0.004842952330468215,-0.007147774041236505,-0.008779974971096888,-0.009799831241258211,-0.006636005480334323,-0.00188346268827691,0.12043751804951226,-0.8777787696441498,Q2
2025-12-19,0.0351,0.03450008694812095,0.036300724894468776,0.03955523542225409,0.044368624195336256,0.04745674931902278,-0.0022268533379654833,-0.0040003097975276555,-0.005349424097483867,-0.0063860038806468275,-0.006410657698996423,-0.004874649762524051,-0.0012147615769865228,0.12110621916080266,-0.7041800449100507,Q3
2025-12-22,0.0353,0.03350078238191829,0.03800417794908511,0.03935407470862015,0.04482043917193666,0.047321575093096924,-0.0031728132996750565,-0.003438072596969097,-0.006693164533806914,-0.008776933007830497,-0.010646500576983072,-0.006545496803052928,-0.006133412678002437,0.11618756805978674,-1.8679290203852472,Q1 low
2025-12-23,0.0352,0.0344001545595054,0.0378029000448109,0.03930354878135039,0.04492043719923732,0.047421573015242385,-0.0024096539019058637,-0.0023168490102587723,-0.0048968141141942055,-0.005790827929698119,-0.0064247314483110406,-0.0043677752808736,-0.004451655184514458,0.1178693255532747,-1.4342141871010332,Q1 low
2025-12-24,0.035,0.03440008695652174,0.037402349187737535,0.03910354946686226,0.044368624195336256,0.04712157925000702,-0.0027850096221432655,-0.0034329180554239294,-0.006686472330407235,-0.00817484748050782,-0.008955704592115178,-0.0060069904161194855,-0.0036241731355992624,0.11869680760218992,-1.2155755566502682,Q2
2025-12-25,0.035,0.03440008695652174,0.037402349187737535,0.03910354946686226,0.044368624195336256,0.04712157925000702,-0.002590222414064354,-0.003149098164169846,-0.006233035765032853,-0.006976839696611543,-0.007262865568806827,-0.005242412321737085,-0.0036241731355992624,0.11869680760218992,-1.1958512959211742,Q2
2025-12-26,0.0349,0.03430008696492414,0.03700185626800431,0.038903550152638994,0.04416862779160309,0.04725675383168281,-0.002017367030313134,-0.003425307580339377,-0.006228694140520575,-0.007569735863144523,-0.006415334228217552,-0.005131287768507032,-0.0021838027128718296,0.12013717802491734,-0.8375662105615704,Q2
2025-12-29,0.0348,0.034200086973328186,0.03630104418443355,0.03910463842754966,0.04406862959025735,0.04682158548837647,-0.001633523752950445,-0.003978607085453717,-0.00622276269354804,-0.008757099081866388,-0.0097924688571912,-0.0060768922942019575,-0.0038942111705869698,0.1184267695672022,-1.2284939972114126,Q1 low
2025-12-30,0.0347,0.034300038658548374,0.03600072510471854,0.03950587126617097,0.04416862779160309,0.04725675383168281,-0.002201074840865247,-0.00453270460195383,-0.006666728106475128,-0.009348817607910353,-0.009788922243791864,-0.006507649480199285,-0.0017937109023269948,0.12052726983546216,-0.711625244464812,Q2
2025-12-31,0.0348,0.03460000966370314,0.037101856088556484,0.04000586843035933,0.0446686188035389,0.047421573015242385,-0.00124764983679333,-0.002290021459440861,-0.0030694019177146094,-0.003964734762962619,-0.004704457739000367,-0.003055253143182357,-0.002848192676445205,0.11947278806134395,-0.9525347584097427,Q2
2026-01-01,0.0348,0.03460000966370314,0.037101856088556484,0.04000586843035933,0.0446686188035389,0.047421573015242385,-0.0010553452530122744,-0.0014475121199718057,-0.00261709453686827,-0.0039619599467275,-0.006398202943412046,-0.003096022959998379,-0.002848192676445205,0.11947278806134395,-0.9375179748995958,Q2
2026-01-02,0.0347,0.0347,0.037101856088556484,0.04025653869577946,0.044768617006966806,0.047521570937788075,-0.002004725302700549,-0.0025671648673174278,-0.003966106063769214,-0.005758745366552942,-0.008091307950558213,-0.004477609910179669,-0.0025908486404449815,0.1197301320973442,-0.8609924648926016,Q2
2026-01-05,0.0347,0.03450000966463708,0.03670142115941339,0.0398058695643552,0.04446862239772355,0.04755674706334483,-0.0021924787658408923,-0.0031246668162737174,-0.005310095166737142,-0.006950411093473777,-0.008933102614677339,-0.005302150891400573,-0.001407847601742257,0.12091313313604693,-0.5608891082863957,Q2
2026-01-06,0.0348,0.03460000966370314,0.03680142102203252,0.0399058689973025,0.044568620600457784,0.04765674480810139,-0.0020007133617919526,-0.002843058728056882,-0.0048589970382604064,-0.006948046567578061,-0.008931141160769963,-0.005116391371291453,-0.0011291073044208122,0.12119187343336835,-0.4809960088476158,Q3
2026-01-07,0.0348,0.03460000966370314,0.03650104398256127,0.03955523542225409,0.044368624195336256,0.04712157925000702,-0.00010094535527089415,-0.0006047026037660566,-0.0017183510937168259,-0.0033665096337994263,-0.004717152654095509,-0.0021015322681297425,-0.0029463443743656115,0.11937463636342356,-0.9168071265236388,Q2
2026-01-08,0.0348,0.03500000966370313,0.03700142074735046,0.040105867863525685,0.044768617006966806,0.047521570937788075,-0.00029353697742360825,-0.00032580097590649256,-0.0008172352118765822,-0.0015641989501940898,-0.002164301025529763,-0.0010330146281861071,-0.00201134620271165,0.12030963453507752,-0.6713920118386524,Q2
2026-01-09,0.0352,0.035600038639876354,0.03690072447433484,0.03990463484448503,0.044516883731598594,0.04718647662937724,0.0010360624359419326,0.000794078598928806,8.228183269080175e-05,-0.0009653756563348867,-0.0030153939530324844,-0.00041366934836116617,-0.0014527333767814232,0.12086824736100774,-0.5191048817440871,Q2
2026-01-12,0.0353,0.03550000965903603,0.03690072447433484,0.040405866163681595,0.044716880474396314,0.04705145387440782,0.0016039420488283239,0.002475948066260194,0.003240995475749766,0.003245062858961336,0.00293700439041358,0.00270059056804264,-0.003042864954677149,0.11927811578311202,-0.9107319954230444,Q2
2026-01-13,0.0351,0.03550003864360931,0.03650046369343943,0.04020586729680154,0.044516883731598594,0.04718647662937724,7.57545821133492e-05,0.0005044746069285482,7.325072609016539e-05,-0.0003735497324396848,0.00037310288248832693,0.000130606613036141,-0.001470139455494568,0.12085084128229459,-0.49587988056691906,Q2
2026-01-14,0.035,0.035200009661835736,0.03660072468434092,0.0396046361874854,0.044216888619759594,0.046886482353810585,0.000644468857565853,0.0019049100038234157,0.002323769640739318,0.0032259356424714147,0.0054732338034816285,0.002714463589616326,-0.0024221746753658457,0.11989880606242331,-0.7290920113242463,Q2
2026-01-15,0.0354,0.03580003863241259,0.03740104307510116,0.03995407234863687,0.04436523389444768,0.04661651154245737,0.0029284144978330906,0.005279236111780486,0.007304552068145723,0.009271286442123265,0.011478083961321654,0.007252314616240843,-0.0034832229986022645,0.11883775773918691,-0.9917598965792435,Q2
2026-01-16,0.0355,0.03630015451472719,0.03830185393788607,0.040454070384071394,0.045216872336886205,0.04755144515610162,0.0034940944606259164,0.006682687263378993,0.009573843251939482,0.01291943852185655,0.017541260438153558,0.0100422647871909,-0.0016609760409757313,0.12066000469681343,-0.5012749789042726,Q2
2026-01-19,0.0355,0.03630015451472719,0.03830185393788607,0.040454070384071394,0.045216872336886205,0.04755144515610162,0.0029132502036876323,0.00554312092636625,0.008654173122635642,0.012301085446658675,0.016665398139802976,0.009215405567830234,-0.0016609760409757313,0.12066000469681343,-0.4891574063923297,Q2
2026-01-20,0.0353,0.0367004732927654,0.038401853758888486,0.04130586107005327,0.04632040962137636,0.048151434705201585,0.002334621598603679,0.004971015294901546,0.009102158179142759,0.013514842056536,0.018398999836580696,0.009664327393152936,-0.0025294441788091537,0.11979153655898003,-0.7141972446275661,Q2
2026-01-21,0.0353,0.0367004732927654,0.0378010426722917,0.04085522885471794,0.045668600853406356,0.04775144167112769,0.0023298325422336044,0.004400909972612757,0.008185745278831405,0.011682410046162309,0.01579663819163522,0.008479107206295059,-0.0016675151699850066,0.12065346556780417,-0.46520633724941096,Q2
2026-01-22,0.0353,0.03690061817830581,0.038201419101485494,0.04105522784578996,0.045516867458145004,0.04751649724768507,0.0023254393547084058,0.00495892279243614,0.00908931946717694,0.012284266671556012,0.01579015544060402,0.008889620745296303,-0.0020135254423110927,0.1203074552954781,-0.5490688861293822,Q2
2026-01-23,0.0353,0.0367004732927654,0.03810141923849522,0.04095522835020528,0.04506522361567502,0.047316500422161706,0.0030829030665095432,0.006079036314880768,0.0113556708416182,0.014708549869599515,0.01837532876448383,0.010720297771418372,-0.0014663055501427102,0.12085467518764646,-0.3817102561436172,Q2
2026-01-26,0.0352,0.0360001545595054,0.03860289780380823,0.04060463171384136,0.045216872336886205,0.046881633836898515,0.0023129354855114114,0.005787394855115743,0.010433603662392252,0.014088269968024522,0.016633626674553745,0.009851166129119534,-0.005808570524128032,0.11651241021366116,-1.601792820406074,Q1 low
2026-01-27,0.035,0.035600086956521726,0.038904174315735944,0.04050463216081724,0.04582041946206441,0.047316500422161706,0.0013545149835364795,0.004368395910815535,0.009057361433936126,0.012857867222572681,0.016625132976843125,0.008852654505540788,-0.007019603345813141,0.11530137739197602,-1.9203680106866974,Q1 low
2026-01-28,0.0352,0.0360001545595054,0.03860289780380823,0.04085522885471794,0.046020415524650665,0.04751649724768507,0.001922500678651266,0.004643323335324105,0.009959720457613034,0.014068572808143413,0.018352369101102356,0.009789297276166835,-0.0058996860978648424,0.11642129463992434,-1.5703202549853805,Q1 low
2026-01-29,0.035,0.035600086956521726,0.03830289864377825,0.04055523036884029,0.04536860623481092,0.04778646519042703,0.0013460780911455795,0.0037912875338383546,0.008585756052195097,0.011625222188660316,0.01661070414004047,0.008391809601175963,-0.00249892652776304,0.11982205421002613,-0.5866797155536047,Q2
